<?xml version="1.0" encoding="UTF-8" standalone="no"?>
<installcomponents>
    <installcomponent buildType="formal" currenttimestamp="05-19-2010-11-57-AM" prefix="assembly_tibco" sizeinbytes="221432.0" uid="com_tibco_commonlogging_payload_feature" version="1.0.0.008">
        <file loc="features/com.tibco.commonlogging.payload.feature_1.0.0.008/feature.properties" perm="664" timestamp="1274295369000"/>
        <file loc="features/com.tibco.commonlogging.payload.feature_1.0.0.008/feature.xml" perm="664" timestamp="1274295369000"/>
        <file loc="features/com.tibco.commonlogging.payload.feature_1.0.0.008/license.txt" perm="664" timestamp="1274295369000"/>
        <file loc="plugins/com.tibco.commonlogging.payload_1.0.0.004.jar" perm="664" timestamp="1274295369000"/>
        <file loc="plugins/com.tibco.payload.service.impl_1.0.0.004.jar" perm="664" timestamp="1274295370000"/>
        <file loc="plugins/com.tibco.payload.webapp.impl_1.0.0.002.jar" perm="664" timestamp="1274295376000"/>
    </installcomponent>
    <directorylist>
        <dir loc="features" perm="664"/>
        <dir loc="features/com.tibco.commonlogging.payload.feature_1.0.0.008" perm="664"/>
        <dir loc="plugins" perm="664"/>
    </directorylist>
</installcomponents>
