<?xml version="1.0" encoding="UTF-8" standalone="no"?>
<installcomponents>
    <assemblyProperties displayName="Third Party Core Libraries - XercesJ" installLocation="${tpcl.home}"/>
    <installcomponent buildType="formal" currenttimestamp="10-23-2012-07-08-PM" prefix="product_tibco" sizeinbytes="1239978" uid="tpcl_xercesj" version="2.9.1.003">
        <file loc="lib/xmlParserAPIs.jar" md5sum="0269620bf6621574748d1d577a65eec9" perm="555" sizeinbytes="2497" timestamp="1266941596000"/>
        <file loc="lib/xercesImpl.jar" md5sum="da09b75b562ca9a8e9a535d2148be8e4" perm="555" sizeinbytes="1229289" timestamp="1189827214000"/>
    </installcomponent>
    <directorylist>
        <dir loc="lib" perm="664" sizeinbytes="1235882"/>
    </directorylist>
</installcomponents>
