<?xml version="1.0" encoding="UTF-8"?>
<feature
      id="com.tibco.tpcl.org.mortbay.jetty.feature"
      label="%featureName"
      version="6.1.20.002"
      provider-name="%providerName">

   <description>
      %description
   </description>

   <copyright>
      %copyright
   </copyright>

   <license url="%licenseURL">
      %license
   </license>

   <requires>
      <import feature="com.tibco.tpcl.javax.system.exports.feature" version="5.0.0"/>
      <import feature="com.tibco.tpcl.javax.servlet.feature" version="2.5.100"/>
      <import feature="com.tibco.tpcl.org.slf4j.log4j12.feature" version="1.5.2" match="compatible"/>
   </requires>

   <plugin
         id="com.tibco.tpcl.org.mortbay.jetty"
         download-size="0"
         install-size="0"
         version="6.1.20.002"/>

</feature>
