<?xml version="1.0" encoding="UTF-8" standalone="no"?>
<installcomponents>
    <assemblyProperties description="TIBCO GWrapper Executable" installLocation="${tibco.home}/tools/wrapper"/>
    <installcomponent buildType="formal" currenttimestamp="11-06-2012-12-29-AM" prefix="product_tibco" sizeinbytes="773736" uid="gwrapper" version="2.3.0.007">
        <file loc="gwrap.exe" md5sum="f9026e48bf2ba3497ab82056edc24bf7" perm="775" sizeinbytes="279416" timestamp="1352188027000"/>
        <file loc="32/gwrap.exe" md5sum="014d014ac27543e216d0b84a9c79b0bd" perm="775" sizeinbytes="202616" timestamp="1352187152000"/>
        <file loc="64/gwrap.exe" md5sum="f9026e48bf2ba3497ab82056edc24bf7" perm="775" sizeinbytes="279416" timestamp="1352188027000"/>
    </installcomponent>
    <directorylist>
        <dir loc="32" perm="664" sizeinbytes="206712"/>
        <dir loc="64" perm="664" sizeinbytes="283512"/>
    </directorylist>
</installcomponents>
