<?xml version="1.0" encoding="UTF-8" standalone="no"?>
<installcomponents>
    <installcomponent buildType="formal" currenttimestamp="02-22-2012-06-19-AM" prefix="assembly_tibco" sizeinbytes="120713" uid="com_tibco_hawk_ami_feature" version="4.9.0.010">
        <file loc="features/com.tibco.hawk.ami.feature_4.9.0.010/feature.xml" md5sum="9727df7566867ff08512fbeb9445f4b5" perm="664" sizeinbytes="1145" timestamp="1329920516000"/>
        <file loc="features/com.tibco.hawk.ami.feature_4.9.0.010/feature.properties" md5sum="1fde1c35a18615bc74eeef46534cf021" perm="664" sizeinbytes="367" timestamp="1329920516000"/>
        <file loc="features/com.tibco.hawk.ami.feature_4.9.0.010/license.txt" md5sum="b2aa4fa1a20971f45eb3c7a312ac7c30" perm="664" sizeinbytes="84" timestamp="1329920516000"/>
        <file loc="plugins/com.tibco.hawk.ami_4.9.0.009.jar" md5sum="1e962d50cf6a3caac92b51b856fe313d" perm="664" sizeinbytes="102733" timestamp="1329920517000"/>
    </installcomponent>
    <directorylist>
        <dir loc="features" perm="664" sizeinbytes="9788"/>
        <dir loc="features/com.tibco.hawk.ami.feature_4.9.0.010" perm="664" sizeinbytes="5692"/>
        <dir loc="plugins" perm="664" sizeinbytes="106829"/>
    </directorylist>
</installcomponents>
