<?xml version="1.0" encoding="UTF-8"?>
<feature
      id="com.tibco.commonlogging.payload.feature"
      label="%featureName"
      version="1.0.0.008"
      provider-name="%providerName">

   <description>
      %description
   </description>

   <copyright>
      %copyright
   </copyright>

   <license url="http://www.example.com/license">
      %license
   </license>

   <requires>
      <import feature="com.tibco.commonlogging.logclient.feature" version="2.1.0" match="compatible"/>
      <import feature="com.tibco.corona.eventformat.model.feature" version="2.1.0" match="compatible"/>
      <import feature="com.tibco.amf.sharedresource.teneo.runtime.core.feature" version="1.1.0" match="compatible"/>
      <import feature="com.tibco.amf.sharedresource.runtime.core.feature" version="1.2.0" match="compatible"/>
      <import feature="com.tibco.amf.platform.runtime.api.feature" version="1.2.0" match="compatible"/>
      <import feature="com.tibco.tpcl.org.mortbay.jetty.feature" version="6.1.20" match="compatible"/>
      <import feature="com.tibco.tpcl.emf" version="2.4.2" match="compatible"/>
      <import feature="com.tibco.tpcl.orm" version="2.0.100" match="compatible"/>
      <import feature="com.tibco.tpcl.org.apache.xmlbeans.feature" version="2.4.100" match="compatible"/>
   </requires>

   <plugin
         id="com.tibco.commonlogging.payload"
         download-size="0"
         install-size="0"
         version="1.0.0.004"
         unpack="false"/>

   <plugin
         id="com.tibco.payload.service.impl"
         download-size="0"
         install-size="0"
         version="1.0.0.004"
         unpack="false"/>

   <plugin
         id="com.tibco.payload.webapp.impl"
         download-size="0"
         install-size="0"
         version="1.0.0.002"
         unpack="false"/>

</feature>
