<?xml version="1.0" encoding="UTF-8" standalone="no"?>
<installcomponents>
    <assemblyProperties displayName="TIBCO Hawk AMI 64bit" installLocation="${hawk.home}"/>
    <installcomponent buildType="formal" currenttimestamp="11-19-2010-02-54-PM" prefix="product_tibco" sizeinbytes="879050" uid="hawk_ami_64bit" version="4.9.0.028">
        <file loc="ami_api/lib/libtibhawkamimt.lib" perm="644" sizeinbytes="227726" timestamp="1289872249000"/>
        <file loc="ami_api/lib/libtibhawkamicppmd.lib" perm="644" sizeinbytes="163798" timestamp="1289872249000"/>
        <file loc="ami_api/lib/libtibhawkamimd.lib" perm="644" sizeinbytes="229160" timestamp="1289872249000"/>
        <file loc="ami_api/lib/tibhawkami.lib" perm="644" sizeinbytes="13566" timestamp="1289872249000"/>
        <file loc="ami_api/lib/libtibhawkamicppmt.lib" perm="644" sizeinbytes="161856" timestamp="1289872249000"/>
        <file loc="ami_api/bin/tibhawkami.dll" perm="644" sizeinbytes="66560" timestamp="1289872249000"/>
    </installcomponent>
    <directorylist>
        <dir loc="ami_api" perm="664" sizeinbytes="874954"/>
        <dir loc="ami_api/lib" perm="664" sizeinbytes="800202"/>
        <dir loc="ami_api/bin" perm="664" sizeinbytes="70656"/>
    </directorylist>
</installcomponents>
