<?xml version="1.0" encoding="UTF-8" standalone="no"?>
<installcomponents>
    <assemblyProperties displayName="TIBCO Runtime Agent Hotfix" installLocation="${tra.home.esc}"/>
    <installcomponent buildType="formal" currenttimestamp="07-23-2012-02-05-PM" prefix="product_tibco" sizeinbytes="28672" uid="tra_hotfix" version="5.8.100.001"/>
    <directorylist>
        <dir loc="hotfix" perm="664" sizeinbytes="24576"/>
        <dir isEmpty="true" loc="hotfix/lib" perm="664" sizeinbytes="4096"/>
        <dir loc="hotfix/icjava" perm="664" sizeinbytes="12288"/>
        <dir loc="hotfix/icjava/6.2" perm="664" sizeinbytes="8192"/>
        <dir isEmpty="true" loc="hotfix/icjava/6.2/lib" perm="664" sizeinbytes="4096"/>
        <dir isEmpty="true" loc="hotfix/bin" perm="664" sizeinbytes="4096"/>
    </directorylist>
</installcomponents>
