<?xml version="1.0" encoding="UTF-8" standalone="no"?>
<installcomponents>
    <assemblyProperties displayName="Third Party Core Libraries - XercesC" installLocation="${tpcl.home}"/>
    <installcomponent buildType="formal" currenttimestamp="10-23-2012-07-38-PM" prefix="product_tibco" sizeinbytes="19632460" uid="tpcl_xercesc" version="2.1.0.003">
        <file loc="include/xercesc/parsers/SAXParser.hpp" md5sum="1347368ce5bdb87dd3b5989810c5225a" perm="555" sizeinbytes="74394" timestamp="1042486084000"/>
        <file loc="include/xercesc/parsers/DOMBuilderImpl.hpp" md5sum="d4807a11e6334f4b64f1403c5179c80d" perm="555" sizeinbytes="35667" timestamp="1042486084000"/>
        <file loc="include/xercesc/parsers/AbstractDOMParser.hpp" md5sum="0c1c659d45193b10da367890412c9e7b" perm="555" sizeinbytes="54916" timestamp="1042486084000"/>
        <file loc="include/xercesc/parsers/SAX2XMLReaderImpl.hpp" md5sum="486053745b13da990fc8c34c2af44e53" perm="555" sizeinbytes="73100" timestamp="1042486084000"/>
        <file loc="include/xercesc/parsers/XercesDOMParser.hpp" md5sum="0e79a6eee50d66d5da33a4ff060ab270" perm="555" sizeinbytes="24822" timestamp="1042486084000"/>
        <file loc="include/xercesc/validators/common/CMStateSet.hpp" md5sum="a799d4efaa453c21b3ed65714fe589f3" perm="555" sizeinbytes="12839" timestamp="1042486088000"/>
        <file loc="include/xercesc/validators/common/ContentLeafNameTypeVector.hpp" md5sum="df784ea024fde2adcf73b7a4dfe8f014" perm="555" sizeinbytes="6513" timestamp="1042486088000"/>
        <file loc="include/xercesc/validators/common/ContentSpecNode.hpp" md5sum="e5ee4a5d288e1064b0522aa82a5c4ebc" perm="555" sizeinbytes="16574" timestamp="1042486088000"/>
        <file loc="include/xercesc/validators/common/DFAContentModel.hpp" md5sum="f34a9cd190d9177e247509131b14918e" perm="555" sizeinbytes="13544" timestamp="1042486088000"/>
        <file loc="include/xercesc/validators/common/CMUnaryOp.hpp" md5sum="519a88560a5f01f6715fab7cd54a6f0f" perm="555" sizeinbytes="5895" timestamp="1042486088000"/>
        <file loc="include/xercesc/validators/common/GrammarResolver.hpp" md5sum="f675028c18ad08fe0d8e375ca6b1aaa0" perm="555" sizeinbytes="7911" timestamp="1042486088000"/>
        <file loc="include/xercesc/validators/common/MixedContentModel.hpp" md5sum="f2ee8f96cd5de680f2e978c998590da0" perm="555" sizeinbytes="10477" timestamp="1042486088000"/>
        <file loc="include/xercesc/validators/common/CMAny.hpp" md5sum="fb3c1c3f18747c942ce7908161b2e946" perm="555" sizeinbytes="5562" timestamp="1042486088000"/>
        <file loc="include/xercesc/validators/common/Grammar.hpp" md5sum="bb9f66e55d9a54d025ec969cee6138c9" perm="555" sizeinbytes="8493" timestamp="1042486088000"/>
        <file loc="include/xercesc/validators/common/AllContentModel.hpp" md5sum="b4579bd6677f7a5b6d1950e70fa31761" perm="555" sizeinbytes="7537" timestamp="1042486088000"/>
        <file loc="include/xercesc/validators/common/CMLeaf.hpp" md5sum="ca394c9db993f4dca901482241cb7676" perm="555" sizeinbytes="11350" timestamp="1042486088000"/>
        <file loc="include/xercesc/validators/common/CMNode.hpp" md5sum="69090c8e188131d51eba7ee7af6e6d2e" perm="555" sizeinbytes="9166" timestamp="1042486088000"/>
        <file loc="include/xercesc/validators/common/SimpleContentModel.hpp" md5sum="51815ea49c0c98e30c87da9dcefcc28b" perm="555" sizeinbytes="10621" timestamp="1042486088000"/>
        <file loc="include/xercesc/validators/common/CMBinaryOp.hpp" md5sum="f5b070e5207277f32545bcb89e9789a7" perm="555" sizeinbytes="6016" timestamp="1042486088000"/>
        <file loc="include/xercesc/validators/schema/identity/FieldValueMap.hpp" md5sum="cdd2ef52de57de03af8cfb8d28f09aea" perm="555" sizeinbytes="8016" timestamp="1042486088000"/>
        <file loc="include/xercesc/validators/schema/identity/XPathException.hpp" md5sum="510758be1fffa42966c68ab508fbeb59" perm="555" sizeinbytes="3091" timestamp="1042486089000"/>
        <file loc="include/xercesc/validators/schema/identity/IdentityConstraint.hpp" md5sum="ce58a23e91b29424ef7cb0cc61b4cefc" perm="555" sizeinbytes="8313" timestamp="1042486088000"/>
        <file loc="include/xercesc/validators/schema/identity/IC_KeyRef.hpp" md5sum="f7c55262af1fdc4e3e65ba575c7c179a" perm="555" sizeinbytes="4815" timestamp="1042486088000"/>
        <file loc="include/xercesc/validators/schema/identity/IC_Selector.hpp" md5sum="e3ca2a2f0f5eef9271fd50ec224c83e5" perm="555" sizeinbytes="7483" timestamp="1042486088000"/>
        <file loc="include/xercesc/validators/schema/identity/XPathSymbols.hpp" md5sum="58dae9422f7b63ad3b3e726b7fa4f09c" perm="555" sizeinbytes="4288" timestamp="1042486089000"/>
        <file loc="include/xercesc/validators/schema/identity/XercesXPath.hpp" md5sum="6c40d60159602b13ec36f7bc45e6ce7d" perm="555" sizeinbytes="21031" timestamp="1042486089000"/>
        <file loc="include/xercesc/validators/schema/identity/IC_Field.hpp" md5sum="c89df4e6dabbf7e29b14743c35818eb0" perm="555" sizeinbytes="7538" timestamp="1042486088000"/>
        <file loc="include/xercesc/validators/schema/identity/FieldActivator.hpp" md5sum="57daa809f2e761d965f0e93405a0623c" perm="555" sizeinbytes="6243" timestamp="1042486088000"/>
        <file loc="include/xercesc/validators/schema/identity/ValueStore.hpp" md5sum="a0ef592cca860aa9f186b8b5456c4b5c" perm="555" sizeinbytes="7161" timestamp="1042486089000"/>
        <file loc="include/xercesc/validators/schema/identity/XPathMatcherStack.hpp" md5sum="3b9e4139377a808e44d98011e24a299b" perm="555" sizeinbytes="6634" timestamp="1042486089000"/>
        <file loc="include/xercesc/validators/schema/identity/ValueStoreCache.hpp" md5sum="98e010fd7b74a315533204a55a4b0906" perm="555" sizeinbytes="9030" timestamp="1042486089000"/>
        <file loc="include/xercesc/validators/schema/identity/IC_Unique.hpp" md5sum="16d7f214c834dfc69ed6085ad0f3bc4c" perm="555" sizeinbytes="4482" timestamp="1042486088000"/>
        <file loc="include/xercesc/validators/schema/identity/IC_Key.hpp" md5sum="ad3648c655a4fd521dd2cff62e1ab59e" perm="555" sizeinbytes="4385" timestamp="1042486088000"/>
        <file loc="include/xercesc/validators/schema/identity/XPathMatcher.hpp" md5sum="dbff7a86e5b5a563079f76db138ce302" perm="555" sizeinbytes="8229" timestamp="1042486089000"/>
        <file loc="include/xercesc/validators/schema/SchemaValidator.hpp" md5sum="95483ae305083749c7f46d488ef7bf07" perm="555" sizeinbytes="19485" timestamp="1042486088000"/>
        <file loc="include/xercesc/validators/schema/TraverseSchema.hpp" md5sum="71c75d4c9f424de0bd91e8fd62ebad1d" perm="555" sizeinbytes="42714" timestamp="1042486088000"/>
        <file loc="include/xercesc/validators/schema/SchemaSymbols.hpp" md5sum="60a9c9845bea5727df6b468c2e35ec70" perm="555" sizeinbytes="11009" timestamp="1042486088000"/>
        <file loc="include/xercesc/validators/schema/XercesAttGroupInfo.hpp" md5sum="8bf7c96958b0e30a1f758ef4975a5cfb" perm="555" sizeinbytes="8751" timestamp="1042486088000"/>
        <file loc="include/xercesc/validators/schema/XercesElementWildcard.hpp" md5sum="bb3182b7901f5b49dffbf205a22807a7" perm="555" sizeinbytes="5463" timestamp="1042486088000"/>
        <file loc="include/xercesc/validators/schema/SchemaInfo.hpp" md5sum="7656e52bb961e2d6c354dcd706de57e7" perm="555" sizeinbytes="15577" timestamp="1042486088000"/>
        <file loc="include/xercesc/validators/schema/SchemaAttDefList.hpp" md5sum="09281e69b900e639534a6a8ed048d8d5" perm="555" sizeinbytes="5957" timestamp="1042486088000"/>
        <file loc="include/xercesc/validators/schema/XSDErrorReporter.hpp" md5sum="64c4e8b9a9e2257dee5e63165d02aadc" perm="555" sizeinbytes="6340" timestamp="1042486088000"/>
        <file loc="include/xercesc/validators/schema/SchemaAttDef.hpp" md5sum="f36757f504116881f3bf33e12f1d4219" perm="555" sizeinbytes="8933" timestamp="1042486088000"/>
        <file loc="include/xercesc/validators/schema/XSDDOMParser.hpp" md5sum="366b90e078a6f523b9bf307b44ac742f" perm="555" sizeinbytes="6101" timestamp="1042486088000"/>
        <file loc="include/xercesc/validators/schema/SchemaElementDecl.hpp" md5sum="dab93289294e3a9ba360731134e82261" perm="555" sizeinbytes="18946" timestamp="1042486088000"/>
        <file loc="include/xercesc/validators/schema/SchemaGrammar.hpp" md5sum="36f99ff0fe66d5b804bf8eefe4e0e298" perm="555" sizeinbytes="20996" timestamp="1042486088000"/>
        <file loc="include/xercesc/validators/schema/SubstitutionGroupComparator.hpp" md5sum="610077a55db938ae84eb3352bc0dd564" perm="555" sizeinbytes="6189" timestamp="1042486088000"/>
        <file loc="include/xercesc/validators/schema/XUtil.hpp" md5sum="8a38044a9ac0b9d3c945367e951dfd78" perm="555" sizeinbytes="5060" timestamp="1042486088000"/>
        <file loc="include/xercesc/validators/schema/ComplexTypeInfo.hpp" md5sum="b2537df733bee67f6a5aa5672ca2389e" perm="555" sizeinbytes="17405" timestamp="1042486088000"/>
        <file loc="include/xercesc/validators/schema/XSDLocator.hpp" md5sum="6e4e2727890ab1e8fd6ea00e9e3d6763" perm="555" sizeinbytes="6271" timestamp="1042486088000"/>
        <file loc="include/xercesc/validators/schema/XercesGroupInfo.hpp" md5sum="9b59f1934c9dc4695d63784c2dc6b2c5" perm="555" sizeinbytes="7792" timestamp="1042486088000"/>
        <file loc="include/xercesc/validators/schema/NamespaceScope.hpp" md5sum="0efe91c6caf40255b1a252a0d00350b8" perm="555" sizeinbytes="7873" timestamp="1042486088000"/>
        <file loc="include/xercesc/validators/schema/GeneralAttributeCheck.hpp" md5sum="5c9e0b6ecf5ac8f1e2289f24b8b219a4" perm="555" sizeinbytes="10993" timestamp="1042486088000"/>
        <file loc="include/xercesc/validators/DTD/DTDAttDef.hpp" md5sum="8653650897c01e5c8664e716109b8961" perm="555" sizeinbytes="7038" timestamp="1042486088000"/>
        <file loc="include/xercesc/validators/DTD/DTDValidator.hpp" md5sum="af52eb07281c6327f4ef45ec2c9c9193" perm="555" sizeinbytes="9452" timestamp="1042486088000"/>
        <file loc="include/xercesc/validators/DTD/DocTypeHandler.hpp" md5sum="34ec8c53ec896e4bd0ab6dc1617dcd80" perm="555" sizeinbytes="6980" timestamp="1042486088000"/>
        <file loc="include/xercesc/validators/DTD/DTDGrammar.hpp" md5sum="0e8096462343a9d57ca581b603c3c013" perm="555" sizeinbytes="15800" timestamp="1042486088000"/>
        <file loc="include/xercesc/validators/DTD/DTDEntityDecl.hpp" md5sum="3386457c922bbb6dfba9630d1a3b815c" perm="555" sizeinbytes="8996" timestamp="1042486088000"/>
        <file loc="include/xercesc/validators/DTD/DTDScanner.hpp" md5sum="f3724659be43d61d3f7ba2964de826bd" perm="555" sizeinbytes="12846" timestamp="1042486088000"/>
        <file loc="include/xercesc/validators/DTD/DTDElementDecl.hpp" md5sum="34f00975f735c4208a895f9bc616bcdd" perm="555" sizeinbytes="12257" timestamp="1042486088000"/>
        <file loc="include/xercesc/validators/DTD/DTDAttDefList.hpp" md5sum="fb08b0ff227fb4e50ef1ea5ff50c0d82" perm="555" sizeinbytes="6254" timestamp="1042486088000"/>
        <file loc="include/xercesc/validators/datatype/DateTimeDatatypeValidator.hpp" md5sum="29dc4a63f0f1a10b28c669e73d7f16cf" perm="555" sizeinbytes="4788" timestamp="1042486088000"/>
        <file loc="include/xercesc/validators/datatype/IDREFDatatypeValidator.hpp" md5sum="9274727e8285e1b7e45d84e6e3873020" perm="555" sizeinbytes="7014" timestamp="1042486088000"/>
        <file loc="include/xercesc/validators/datatype/UnionDatatypeValidator.hpp" md5sum="50b2133917df8cde3807744bec985c0d" perm="555" sizeinbytes="11210" timestamp="1042486088000"/>
        <file loc="include/xercesc/validators/datatype/DatatypeValidator.hpp" md5sum="81295a9a566a155689da7d4301e71839" perm="555" sizeinbytes="14777" timestamp="1042486088000"/>
        <file loc="include/xercesc/validators/datatype/DurationDatatypeValidator.hpp" md5sum="5e12a0b685081597347ed6e25e0611bc" perm="555" sizeinbytes="5012" timestamp="1042486088000"/>
        <file loc="include/xercesc/validators/datatype/DateTimeValidator.hpp" md5sum="e7ad9c1dc18e31f2ff467abd04b518ce" perm="555" sizeinbytes="5931" timestamp="1042486088000"/>
        <file loc="include/xercesc/validators/datatype/AbstractNumericValidator.hpp" md5sum="821d4e4f129f155767dbf6e6f8b043bd" perm="555" sizeinbytes="5015" timestamp="1042486088000"/>
        <file loc="include/xercesc/validators/datatype/NCNameDatatypeValidator.hpp" md5sum="e8f0dd5cd537cb9365bb36f7c443e235" perm="555" sizeinbytes="6349" timestamp="1042486088000"/>
        <file loc="include/xercesc/validators/datatype/TimeDatatypeValidator.hpp" md5sum="1fbce3e8fefb5bef69864cb684e854a2" perm="555" sizeinbytes="4781" timestamp="1042486088000"/>
        <file loc="include/xercesc/validators/datatype/AnySimpleTypeDatatypeValidator.hpp" md5sum="cba94ee04bb54ca4f068f938cf551972" perm="555" sizeinbytes="7067" timestamp="1042486088000"/>
        <file loc="include/xercesc/validators/datatype/YearDatatypeValidator.hpp" md5sum="2c4a6f48382e937db1197a10afa31d6c" perm="555" sizeinbytes="4740" timestamp="1042486088000"/>
        <file loc="include/xercesc/validators/datatype/AbstractNumericFacetValidator.hpp" md5sum="9a110ab7d415d65e57dacfe2819cbcdc" perm="555" sizeinbytes="8168" timestamp="1042486088000"/>
        <file loc="include/xercesc/validators/datatype/DateDatatypeValidator.hpp" md5sum="fe54f7ed915becc3779a4de0cda813bb" perm="555" sizeinbytes="4740" timestamp="1042486088000"/>
        <file loc="include/xercesc/validators/datatype/MonthDayDatatypeValidator.hpp" md5sum="03db1aa7350c864fcc8ac329a537577f" perm="555" sizeinbytes="4788" timestamp="1042486088000"/>
        <file loc="include/xercesc/validators/datatype/NameDatatypeValidator.hpp" md5sum="4ee9eab1155305222551429bea349b73" perm="555" sizeinbytes="6323" timestamp="1042486088000"/>
        <file loc="include/xercesc/validators/datatype/QNameDatatypeValidator.hpp" md5sum="4a87849562e390dbb9f5714a14fc81b6" perm="555" sizeinbytes="5699" timestamp="1042486088000"/>
        <file loc="include/xercesc/validators/datatype/Base64BinaryDatatypeValidator.hpp" md5sum="f594abe3ed91544860725d10f01cd330" perm="555" sizeinbytes="5389" timestamp="1042486088000"/>
        <file loc="include/xercesc/validators/datatype/AnyURIDatatypeValidator.hpp" md5sum="4710ff0e3aa366625df86de4e1601a14" perm="555" sizeinbytes="6392" timestamp="1042486088000"/>
        <file loc="include/xercesc/validators/datatype/HexBinaryDatatypeValidator.hpp" md5sum="7a53062a67e8740fe2c82296f6fe97b9" perm="555" sizeinbytes="5343" timestamp="1042486088000"/>
        <file loc="include/xercesc/validators/datatype/StringDatatypeValidator.hpp" md5sum="d25ee9dd6d22a267b1bcc0a5048a4669" perm="555" sizeinbytes="6607" timestamp="1042486088000"/>
        <file loc="include/xercesc/validators/datatype/InvalidDatatypeFacetException.hpp" md5sum="fe6f3d3a54897d9340d2a136920938eb" perm="555" sizeinbytes="3148" timestamp="1042486088000"/>
        <file loc="include/xercesc/validators/datatype/ENTITYDatatypeValidator.hpp" md5sum="cec6194873ce0cf74d2c86c3af997838" perm="555" sizeinbytes="7600" timestamp="1042486088000"/>
        <file loc="include/xercesc/validators/datatype/MonthDatatypeValidator.hpp" md5sum="05106993caf7c42d622953b8b3cbc38d" perm="555" sizeinbytes="4752" timestamp="1042486088000"/>
        <file loc="include/xercesc/validators/datatype/DecimalDatatypeValidator.hpp" md5sum="0d9bf8e0b6480f0fde65c28cac6a4ebf" perm="555" sizeinbytes="8908" timestamp="1042486088000"/>
        <file loc="include/xercesc/validators/datatype/DatatypeValidatorFactory.hpp" md5sum="7fe6b33b6a5174495eb16e9f8a776904" perm="555" sizeinbytes="10340" timestamp="1042486088000"/>
        <file loc="include/xercesc/validators/datatype/DayDatatypeValidator.hpp" md5sum="c418ee2a5ad780333d07c9a0199ac918" perm="555" sizeinbytes="4726" timestamp="1042486088000"/>
        <file loc="include/xercesc/validators/datatype/NOTATIONDatatypeValidator.hpp" md5sum="89d42d106793b5455bc1b8a86f27319d" perm="555" sizeinbytes="5752" timestamp="1042486088000"/>
        <file loc="include/xercesc/validators/datatype/AbstractStringValidator.hpp" md5sum="9ad883f65bae931b2d124b936d7c9933" perm="555" sizeinbytes="10198" timestamp="1042486088000"/>
        <file loc="include/xercesc/validators/datatype/YearMonthDatatypeValidator.hpp" md5sum="1a3b6200ac5100f4e149abf4dd450949" perm="555" sizeinbytes="4800" timestamp="1042486088000"/>
        <file loc="include/xercesc/validators/datatype/InvalidDatatypeValueException.hpp" md5sum="95c651397a489fd1ed46a114fa2b58c9" perm="555" sizeinbytes="3148" timestamp="1042486088000"/>
        <file loc="include/xercesc/validators/datatype/FloatDatatypeValidator.hpp" md5sum="5e12e95a59987396b309bc731a06e6ea" perm="555" sizeinbytes="7228" timestamp="1042486088000"/>
        <file loc="include/xercesc/validators/datatype/DoubleDatatypeValidator.hpp" md5sum="077202f3cd3e6ccdb39f499e3bd3c9b0" perm="555" sizeinbytes="7228" timestamp="1042486088000"/>
        <file loc="include/xercesc/validators/datatype/IDDatatypeValidator.hpp" md5sum="ccc392dc891ddc2eaaab353f8d67e88f" perm="555" sizeinbytes="6932" timestamp="1042486088000"/>
        <file loc="include/xercesc/validators/datatype/BooleanDatatypeValidator.hpp" md5sum="fd75910762d3222c52742c7b5fa629a4" perm="555" sizeinbytes="7027" timestamp="1042486088000"/>
        <file loc="include/xercesc/validators/datatype/ListDatatypeValidator.hpp" md5sum="6878f477703a1d4d77b73859b08eca64" perm="555" sizeinbytes="9149" timestamp="1042486088000"/>
        <file loc="include/xercesc/sax2/LexicalHandler.hpp" md5sum="f80488d5a29f5ce2ce1ec1cdf0a43df1" perm="555" sizeinbytes="7566" timestamp="1042486084000"/>
        <file loc="include/xercesc/sax2/ContentHandler.hpp" md5sum="a37e5b9f5e0c6ea93d7cde6d9e02efc0" perm="555" sizeinbytes="15753" timestamp="1042486084000"/>
        <file loc="include/xercesc/sax2/DefaultHandler.hpp" md5sum="f377181f871bd450935bffc17871accb" perm="555" sizeinbytes="28647" timestamp="1042486084000"/>
        <file loc="include/xercesc/sax2/SAX2XMLReader.hpp" md5sum="86308d2b8ae4158f2e8b48eb4e671846" perm="555" sizeinbytes="40930" timestamp="1042486084000"/>
        <file loc="include/xercesc/sax2/Attributes.hpp" md5sum="e58115d839359b759c56e57d2cd534ef" perm="555" sizeinbytes="13626" timestamp="1042486084000"/>
        <file loc="include/xercesc/sax2/XMLReaderFactory.hpp" md5sum="4d22bb9da03d357e486ff0485caedb08" perm="555" sizeinbytes="4539" timestamp="1042486084000"/>
        <file loc="include/xercesc/sax2/DeclHandler.hpp" md5sum="76521ef3ec374a5435c745300fe14b77" perm="555" sizeinbytes="7827" timestamp="1042486084000"/>
        <file loc="include/xercesc/util/Transcoders/ICU/ICUTransService.hpp" md5sum="0f3fb0ebd1ff9e47968b4045c95f5644" perm="555" sizeinbytes="11439" timestamp="1042486087000"/>
        <file loc="include/xercesc/util/Transcoders/Iconv/IconvTransService.hpp" md5sum="9257dac90c5993b4a52058abe663759e" perm="555" sizeinbytes="9294" timestamp="1042486087000"/>
        <file loc="include/xercesc/util/Transcoders/Win32/Win32TransService.hpp" md5sum="202fe629cb5c8587f6d6f4cb246192fc" perm="555" sizeinbytes="11972" timestamp="1042486087000"/>
        <file loc="include/xercesc/util/XMLAbstractDoubleFloat.hpp" md5sum="07dca633b54003be98e16883b84c4fd7" perm="555" sizeinbytes="7608" timestamp="1042486085000"/>
        <file loc="include/xercesc/util/HashPtr.hpp" md5sum="4a393b469b367025a385a634e1d0092e" perm="555" sizeinbytes="3553" timestamp="1042486084000"/>
        <file loc="include/xercesc/util/CountedPointer.c" md5sum="485ead5ded21089215dfe60c55c4fe70" perm="555" sizeinbytes="5473" timestamp="1042486084000"/>
        <file loc="include/xercesc/util/RefHash2KeysTableOf.hpp" md5sum="77281c3a144b2d5c53eaeabc7d937387" perm="555" sizeinbytes="10725" timestamp="1042486085000"/>
        <file loc="include/xercesc/util/RefVectorOf.hpp" md5sum="71e6d21c697eefe0901e71c8d7783d02" perm="555" sizeinbytes="7747" timestamp="1042486085000"/>
        <file loc="include/xercesc/util/XMLDeleterFor.c" md5sum="f09dd0e251cac929e2709cfcc85a2625" perm="555" sizeinbytes="3868" timestamp="1042486085000"/>
        <file loc="include/xercesc/util/TransENameMap.c" md5sum="dce41e60c97c9612105d8f6183efa10b" perm="555" sizeinbytes="4715" timestamp="1042486085000"/>
        <file loc="include/xercesc/util/BinMemInputStream.hpp" md5sum="f4e2c93c0ce9e0321dbaaf7047101824" perm="555" sizeinbytes="6322" timestamp="1042486084000"/>
        <file loc="include/xercesc/util/RefHashTableOf.c" md5sum="e14b09487d36e36a2ed8c20cc5f596a2" perm="555" sizeinbytes="20076" timestamp="1042486085000"/>
        <file loc="include/xercesc/util/RefHash3KeysIdPool.hpp" md5sum="371237e99a5c3f60e9f6c35aba55a313" perm="555" sizeinbytes="11705" timestamp="1042486085000"/>
        <file loc="include/xercesc/util/XMLNetAccessor.hpp" md5sum="a8eaf340424a4e59219b07ac3889818e" perm="555" sizeinbytes="5014" timestamp="1042486085000"/>
        <file loc="include/xercesc/util/Compilers/BorlandCDefs.hpp" md5sum="2ba450c224b3d7cbb49d37075363d606" perm="555" sizeinbytes="7863" timestamp="1042486085000"/>
        <file loc="include/xercesc/util/Compilers/IBMVAOS2Defs.hpp" md5sum="c19126375f0fb87a230e5f5aa7491563" perm="555" sizeinbytes="6774" timestamp="1042486086000"/>
        <file loc="include/xercesc/util/Compilers/GCCDefs.hpp" md5sum="e25d23aa8e6c04246558e463ca424e03" perm="555" sizeinbytes="9666" timestamp="1042486085000"/>
        <file loc="include/xercesc/util/Compilers/CodeWarriorDefs.hpp" md5sum="05422d695d5deedb08585e69e03c7977" perm="555" sizeinbytes="7514" timestamp="1042486085000"/>
        <file loc="include/xercesc/util/Compilers/MVSCPPDefs.hpp" md5sum="5ca94f2856cc1d67e5712000cbf57e3f" perm="555" sizeinbytes="9964" timestamp="1042486086000"/>
        <file loc="include/xercesc/util/Compilers/DECCXXDefs.hpp" md5sum="edf4cf235a1e0700e6fbf6b0f6c2ee71" perm="555" sizeinbytes="6887" timestamp="1042486085000"/>
        <file loc="include/xercesc/util/Compilers/HPCCDefs.hpp" md5sum="9b55ac6108901a118dd55399c3a40f3a" perm="555" sizeinbytes="8881" timestamp="1042486085000"/>
        <file loc="include/xercesc/util/Compilers/MIPSproDefs.hpp" md5sum="13128fd000e9229b641ca5e7b7dbc2b9" perm="555" sizeinbytes="8535" timestamp="1042486086000"/>
        <file loc="include/xercesc/util/Compilers/PTXCCDefs.hpp" md5sum="ce3eb1c6a2eb3d12f873722df6353f20" perm="555" sizeinbytes="7475" timestamp="1042486086000"/>
        <file loc="include/xercesc/util/Compilers/SunKaiDefs.hpp" md5sum="72e8cfead451f864c174cb48b6fcfd33" perm="555" sizeinbytes="8267" timestamp="1042486086000"/>
        <file loc="include/xercesc/util/Compilers/VCPPDefs.hpp" md5sum="688d478c4f04aaaed42422f123d1ea80" perm="555" sizeinbytes="9551" timestamp="1042486086000"/>
        <file loc="include/xercesc/util/Compilers/TandemCCDefs.hpp" md5sum="a59e8c8e925cd5bc832136b127b941c8" perm="555" sizeinbytes="8422" timestamp="1042486086000"/>
        <file loc="include/xercesc/util/Compilers/IBMVAW32Defs.hpp" md5sum="4bbf265f21b753e6fc2d12c3e56c2ef7" perm="555" sizeinbytes="7867" timestamp="1042486086000"/>
        <file loc="include/xercesc/util/Compilers/OS400SetDefs.hpp" md5sum="56d6e72dfb25dd4e7848be2c3d23e69b" perm="555" sizeinbytes="6908" timestamp="1042486086000"/>
        <file loc="include/xercesc/util/Compilers/SCOCCDefs.hpp" md5sum="12940d02eb0b9ec1d7c0a1bfb666b276" perm="555" sizeinbytes="7547" timestamp="1042486086000"/>
        <file loc="include/xercesc/util/Compilers/CSetDefs.hpp" md5sum="a20ed012656a6851315e13954cc5da58" perm="555" sizeinbytes="9200" timestamp="1042486085000"/>
        <file loc="include/xercesc/util/Compilers/SunCCDefs.hpp" md5sum="5286ff93b1b9460ef70ea59044fc4070" perm="555" sizeinbytes="9245" timestamp="1042486086000"/>
        <file loc="include/xercesc/util/XMLException.hpp" md5sum="f0fde5a1ca107a7642494046bca7b6c0" perm="555" sizeinbytes="11411" timestamp="1042486085000"/>
        <file loc="include/xercesc/util/XMLFloat.hpp" md5sum="250c442b80ba1ea9b46e056a04b92b0f" perm="555" sizeinbytes="5955" timestamp="1042486085000"/>
        <file loc="include/xercesc/util/RefVectorOf.c" md5sum="e44c5c5d001e1958d6af6d94030495fb" perm="555" sizeinbytes="12560" timestamp="1042486085000"/>
        <file loc="include/xercesc/util/InvalidCastException.hpp" md5sum="974b4170f1a02c136331841cf56de6e0" perm="555" sizeinbytes="3117" timestamp="1042486084000"/>
        <file loc="include/xercesc/util/UTFDataFormatException.hpp" md5sum="ed00c9e9d66722604807c437dbd5d763" perm="555" sizeinbytes="3125" timestamp="1042486085000"/>
        <file loc="include/xercesc/util/RefHashTableOf.hpp" md5sum="84dce1ffb77b0a89f6d414f066e673ce" perm="555" sizeinbytes="12282" timestamp="1042486085000"/>
        <file loc="include/xercesc/util/MsgLoaders/MsgCatalog/XMLMsgCat_Ids.hpp" md5sum="a3694c64698dc346a91b7a1d1f7fbef0" perm="555" sizeinbytes="509" timestamp="1042486086000"/>
        <file loc="include/xercesc/util/MsgLoaders/MsgCatalog/MsgCatalogLoader.hpp" md5sum="df7c6eb219cd8fc6ecc852288d49bd71" perm="555" sizeinbytes="6360" timestamp="1042486086000"/>
        <file loc="include/xercesc/util/MsgLoaders/ICU/ICUMsgLoader.hpp" md5sum="bf88126dc56098145c85c3da8e30467e" perm="555" sizeinbytes="7060" timestamp="1042486086000"/>
        <file loc="include/xercesc/util/MsgLoaders/Win32/Win32MsgLoader.hpp" md5sum="2096475a41f6300edc031cade7635451" perm="555" sizeinbytes="6707" timestamp="1042486086000"/>
        <file loc="include/xercesc/util/MsgLoaders/InMemory/CppErrMsgs_EN_US.hpp" md5sum="a5be8bdadb1df863ffbbf15e47f0ae07" perm="555" sizeinbytes="294268" timestamp="1042486086000"/>
        <file loc="include/xercesc/util/MsgLoaders/InMemory/InMemMsgLoader.hpp" md5sum="171848fcdfcaa748ec04ed1dd238beea" perm="555" sizeinbytes="6291" timestamp="1042486086000"/>
        <file loc="include/xercesc/util/KeyValuePair.hpp" md5sum="78df1a6a507bd41cd3738c3c1f1c11b1" perm="555" sizeinbytes="5265" timestamp="1042486084000"/>
        <file loc="include/xercesc/util/ValueVectorOf.hpp" md5sum="94039f41a7e4b76c905c827d5584f606" perm="555" sizeinbytes="8166" timestamp="1042486085000"/>
        <file loc="include/xercesc/util/RefArrayOf.c" md5sum="d4a3d8b5776c67de71dbad13d4ebc539" perm="555" sizeinbytes="10085" timestamp="1042486084000"/>
        <file loc="include/xercesc/util/AutoSense.hpp" md5sum="1c2f5a8be3c8db6d674f56be0ecf0174" perm="555" sizeinbytes="10577" timestamp="1042486084000"/>
        <file loc="include/xercesc/util/KVStringPair.hpp" md5sum="d3cbf2f0cac23314015d9ca81426e6ba" perm="555" sizeinbytes="7289" timestamp="1042486084000"/>
        <file loc="include/xercesc/util/XMLNumber.hpp" md5sum="ba462896b42e473ab1e6d71dd0e46c04" perm="555" sizeinbytes="3871" timestamp="1042486085000"/>
        <file loc="include/xercesc/util/CountedPointer.hpp" md5sum="116333669240d4cc7204e0ecf6eedba4" perm="555" sizeinbytes="5002" timestamp="1042486084000"/>
        <file loc="include/xercesc/util/XMLRegisterCleanup.hpp" md5sum="437c569f65b52858bce591443e6c9dd6" perm="555" sizeinbytes="7228" timestamp="1042486085000"/>
        <file loc="include/xercesc/util/ValueArrayOf.hpp" md5sum="187b0d179dcccc18ea7bebe9b189d9ca" perm="555" sizeinbytes="7456" timestamp="1042486085000"/>
        <file loc="include/xercesc/util/ValueHashTableOf.c" md5sum="c174074ad4cdd32bdc64b1095559b7e3" perm="555" sizeinbytes="13894" timestamp="1042486085000"/>
        <file loc="include/xercesc/util/HashBase.hpp" md5sum="18745c67cdfbe962ae595dd88c5d0630" perm="555" sizeinbytes="3939" timestamp="1042486084000"/>
        <file loc="include/xercesc/util/XMLUni.hpp" md5sum="da52edfa20be9db8228d454e227c1654" perm="555" sizeinbytes="12292" timestamp="1042486085000"/>
        <file loc="include/xercesc/util/RefHash2KeysTableOf.c" md5sum="4a5f80ddeb595086cbc9d6fffa2c97d3" perm="555" sizeinbytes="15609" timestamp="1042486085000"/>
        <file loc="include/xercesc/util/XMLURL.hpp" md5sum="4bd670770f96869e1a3d4509586bf799" perm="555" sizeinbytes="10015" timestamp="1042486085000"/>
        <file loc="include/xercesc/util/StringPool.hpp" md5sum="c978cb1dcdaa5c22bd95331e3b22b5b9" perm="555" sizeinbytes="7386" timestamp="1042486085000"/>
        <file loc="include/xercesc/util/regx/Match.hpp" md5sum="23b5801e21cf4afce8e4ee7a22c8e67c" perm="555" sizeinbytes="6832" timestamp="1042486087000"/>
        <file loc="include/xercesc/util/regx/XMLUniCharacter.hpp" md5sum="ba3ea50a591e508d3cee93f25f548be8" perm="555" sizeinbytes="5036" timestamp="1042486087000"/>
        <file loc="include/xercesc/util/regx/BMPattern.hpp" md5sum="57c3ba235cfda4a2a63317e4dba941d2" perm="555" sizeinbytes="6664" timestamp="1042486087000"/>
        <file loc="include/xercesc/util/regx/ParserForXMLSchema.hpp" md5sum="5defda60bb58e497d844be9ae6dc7693" perm="555" sizeinbytes="6410" timestamp="1042486087000"/>
        <file loc="include/xercesc/util/regx/ConditionToken.hpp" md5sum="481b287029fc1b4ddfa3246bc4ea30c5" perm="555" sizeinbytes="5240" timestamp="1042486087000"/>
        <file loc="include/xercesc/util/regx/RegxParser.hpp" md5sum="6a4311d48ac983dc15d81b94b73c9d1d" perm="555" sizeinbytes="11656" timestamp="1042486087000"/>
        <file loc="include/xercesc/util/regx/UnionToken.hpp" md5sum="c7c9a0b7839c47958920ebfa7bcd267a" perm="555" sizeinbytes="5235" timestamp="1042486087000"/>
        <file loc="include/xercesc/util/regx/Token.hpp" md5sum="28d4ca5f1af257901d801fd2fb4c01f8" perm="555" sizeinbytes="10008" timestamp="1042486087000"/>
        <file loc="include/xercesc/util/regx/RegxDefs.hpp" md5sum="2b08cda9dd453cc7dbdd1c95a0b2b0c5" perm="555" sizeinbytes="7844" timestamp="1042486087000"/>
        <file loc="include/xercesc/util/regx/TokenInc.hpp" md5sum="576e1f6769f4422f7b285823223eb505" perm="555" sizeinbytes="3564" timestamp="1042486087000"/>
        <file loc="include/xercesc/util/regx/XMLRangeFactory.hpp" md5sum="b996b976233e508ad8aab91aeb6f8b94" perm="555" sizeinbytes="4376" timestamp="1042486087000"/>
        <file loc="include/xercesc/util/regx/Op.hpp" md5sum="0c5ca1215cf181f51ce0cd4eb8d3e844" perm="555" sizeinbytes="12189" timestamp="1042486087000"/>
        <file loc="include/xercesc/util/regx/ASCIIRangeFactory.hpp" md5sum="5ada24eebd0ab2bbe780756089a7b728" perm="555" sizeinbytes="4394" timestamp="1042486087000"/>
        <file loc="include/xercesc/util/regx/ClosureToken.hpp" md5sum="6c3277c1e2fd207d3491e90373e14411" perm="555" sizeinbytes="5455" timestamp="1042486087000"/>
        <file loc="include/xercesc/util/regx/ModifierToken.hpp" md5sum="95eba2c4439d3bdd62765f0e13ae2028" perm="555" sizeinbytes="4939" timestamp="1042486087000"/>
        <file loc="include/xercesc/util/regx/OpFactory.hpp" md5sum="32608894189c3b09b03fbd82b37566b8" perm="555" sizeinbytes="6579" timestamp="1042486087000"/>
        <file loc="include/xercesc/util/regx/StringToken.hpp" md5sum="45934c6a69811647ad348755c538b01a" perm="555" sizeinbytes="5310" timestamp="1042486087000"/>
        <file loc="include/xercesc/util/regx/UniCharTable.hpp" md5sum="34bb2919db3d2207e92b820dc4c5b1c0" perm="555" sizeinbytes="421085" timestamp="1042486087000"/>
        <file loc="include/xercesc/util/regx/CharToken.hpp" md5sum="8a192d3616d45cda2c7766bf18c235eb" perm="555" sizeinbytes="5006" timestamp="1042486087000"/>
        <file loc="include/xercesc/util/regx/RangeToken.hpp" md5sum="d2c159e15bbce5dc62161469ff6516ee" perm="555" sizeinbytes="6329" timestamp="1042486087000"/>
        <file loc="include/xercesc/util/regx/RangeFactory.hpp" md5sum="3187d0747edaa56ff412acbd4644a0d3" perm="555" sizeinbytes="4369" timestamp="1042486087000"/>
        <file loc="include/xercesc/util/regx/RangeTokenMap.hpp" md5sum="a8abbae26bd4eb5c93802dc301b000fb" perm="555" sizeinbytes="10503" timestamp="1042486087000"/>
        <file loc="include/xercesc/util/regx/TokenFactory.hpp" md5sum="ed20649df1169d33fafa95379e2369e1" perm="555" sizeinbytes="7647" timestamp="1042486087000"/>
        <file loc="include/xercesc/util/regx/UnicodeRangeFactory.hpp" md5sum="b36eb9c71273e4b3f7121914c040e30e" perm="555" sizeinbytes="4663" timestamp="1042486087000"/>
        <file loc="include/xercesc/util/regx/ConcatToken.hpp" md5sum="87b92526e75fcc566aee3a79be8dac30" perm="555" sizeinbytes="4673" timestamp="1042486087000"/>
        <file loc="include/xercesc/util/regx/BlockRangeFactory.hpp" md5sum="b964ff47e4e9f64cb4ff1044b8773f47" perm="555" sizeinbytes="4394" timestamp="1042486087000"/>
        <file loc="include/xercesc/util/regx/RegularExpression.hpp" md5sum="fbbc2cd6363b31188a269c785fc2322a" perm="555" sizeinbytes="21745" timestamp="1042486087000"/>
        <file loc="include/xercesc/util/regx/RegxUtil.hpp" md5sum="4afc96fa9189e17dfdf5b185202549a4" perm="555" sizeinbytes="4858" timestamp="1042486087000"/>
        <file loc="include/xercesc/util/regx/ParenToken.hpp" md5sum="621d2078ec5d17c2c85234fb249f2196" perm="555" sizeinbytes="4787" timestamp="1042486087000"/>
        <file loc="include/xercesc/util/UnsupportedEncodingException.hpp" md5sum="b9ba1c5208f9c4d2c1109e7fb7b01ab9" perm="555" sizeinbytes="3147" timestamp="1042486085000"/>
        <file loc="include/xercesc/util/XercesVersion.hpp" md5sum="c6af9514bef2863712335c18e4029574" perm="555" sizeinbytes="10400" timestamp="1042486085000"/>
        <file loc="include/xercesc/util/BinFileInputStream.hpp" md5sum="0665fdbace90f23860a0a56e7b7bfc72" perm="555" sizeinbytes="5377" timestamp="1042486084000"/>
        <file loc="include/xercesc/util/XMLUCS4Transcoder.hpp" md5sum="e94cc9a4ed3af9b9934c9e00cff5041b" perm="555" sizeinbytes="5510" timestamp="1042486085000"/>
        <file loc="include/xercesc/util/NullPointerException.hpp" md5sum="2468d38940d96470d6c51272c961fcdf" perm="555" sizeinbytes="3117" timestamp="1042486084000"/>
        <file loc="include/xercesc/util/Janitor.c" md5sum="58365ab86bbfe6f70721172b7deff7cf" perm="555" sizeinbytes="6349" timestamp="1042486084000"/>
        <file loc="include/xercesc/util/UnexpectedEOFException.hpp" md5sum="8e62248b4361f38b4b276fb5952a639a" perm="555" sizeinbytes="3123" timestamp="1042486085000"/>
        <file loc="include/xercesc/util/TransENameMap.hpp" md5sum="eb57fd3d3050b0cc6122b5a486c601f6" perm="555" sizeinbytes="7427" timestamp="1042486085000"/>
        <file loc="include/xercesc/util/KeyRefPair.hpp" md5sum="6dc3d2bc7e488dde486ef4bba345b05f" perm="555" sizeinbytes="4533" timestamp="1042486084000"/>
        <file loc="include/xercesc/util/XMLEnumerator.hpp" md5sum="ef0b4fd0fd0449812178e267caaa6502" perm="555" sizeinbytes="4366" timestamp="1042486085000"/>
        <file loc="include/xercesc/util/XMLUTF8Transcoder.hpp" md5sum="acd269ca06e9880400ad4407b3cf8434" perm="555" sizeinbytes="5106" timestamp="1042486085000"/>
        <file loc="include/xercesc/util/RuntimeException.hpp" md5sum="62530df8e50c5bcb38708c8497fdbeab" perm="555" sizeinbytes="3101" timestamp="1042486085000"/>
        <file loc="include/xercesc/util/XMLStringTokenizer.hpp" md5sum="c3fc6699767dd87ea17acfa344fb23e4" perm="555" sizeinbytes="8656" timestamp="1042486085000"/>
        <file loc="include/xercesc/util/XMLUTF16Transcoder.hpp" md5sum="d3e5fc2b7b5aa0fca28ac7771a1d5a56" perm="555" sizeinbytes="5509" timestamp="1042486085000"/>
        <file loc="include/xercesc/util/EncodingValidator.hpp" md5sum="6507e7d240a6ba514a02433c4dc39a3e" perm="555" sizeinbytes="5333" timestamp="1042486084000"/>
        <file loc="include/xercesc/util/XMLString.hpp" md5sum="332e3f77c35b496df8aa2d4dab666e2f" perm="555" sizeinbytes="56861" timestamp="1042486085000"/>
        <file loc="include/xercesc/util/XMLASCIITranscoder.hpp" md5sum="294f87e1af58b99cde53dd4c458f2c4c" perm="555" sizeinbytes="5108" timestamp="1042486085000"/>
        <file loc="include/xercesc/util/RefHash3KeysIdPool.c" md5sum="ec4674a2f4e365923782daf182b6263c" perm="555" sizeinbytes="15925" timestamp="1042486085000"/>
        <file loc="include/xercesc/util/BitSet.hpp" md5sum="4a3da36a058ecac1d74f0c64b06f2793" perm="555" sizeinbytes="6315" timestamp="1042486084000"/>
        <file loc="include/xercesc/util/XMLBigInteger.hpp" md5sum="b0c63c6eeede6da8dc8c4126dfd703b2" perm="555" sizeinbytes="6588" timestamp="1042486085000"/>
        <file loc="include/xercesc/util/KeyValuePair.c" md5sum="b5543420f24d54dc4687d1607a790488" perm="555" sizeinbytes="5600" timestamp="1042486084000"/>
        <file loc="include/xercesc/util/XMLUniDefs.hpp" md5sum="cfa3c6fa96de971c7359edb9b653eb1f" perm="555" sizeinbytes="8365" timestamp="1042486085000"/>
        <file loc="include/xercesc/util/Mutexes.hpp" md5sum="ca02cba051a5f34ebef10694b317ccc1" perm="555" sizeinbytes="6178" timestamp="1042486084000"/>
        <file loc="include/xercesc/util/RefArrayOf.hpp" md5sum="1ffd49ff75a1f6ce39ff26623f2ca45c" perm="555" sizeinbytes="7488" timestamp="1042486084000"/>
        <file loc="include/xercesc/util/RefStackOf.hpp" md5sum="d4a8fdf6f278b5bb77ccb8a737d401aa" perm="555" sizeinbytes="7508" timestamp="1042486085000"/>
        <file loc="include/xercesc/util/NameIdPool.c" md5sum="818ae83d030a2e4fcf35c4b96b5d3c0f" perm="555" sizeinbytes="14386" timestamp="1042486084000"/>
        <file loc="include/xercesc/util/NumberFormatException.hpp" md5sum="05bf97183939822da65ae32a41d3ef9c" perm="555" sizeinbytes="3116" timestamp="1042486084000"/>
        <file loc="include/xercesc/util/FlagJanitor.hpp" md5sum="3db42c8d545014644a9cc2f4fdb1b113" perm="555" sizeinbytes="5055" timestamp="1042486084000"/>
        <file loc="include/xercesc/util/ParseException.hpp" md5sum="8b474c7fffe776f1c3e7eb9b7f879052" perm="555" sizeinbytes="3088" timestamp="1042486084000"/>
        <file loc="include/xercesc/util/XMLChTranscoder.hpp" md5sum="dfe3908a693fbb5ad5de6f73d0925fa5" perm="555" sizeinbytes="4903" timestamp="1042486085000"/>
        <file loc="include/xercesc/util/PlatformUtils.hpp" md5sum="9983ab62875843510ee58c97c5a5a7fb" perm="555" sizeinbytes="25572" timestamp="1042486084000"/>
        <file loc="include/xercesc/util/Base64.hpp" md5sum="385d3f23dc443324bde782e5c4fc322d" perm="555" sizeinbytes="8149" timestamp="1042486084000"/>
        <file loc="include/xercesc/util/XMLDOMMsg.hpp" md5sum="7ad6fc3ebbcb3548fd1d9d1d8c3be123" perm="555" sizeinbytes="2514" timestamp="1042486085000"/>
        <file loc="include/xercesc/util/ValueStackOf.hpp" md5sum="d2f2107feab2dbcc888ad9eb295873b6" perm="555" sizeinbytes="7404" timestamp="1042486085000"/>
        <file loc="include/xercesc/util/ArrayIndexOutOfBoundsException.hpp" md5sum="75d60f5aaff593728a223a57304d71db" perm="555" sizeinbytes="3155" timestamp="1042486084000"/>
        <file loc="include/xercesc/util/ValueHashTableOf.hpp" md5sum="0f275e334422321b9413cbfae159a783" perm="555" sizeinbytes="9276" timestamp="1042486085000"/>
        <file loc="include/xercesc/util/XMLEBCDICTranscoder.hpp" md5sum="c50f4150ec4d1a2acc798463afa0b981" perm="555" sizeinbytes="4512" timestamp="1042486085000"/>
        <file loc="include/xercesc/util/NoSuchElementException.hpp" md5sum="09f65f0d655dfa8753052599b1c163e4" perm="555" sizeinbytes="3125" timestamp="1042486084000"/>
        <file loc="include/xercesc/util/XMLMsgLoader.hpp" md5sum="18a414e46c27fbfc1c992affa8548eee" perm="555" sizeinbytes="9022" timestamp="1042486085000"/>
        <file loc="include/xercesc/util/NameIdPool.hpp" md5sum="9d185d417412d9b20772be50d384d39e" perm="555" sizeinbytes="11658" timestamp="1042486084000"/>
        <file loc="include/xercesc/util/QName.hpp" md5sum="6942bfb5827468e46d76cbd0352ff815" perm="555" sizeinbytes="9769" timestamp="1042486084000"/>
        <file loc="include/xercesc/util/HexBin.hpp" md5sum="8100aa231071869e15b018dde301a922" perm="555" sizeinbytes="4651" timestamp="1042486084000"/>
        <file loc="include/xercesc/util/XMLInteger.hpp" md5sum="135af3fa6e180e44f2e7d6c0883b8f74" perm="555" sizeinbytes="4013" timestamp="1042486085000"/>
        <file loc="include/xercesc/util/NoDefTranscoderException.hpp" md5sum="9be7abfbd6fcae8817c7f304a81a0949" perm="555" sizeinbytes="5352" timestamp="1042486084000"/>
        <file loc="include/xercesc/util/XMLIBM1140Transcoder.hpp" md5sum="9084dd50e48d0a3aab9ff17ebaf2a1bc" perm="555" sizeinbytes="4451" timestamp="1042486085000"/>
        <file loc="include/xercesc/util/IOException.hpp" md5sum="194d0147ac386dcf1b8460ee0c76c622" perm="555" sizeinbytes="3081" timestamp="1042486084000"/>
        <file loc="include/xercesc/util/XercesDefs.hpp" md5sum="d15e5902e528fb0a84f0542a18c03ab4" perm="555" sizeinbytes="15766" timestamp="1042486085000"/>
        <file loc="include/xercesc/util/KeyRefPair.c" md5sum="01dfa82dc9d12d0eaf92e751138ec7b9" perm="555" sizeinbytes="4939" timestamp="1042486084000"/>
        <file loc="include/xercesc/util/XMLUri.hpp" md5sum="f8699706e643ceb17fac7c6cdb232777" perm="555" sizeinbytes="17540" timestamp="1042486085000"/>
        <file loc="include/xercesc/util/SchemaDateTimeException.hpp" md5sum="8964f621b2a8e3f0fc79473d530317a7" perm="555" sizeinbytes="3409" timestamp="1042486085000"/>
        <file loc="include/xercesc/util/XMLDeleterFor.hpp" md5sum="1bc6243875fc4fc902be582912ed5fdb" perm="555" sizeinbytes="5006" timestamp="1042486085000"/>
        <file loc="include/xercesc/util/FlagJanitor.c" md5sum="e7d5f125ce46e0715b0db63fbcf71c56" perm="555" sizeinbytes="4598" timestamp="1042486084000"/>
        <file loc="include/xercesc/util/XMLDouble.hpp" md5sum="21851436bd854fd2c1b6d35646a8bec2" perm="555" sizeinbytes="6261" timestamp="1042486085000"/>
        <file loc="include/xercesc/util/HashCMStateSet.hpp" md5sum="e886d6b49e37c54d534c4ef8c7c056ad" perm="555" sizeinbytes="4473" timestamp="1042486084000"/>
        <file loc="include/xercesc/util/Janitor.hpp" md5sum="79ad1a2ebd1d0f76cdd934b9eea260ef" perm="555" sizeinbytes="6814" timestamp="1042486084000"/>
        <file loc="include/xercesc/util/XMLDateTime.hpp" md5sum="2cf5e9dd23ffc3a81bc2c97b263e8573" perm="555" sizeinbytes="12260" timestamp="1042486085000"/>
        <file loc="include/xercesc/util/XMLBigDecimal.hpp" md5sum="2cb47691008df096c4c05ddbdc6fdb02" perm="555" sizeinbytes="6435" timestamp="1042486085000"/>
        <file loc="include/xercesc/util/IllegalArgumentException.hpp" md5sum="6bb99db07216f08723ad8de2a32a4fce" perm="555" sizeinbytes="3133" timestamp="1042486084000"/>
        <file loc="include/xercesc/util/Platforms/HPUX/HPUXDefs.hpp" md5sum="c2c91b054cc6d1f4e2c177f5675da601" perm="555" sizeinbytes="3667" timestamp="1042486086000"/>
        <file loc="include/xercesc/util/Platforms/Tandem/TandemDefs.hpp" md5sum="8b2b0aa01c5ff57ed1b44eada1eea4ae" perm="555" sizeinbytes="3614" timestamp="1042486087000"/>
        <file loc="include/xercesc/util/Platforms/AIX/AIXDefs.hpp" md5sum="1d5fd9fd6dc7f8bea571a8d48d5587cf" perm="555" sizeinbytes="3805" timestamp="1042486086000"/>
        <file loc="include/xercesc/util/Platforms/PTX/PTXDefs.hpp" md5sum="d23db5082bc4d10ea272dc68c7f1c2b2" perm="555" sizeinbytes="3260" timestamp="1042486087000"/>
        <file loc="include/xercesc/util/Platforms/MacOS/MacOSPlatformUtils.hpp" md5sum="646e32e7b685995013292f0c97a035c8" perm="555" sizeinbytes="7083" timestamp="1042486086000"/>
        <file loc="include/xercesc/util/Platforms/MacOS/MacOSDefs.hpp" md5sum="6f6a2546c7957505e04ee2fc02af9d51" perm="555" sizeinbytes="3468" timestamp="1042486086000"/>
        <file loc="include/xercesc/util/Platforms/Win32/Win32Defs.hpp" md5sum="ac543a5921c8fc9a74e25a272277cd6d" perm="555" sizeinbytes="3899" timestamp="1042486087000"/>
        <file loc="include/xercesc/util/Platforms/Linux/LinuxDefs.hpp" md5sum="230e8b1fe4fbed491e8bda3f5ec8978a" perm="555" sizeinbytes="3796" timestamp="1042486086000"/>
        <file loc="include/xercesc/util/Platforms/Solaris/SolarisDefs.hpp" md5sum="f3f64192f3c1c40a72e637a944070c91" perm="555" sizeinbytes="3743" timestamp="1042486087000"/>
        <file loc="include/xercesc/util/Platforms/OS2/OS2Defs.hpp" md5sum="66f0b780c47bdc16195ff58ec417feb6" perm="555" sizeinbytes="3828" timestamp="1042486086000"/>
        <file loc="include/xercesc/util/Platforms/OS390/OS390Defs.hpp" md5sum="bd2c1bae56b89db35caa826b7dbcb87d" perm="555" sizeinbytes="3731" timestamp="1042486087000"/>
        <file loc="include/xercesc/util/XML256TableTranscoder.hpp" md5sum="99edc577eb0e1b6c6e8f208a82eb6f9e" perm="555" sizeinbytes="7919" timestamp="1042486085000"/>
        <file loc="include/xercesc/util/ValueVectorOf.c" md5sum="54507e9eb0d611bccef025a43591476d" perm="555" sizeinbytes="10754" timestamp="1042486085000"/>
        <file loc="include/xercesc/util/RefStackOf.c" md5sum="75160a1b9ef6c0e66cf47fbac0482a79" perm="555" sizeinbytes="7133" timestamp="1042486085000"/>
        <file loc="include/xercesc/util/TranscodingException.hpp" md5sum="839d6fc134bbd6194c02bec210e8facf" perm="555" sizeinbytes="3115" timestamp="1042486085000"/>
        <file loc="include/xercesc/util/EmptyStackException.hpp" md5sum="1e77a04c2d03e40424726192814464d1" perm="555" sizeinbytes="3111" timestamp="1042486084000"/>
        <file loc="include/xercesc/util/TransService.hpp" md5sum="43a3811566202e956f28bc18e2fa8a77" perm="555" sizeinbytes="19425" timestamp="1042486085000"/>
        <file loc="include/xercesc/util/ValueStackOf.c" md5sum="6bcc321d5ce525e21bb809a1d25f6702" perm="555" sizeinbytes="6897" timestamp="1042486085000"/>
        <file loc="include/xercesc/util/BitOps.hpp" md5sum="ec7bfdb5296a780bfe7eadf54b14dd23" perm="555" sizeinbytes="5118" timestamp="1042486084000"/>
        <file loc="include/xercesc/util/BinInputStream.hpp" md5sum="481f01281524c0472b81926d69a9f083" perm="555" sizeinbytes="4908" timestamp="1042486084000"/>
        <file loc="include/xercesc/util/XMLWin1252Transcoder.hpp" md5sum="b1996a00a35b6492e2ccb620991ac06d" perm="555" sizeinbytes="4004" timestamp="1042486085000"/>
        <file loc="include/xercesc/util/XML88591Transcoder.hpp" md5sum="aacb9d7542119f1ea49ef902f6d6ec01" perm="555" sizeinbytes="5116" timestamp="1042486085000"/>
        <file loc="include/xercesc/util/XMLExceptMsgs.hpp" md5sum="9133f07efabd8ae3134f79d5b9303d04" perm="555" sizeinbytes="18213" timestamp="1042486085000"/>
        <file loc="include/xercesc/util/ValueArrayOf.c" md5sum="a593dc84e207e2947170796407b9e886" perm="555" sizeinbytes="9570" timestamp="1042486085000"/>
        <file loc="include/xercesc/util/HashXMLCh.hpp" md5sum="6d8427096beb58e4a36eb6c410f6b905" perm="555" sizeinbytes="3510" timestamp="1042486084000"/>
        <file loc="include/xercesc/internal/XMLScanner.hpp" md5sum="1cd4c03972698e2b8d7aa3d80e0f4686" perm="555" sizeinbytes="49888" timestamp="1042486084000"/>
        <file loc="include/xercesc/internal/VecAttributesImpl.hpp" md5sum="0684cd587faf93c0eb5d4258e652c199" perm="555" sizeinbytes="7258" timestamp="1042486083000"/>
        <file loc="include/xercesc/internal/ElemStack.hpp" md5sum="eea96dced10646cc19fcc8a649455e14" perm="555" sizeinbytes="14303" timestamp="1042486083000"/>
        <file loc="include/xercesc/internal/CharTypeTables.hpp" md5sum="e2db2692bd9d85aa5b5c1f9e61b6e2da" perm="555" sizeinbytes="10419" timestamp="1042486083000"/>
        <file loc="include/xercesc/internal/EndOfEntityException.hpp" md5sum="ac75a0baa16a14f574c1e8596486dfc7" perm="555" sizeinbytes="5925" timestamp="1042486083000"/>
        <file loc="include/xercesc/internal/XMLInternalErrorHandler.hpp" md5sum="fa36f6a3a6de58de0f26f839d70c81a7" perm="555" sizeinbytes="6234" timestamp="1042486083000"/>
        <file loc="include/xercesc/internal/VecAttrListImpl.hpp" md5sum="4e4650088ce76707943ecc5dea5cad50" perm="555" sizeinbytes="6314" timestamp="1042486083000"/>
        <file loc="include/xercesc/internal/IANAEncodings.hpp" md5sum="4d0dd6447e17483e735855c2428e16ea" perm="555" sizeinbytes="68427" timestamp="1042486083000"/>
        <file loc="include/xercesc/internal/XMLReader.hpp" md5sum="0b5f2248a89980664e61336f2ba94b91" perm="555" sizeinbytes="29833" timestamp="1042486084000"/>
        <file loc="include/xercesc/internal/ReaderMgr.hpp" md5sum="5b8ecd98880353a12a3d0ae4dd5bacf7" perm="555" sizeinbytes="17813" timestamp="1042486083000"/>
        <file loc="include/xercesc/framework/XMLErrorReporter.hpp" md5sum="758477bd746f949c026c024f79b7248b" perm="555" sizeinbytes="9635" timestamp="1042486083000"/>
        <file loc="include/xercesc/framework/Wrapper4DOMInputSource.hpp" md5sum="daf4c25dae557ef95367cbfb8292d18e" perm="555" sizeinbytes="9572" timestamp="1042486083000"/>
        <file loc="include/xercesc/framework/XMLValidityCodes.hpp" md5sum="2ea3ce0e073abd46de025564ff5e4c16" perm="555" sizeinbytes="6782" timestamp="1042486083000"/>
        <file loc="include/xercesc/framework/XMLNotationDecl.hpp" md5sum="d463324c8d4378c51da6ca4416fc7295" perm="555" sizeinbytes="8981" timestamp="1042486083000"/>
        <file loc="include/xercesc/framework/XMLValidator.hpp" md5sum="c6b07fa1ef4811f945809cee676a8f46" perm="555" sizeinbytes="20261" timestamp="1042486083000"/>
        <file loc="include/xercesc/framework/XMLEntityHandler.hpp" md5sum="888837f6129f154f42b965cf81ab7e6b" perm="555" sizeinbytes="9055" timestamp="1042486083000"/>
        <file loc="include/xercesc/framework/XMLFormatter.hpp" md5sum="a1d0df1c374095aa25375f98e10b9bb5" perm="555" sizeinbytes="17876" timestamp="1042486083000"/>
        <file loc="include/xercesc/framework/XMLAttr.hpp" md5sum="f911949d8a21dd46be04a7adfaf0db6e" perm="555" sizeinbytes="16919" timestamp="1042486083000"/>
        <file loc="include/xercesc/framework/XMLAttDefList.hpp" md5sum="661d2055887170ec9d17411308c2612b" perm="555" sizeinbytes="6838" timestamp="1042486083000"/>
        <file loc="include/xercesc/framework/StdInInputSource.hpp" md5sum="cc8e38d40f55b23b8e67f406a15dae2a" perm="555" sizeinbytes="5985" timestamp="1042486083000"/>
        <file loc="include/xercesc/framework/XMLDocumentHandler.hpp" md5sum="e9ba58ec6f98aa7cad3cdf93af186a26" perm="555" sizeinbytes="14274" timestamp="1042486083000"/>
        <file loc="include/xercesc/framework/XMLErrorCodes.hpp" md5sum="46f2ed21e54b8bfa08df2b030a14b5dd" perm="555" sizeinbytes="15833" timestamp="1042486083000"/>
        <file loc="include/xercesc/framework/MemBufFormatTarget.hpp" md5sum="e4f3ad53c868bd49009daf128289df3e" perm="555" sizeinbytes="7027" timestamp="1042486083000"/>
        <file loc="include/xercesc/framework/XMLRefInfo.hpp" md5sum="09207e93ede288b53fb1ced1f949bf98" perm="555" sizeinbytes="7992" timestamp="1042486083000"/>
        <file loc="include/xercesc/framework/URLInputSource.hpp" md5sum="eadcce2868b7d7387444f528583a4e12" perm="555" sizeinbytes="10638" timestamp="1042486083000"/>
        <file loc="include/xercesc/framework/LocalFileFormatTarget.hpp" md5sum="069f73fdfa939c1fbd9a9bed939bca60" perm="555" sizeinbytes="4632" timestamp="1042486083000"/>
        <file loc="include/xercesc/framework/LocalFileInputSource.hpp" md5sum="7c1b497160c84919870aef3eb71e36d5" perm="555" sizeinbytes="8430" timestamp="1042486083000"/>
        <file loc="include/xercesc/framework/Wrapper4InputSource.hpp" md5sum="f78bdb25716a3b1e2ef4934369398157" perm="555" sizeinbytes="11343" timestamp="1042486083000"/>
        <file loc="include/xercesc/framework/XMLContentModel.hpp" md5sum="1ab0cf37881f94c13c3a21a5043364f1" perm="555" sizeinbytes="8481" timestamp="1042486083000"/>
        <file loc="include/xercesc/framework/XMLElementDecl.hpp" md5sum="592b50c738708b1a34beb794a30a16ea" perm="555" sizeinbytes="25543" timestamp="1042486083000"/>
        <file loc="include/xercesc/framework/MemBufInputSource.hpp" md5sum="5acaacb63ece347a14d6b20df2d8fcdb" perm="555" sizeinbytes="11022" timestamp="1042486083000"/>
        <file loc="include/xercesc/framework/XMLBufferMgr.hpp" md5sum="80495dab871c6f6bc5f202b13408b2b8" perm="555" sizeinbytes="7914" timestamp="1042486083000"/>
        <file loc="include/xercesc/framework/XMLEntityDecl.hpp" md5sum="737d9fbfc188317c8a7900da78b129d8" perm="555" sizeinbytes="17004" timestamp="1042486083000"/>
        <file loc="include/xercesc/framework/XMLBuffer.hpp" md5sum="133e0c8f6dc1240852c34e3cad7f0dd1" perm="555" sizeinbytes="8249" timestamp="1042486083000"/>
        <file loc="include/xercesc/framework/StdOutFormatTarget.hpp" md5sum="8acb30dcfc2a1bf19328faa4b9596030" perm="555" sizeinbytes="4242" timestamp="1042486083000"/>
        <file loc="include/xercesc/framework/XMLRecognizer.hpp" md5sum="7d54cad3bb84fe13b737f49ccb53eb3a" perm="555" sizeinbytes="7023" timestamp="1042486083000"/>
        <file loc="include/xercesc/framework/XMLAttDef.hpp" md5sum="6ef9724c753abadc68bdc3a0525cb8f0" perm="555" sizeinbytes="22150" timestamp="1042486083000"/>
        <file loc="include/xercesc/framework/XMLPScanToken.hpp" md5sum="726efe92a198a404dba79d104d714d77" perm="555" sizeinbytes="7454" timestamp="1042486083000"/>
        <file loc="include/xercesc/dom/DOMEntityResolver.hpp" md5sum="828fb0bdcd0a3270915fc6f298e2c8d9" perm="555" sizeinbytes="7876" timestamp="1042486082000"/>
        <file loc="include/xercesc/dom/DOMUserDataHandler.hpp" md5sum="e37b7acfbdcfae99895e403cb60f21db" perm="555" sizeinbytes="6552" timestamp="1042486083000"/>
        <file loc="include/xercesc/dom/DOMImplementationSource.hpp" md5sum="e82de123d0c25fb7d394b3ca6566731f" perm="555" sizeinbytes="5423" timestamp="1042486083000"/>
        <file loc="include/xercesc/dom/DOMNodeFilter.hpp" md5sum="bd106c2572bf87706a84e1d197968467" perm="555" sizeinbytes="10814" timestamp="1042486083000"/>
        <file loc="include/xercesc/dom/DOMCharacterData.hpp" md5sum="36a3ddb3c8b8affdaa2cbd4a448d3702" perm="555" sizeinbytes="10836" timestamp="1042486082000"/>
        <file loc="include/xercesc/dom/DOMNodeIterator.hpp" md5sum="217f64dbd0f6908c96eea3f77eed8947" perm="555" sizeinbytes="9846" timestamp="1042486083000"/>
        <file loc="include/xercesc/dom/DOMInputSource.hpp" md5sum="d2e62af4478429b7a1a94bc0bab3ca25" perm="555" sizeinbytes="11716" timestamp="1042486083000"/>
        <file loc="include/xercesc/dom/DOMErrorHandler.hpp" md5sum="a044a6c59ded95b0c34cbc96cf2e0458" perm="555" sizeinbytes="5979" timestamp="1042486082000"/>
        <file loc="include/xercesc/dom/DOMTreeWalker.hpp" md5sum="6b74e614a423bf55231a1a0b94536e0f" perm="555" sizeinbytes="13467" timestamp="1042486083000"/>
        <file loc="include/xercesc/dom/DOMError.hpp" md5sum="7b2978a873cad214f3b2065a6c552ced" perm="555" sizeinbytes="7974" timestamp="1042486082000"/>
        <file loc="include/xercesc/dom/DOMNotation.hpp" md5sum="5a371b0325d04d0b4f04d74daf5bdaf1" perm="555" sizeinbytes="5575" timestamp="1042486083000"/>
        <file loc="include/xercesc/dom/DOMWriterFilter.hpp" md5sum="6fe88149f23e3ad762c9f98159f9de17" perm="555" sizeinbytes="7408" timestamp="1042486083000"/>
        <file loc="include/xercesc/dom/DOMDocumentTraversal.hpp" md5sum="0ade0ee0ffa86104dac93d4b15747e25" perm="555" sizeinbytes="9259" timestamp="1042486082000"/>
        <file loc="include/xercesc/dom/DOMImplementationLS.hpp" md5sum="9eb1943db586de8216cfdccdfa1bceac" perm="555" sizeinbytes="8547" timestamp="1042486083000"/>
        <file loc="include/xercesc/dom/DOMEntity.hpp" md5sum="703db1f8c49704e55cc07b08899a40ed" perm="555" sizeinbytes="9736" timestamp="1042486082000"/>
        <file loc="include/xercesc/dom/DOMRange.hpp" md5sum="5350c5079e0593b47172c37989753a6a" perm="555" sizeinbytes="23740" timestamp="1042486083000"/>
        <file loc="include/xercesc/dom/DOMComment.hpp" md5sum="06754d79f3d949cf5c099980e5dcbf0a" perm="555" sizeinbytes="4254" timestamp="1042486082000"/>
        <file loc="include/xercesc/dom/DOMNamedNodeMap.hpp" md5sum="61f28aa3733b512cfc23c01c7e1c8633" perm="555" sizeinbytes="11906" timestamp="1042486083000"/>
        <file loc="include/xercesc/dom/DOMText.hpp" md5sum="b5e2706886bb096a8ff84165a92361b8" perm="555" sizeinbytes="9746" timestamp="1042486083000"/>
        <file loc="include/xercesc/dom/DOMRangeException.hpp" md5sum="9877be69aea5ab31819927a46f1702f0" perm="555" sizeinbytes="5839" timestamp="1042486083000"/>
        <file loc="include/xercesc/dom/DOMEntityReference.hpp" md5sum="4627431794b2b92810130c65c039b93a" perm="555" sizeinbytes="5521" timestamp="1042486082000"/>
        <file loc="include/xercesc/dom/DOMDocument.hpp" md5sum="8e9a189b93098688623a77e9df326ff6" perm="555" sizeinbytes="52735" timestamp="1042486082000"/>
        <file loc="include/xercesc/dom/DOMWriter.hpp" md5sum="716621f2ba4e44eb0fd7da3e71b649b0" perm="555" sizeinbytes="26900" timestamp="1042486083000"/>
        <file loc="include/xercesc/dom/DOMElement.hpp" md5sum="c435f512d5845a7aaa8b71d6a3404f07" perm="555" sizeinbytes="19584" timestamp="1042486082000"/>
        <file loc="include/xercesc/dom/DOMNode.hpp" md5sum="ff24faf1cf04e1567e443ec31d4cb013" perm="555" sizeinbytes="43571" timestamp="1042486083000"/>
        <file loc="include/xercesc/dom/deprecated/ChildNode.hpp" md5sum="d6942a118dee9d29fb07caacfb274b04" perm="555" sizeinbytes="3853" timestamp="1042486083000"/>
        <file loc="include/xercesc/dom/deprecated/DOM_DOMImplementation.hpp" md5sum="39c4ff38962909bdb4e41f85820088e4" perm="555" sizeinbytes="8018" timestamp="1042486083000"/>
        <file loc="include/xercesc/dom/deprecated/DOM_Text.hpp" md5sum="cd75125a902e5685969c42892c68335e" perm="555" sizeinbytes="7784" timestamp="1042486083000"/>
        <file loc="include/xercesc/dom/deprecated/DOM_CDATASection.hpp" md5sum="84a8ebf3ec12745e14b0ba64b2bef064" perm="555" sizeinbytes="5774" timestamp="1042486083000"/>
        <file loc="include/xercesc/dom/deprecated/DOM_Document.hpp" md5sum="a22d1dc675c20aadd563dd07baa568f8" perm="555" sizeinbytes="25757" timestamp="1042486083000"/>
        <file loc="include/xercesc/dom/deprecated/DOM_XMLDecl.hpp" md5sum="01e8ea85c943fd8b3a188023fe7c0f7f" perm="555" sizeinbytes="5774" timestamp="1042486083000"/>
        <file loc="include/xercesc/dom/deprecated/DOM_Notation.hpp" md5sum="686e653049ee85fbd295c7eb9a360e9d" perm="555" sizeinbytes="6547" timestamp="1042486083000"/>
        <file loc="include/xercesc/dom/deprecated/NodeIDMap.hpp" md5sum="c73ef08517c7a3ed1e62820f80c66eeb" perm="555" sizeinbytes="5117" timestamp="1042486083000"/>
        <file loc="include/xercesc/dom/deprecated/DOM_DocumentType.hpp" md5sum="be3640521e3b9dfa240755d76f45cc5d" perm="555" sizeinbytes="7693" timestamp="1042486083000"/>
        <file loc="include/xercesc/dom/deprecated/MemDebug.hpp" md5sum="1149ebf16d488742bd6ba136128afeef" perm="555" sizeinbytes="3653" timestamp="1042486083000"/>
        <file loc="include/xercesc/dom/deprecated/NameNodeFilter.hpp" md5sum="c9399e4f1242506865d193077c2c8ca1" perm="555" sizeinbytes="4159" timestamp="1042486083000"/>
        <file loc="include/xercesc/dom/deprecated/DOM_ProcessingInstruction.hpp" md5sum="3ac53c839dca820472df2f80761c1192" perm="555" sizeinbytes="6838" timestamp="1042486083000"/>
        <file loc="include/xercesc/dom/deprecated/DOM_Range.hpp" md5sum="2019eadf55db4998eea727aa1b0a45be" perm="555" sizeinbytes="5121" timestamp="1042486083000"/>
        <file loc="include/xercesc/dom/deprecated/ParentNode.hpp" md5sum="30736b4c56db3abd09f86d02969c6724" perm="555" sizeinbytes="6407" timestamp="1042486083000"/>
        <file loc="include/xercesc/dom/deprecated/DOM_Comment.hpp" md5sum="743694e42eabf2e7fbba257ca9c68339" perm="555" sizeinbytes="5493" timestamp="1042486083000"/>
        <file loc="include/xercesc/dom/deprecated/DOMParser.hpp" md5sum="2e2999d14916225f7d1e8ff38551b86d" perm="555" sizeinbytes="68335" timestamp="1042486083000"/>
        <file loc="include/xercesc/dom/deprecated/DOM_CharacterData.hpp" md5sum="338d5c2555adaa4257236cc7b1438420" perm="555" sizeinbytes="10867" timestamp="1042486083000"/>
        <file loc="include/xercesc/dom/deprecated/DOM_NodeList.hpp" md5sum="8fcc16e6038cbeadf16c078fc1bfe36f" perm="555" sizeinbytes="8239" timestamp="1042486083000"/>
        <file loc="include/xercesc/dom/deprecated/DOM_Element.hpp" md5sum="eed189bad1abf2e67a2957ba95de36d5" perm="555" sizeinbytes="19568" timestamp="1042486083000"/>
        <file loc="include/xercesc/dom/deprecated/DOMString.hpp" md5sum="c23d3350dd959e86138517c04da05f83" perm="555" sizeinbytes="15509" timestamp="1042486083000"/>
        <file loc="include/xercesc/dom/deprecated/DomMemDebug.hpp" md5sum="23e98b3c60677bc25c287e00eedd9a69" perm="555" sizeinbytes="4188" timestamp="1042486083000"/>
        <file loc="include/xercesc/dom/deprecated/DOM_DOMException.hpp" md5sum="6bb27223015bfb277078a5b1213754db" perm="555" sizeinbytes="6081" timestamp="1042486083000"/>
        <file loc="include/xercesc/dom/deprecated/DOM.hpp" md5sum="4b602ef7f37977a426c1e667fff88898" perm="555" sizeinbytes="3659" timestamp="1042486083000"/>
        <file loc="include/xercesc/dom/deprecated/DOM_Node.hpp" md5sum="e906437838353f37e4f8bc69679e2950" perm="555" sizeinbytes="25331" timestamp="1042486083000"/>
        <file loc="include/xercesc/dom/deprecated/NodeVector.hpp" md5sum="e52b339d7c0667787434d33f34e0f9ac" perm="555" sizeinbytes="4078" timestamp="1042486083000"/>
        <file loc="include/xercesc/dom/deprecated/DOM_TreeWalker.hpp" md5sum="75982612af37334c44667e7bacb9ed93" perm="555" sizeinbytes="10285" timestamp="1042486083000"/>
        <file loc="include/xercesc/dom/deprecated/DOM_NodeIterator.hpp" md5sum="4b88ff5db9c742d1065a07276c34e7ce" perm="555" sizeinbytes="8173" timestamp="1042486083000"/>
        <file loc="include/xercesc/dom/deprecated/DOM_DocumentFragment.hpp" md5sum="3829868cc14c91b2012169b8fe762c4b" perm="555" sizeinbytes="7891" timestamp="1042486083000"/>
        <file loc="include/xercesc/dom/deprecated/DOM_RangeException.hpp" md5sum="458db573f12c01807e5c91b20feb4941" perm="555" sizeinbytes="5197" timestamp="1042486083000"/>
        <file loc="include/xercesc/dom/deprecated/DOM_Attr.hpp" md5sum="ecf88d3bb31ab295aa77eec819cc1a70" perm="555" sizeinbytes="7793" timestamp="1042486083000"/>
        <file loc="include/xercesc/dom/deprecated/DOM_Entity.hpp" md5sum="f273042f4af18a2180990a7e2320fe57" perm="555" sizeinbytes="6308" timestamp="1042486083000"/>
        <file loc="include/xercesc/dom/deprecated/DOM_NodeFilter.hpp" md5sum="fdc9f72150e6ce0ae58b891105942eda" perm="555" sizeinbytes="7339" timestamp="1042486083000"/>
        <file loc="include/xercesc/dom/deprecated/DOM_EntityReference.hpp" md5sum="7261dd43dffdd885fc42ba33353d86c4" perm="555" sizeinbytes="5727" timestamp="1042486083000"/>
        <file loc="include/xercesc/dom/deprecated/DOM_NamedNodeMap.hpp" md5sum="e95921156349f2e52571a157d012cf37" perm="555" sizeinbytes="13768" timestamp="1042486083000"/>
        <file loc="include/xercesc/dom/DOMCDATASection.hpp" md5sum="c9c28d2ae20bc5e9247767c924634ef6" perm="555" sizeinbytes="6098" timestamp="1042486082000"/>
        <file loc="include/xercesc/dom/DOMDocumentRange.hpp" md5sum="ff31076d64e550cd43da46b381770acb" perm="555" sizeinbytes="4923" timestamp="1042486082000"/>
        <file loc="include/xercesc/dom/DOMException.hpp" md5sum="1a01612f97d24b9fc7ccdeb3c1e811c5" perm="555" sizeinbytes="9651" timestamp="1042486082000"/>
        <file loc="include/xercesc/dom/DOMNodeList.hpp" md5sum="3bcd7346cb8bffb6a47efb6ea7bf5cbc" perm="555" sizeinbytes="5544" timestamp="1042486083000"/>
        <file loc="include/xercesc/dom/DOM.hpp" md5sum="72e6d42faad614808a31c1203e469eeb" perm="555" sizeinbytes="4716" timestamp="1042486082000"/>
        <file loc="include/xercesc/dom/DOMImplementationRegistry.hpp" md5sum="183124dc22324490ffa94a1f266209a9" perm="555" sizeinbytes="5074" timestamp="1042486083000"/>
        <file loc="include/xercesc/dom/DOMProcessingInstruction.hpp" md5sum="f08d9440e8fe6d6e11421ca6cf8902a2" perm="555" sizeinbytes="5972" timestamp="1042486083000"/>
        <file loc="include/xercesc/dom/DOMLocator.hpp" md5sum="cf873ef5426ef7689bf7c6eee3c1d31e" perm="555" sizeinbytes="8482" timestamp="1042486083000"/>
        <file loc="include/xercesc/dom/DOMDocumentFragment.hpp" md5sum="8d5a2798c09d979f2e548c668b9e359a" perm="555" sizeinbytes="6370" timestamp="1042486082000"/>
        <file loc="include/xercesc/dom/DOMAttr.hpp" md5sum="5040d6be7ce67c565b98fc4262d0cc8e" perm="555" sizeinbytes="7318" timestamp="1042486082000"/>
        <file loc="include/xercesc/dom/DOMDocumentType.hpp" md5sum="3eaa2c3e4c4b34879f7303d5c9d03060" perm="555" sizeinbytes="7604" timestamp="1042486082000"/>
        <file loc="include/xercesc/dom/DOMImplementation.hpp" md5sum="aeba6601ab9feb68da352cb77c56ef4a" perm="555" sizeinbytes="13316" timestamp="1042486082000"/>
        <file loc="include/xercesc/dom/DOMBuilder.hpp" md5sum="3822cd5ff2bdc533b74e09a91a2406b1" perm="555" sizeinbytes="29782" timestamp="1042486082000"/>
        <file loc="include/xercesc/sax/DTDHandler.hpp" md5sum="79ce670c723894cf6fc0cda7ebdfbeba" perm="555" sizeinbytes="7858" timestamp="1042486084000"/>
        <file loc="include/xercesc/sax/InputSource.hpp" md5sum="d45c0bc3535105852f05e4931c095046" perm="555" sizeinbytes="14325" timestamp="1042486084000"/>
        <file loc="include/xercesc/sax/SAXException.hpp" md5sum="a55d41cce595a43d8a68b907c053c18a" perm="555" sizeinbytes="8025" timestamp="1042486084000"/>
        <file loc="include/xercesc/sax/AttributeList.hpp" md5sum="e71c9a3f456252bd50a46044a7de7e7b" perm="555" sizeinbytes="10907" timestamp="1042486084000"/>
        <file loc="include/xercesc/sax/EntityResolver.hpp" md5sum="44791ea2730c618ef05d2006b5bc9cf5" perm="555" sizeinbytes="8614" timestamp="1042486084000"/>
        <file loc="include/xercesc/sax/ErrorHandler.hpp" md5sum="c525fca14b42ee800f454b0b399c3529" perm="555" sizeinbytes="8686" timestamp="1042486084000"/>
        <file loc="include/xercesc/sax/DocumentHandler.hpp" md5sum="baa066a439635a00c373a51cbadc0305" perm="555" sizeinbytes="13367" timestamp="1042486084000"/>
        <file loc="include/xercesc/sax/HandlerBase.hpp" md5sum="5996d03ec9953234500549d10c2f69f0" perm="555" sizeinbytes="17785" timestamp="1042486084000"/>
        <file loc="include/xercesc/sax/Locator.hpp" md5sum="4603d7cb28d90ea61645bf8767ee9daf" perm="555" sizeinbytes="7023" timestamp="1042486084000"/>
        <file loc="include/xercesc/sax/SAXParseException.hpp" md5sum="360ff0c5d0979c176907c111f0802c9a" perm="555" sizeinbytes="8459" timestamp="1042486084000"/>
        <file loc="include/xercesc/sax/Parser.hpp" md5sum="9e5582df1c1fb0fa651cf5db27476125" perm="555" sizeinbytes="11665" timestamp="1042486084000"/>
        <file loc="lib/xerces-c_2.lib" md5sum="57a07e58e113f95690594f482810b838" perm="555" sizeinbytes="2091448" timestamp="1042486089000"/>
        <file loc="lib/xerces-c_2D.lib" md5sum="7077a870ed1dbd0bb6e134faa847c5ba" perm="555" sizeinbytes="2097700" timestamp="1042486089000"/>
        <file loc="bin/icutu32.dll" md5sum="7460dba204ec60e2dc6669c422e6c306" perm="555" sizeinbytes="61440" timestamp="1330490790000"/>
        <file loc="bin/icuin32.dll" md5sum="1fb3acf590afe01658b5120a0923532a" perm="555" sizeinbytes="999424" timestamp="1330490790000"/>
        <file loc="bin/xerces-c_2_1D.dll" md5sum="5d661f00be38fca4812afbfa131f4c5a" perm="555" sizeinbytes="2588755" timestamp="1042486082000"/>
        <file loc="bin/icuio32.dll" md5sum="f93607c63b75071cd91bbc7734509b3d" perm="555" sizeinbytes="44544" timestamp="1330490790000"/>
        <file loc="bin/icuuc32.dll" md5sum="d90a671492c3bb48176cdb1dd8b97247" perm="555" sizeinbytes="855552" timestamp="1330490790000"/>
        <file loc="bin/icuin32d.dll" md5sum="f0b9a3a2c5a46292da083e445b3275bc" perm="555" sizeinbytes="1786368" timestamp="1330490790000"/>
        <file loc="bin/icuuc32d.dll" md5sum="d275a040af5d08bb4cc3d93c55ba9da8" perm="555" sizeinbytes="1605632" timestamp="1330490789000"/>
        <file loc="bin/xerces-c_2_1.dll" md5sum="a356930f7d4132d2074808bcb1a9c4ae" perm="555" sizeinbytes="1892352" timestamp="1042486082000"/>
        <file loc="bin/icutu32d.dll" md5sum="2d6f87089d045808473d3025beaf651f" perm="555" sizeinbytes="123904" timestamp="1330490790000"/>
        <file loc="bin/iculx32.dll" md5sum="bfc90d7960a5480be5c8a1e3e701596d" perm="555" sizeinbytes="41984" timestamp="1330490790000"/>
        <file loc="bin/icudt32.dll" md5sum="96418f9e891a9ac49d5b7a46f4de700c" perm="555" sizeinbytes="8192" timestamp="1330490789000"/>
        <file loc="bin/icule32d.dll" md5sum="eda9f708b58d8541ab948cfa373eb751" perm="555" sizeinbytes="310784" timestamp="1330490790000"/>
        <file loc="bin/icule32.dll" md5sum="1712caaf892f3445b1bafd41babb0289" perm="555" sizeinbytes="175104" timestamp="1330490790000"/>
        <file loc="bin/icuio32d.dll" md5sum="f6508b1d7f026258372d9ebccf21d71d" perm="555" sizeinbytes="115712" timestamp="1330490790000"/>
        <file loc="bin/iculx32d.dll" md5sum="1e097098e09aab400311791df21c014b" perm="555" sizeinbytes="91648" timestamp="1330490790000"/>
    </installcomponent>
    <directorylist>
        <dir loc="include" perm="664" sizeinbytes="4729629"/>
        <dir loc="include/xercesc" perm="664" sizeinbytes="4725533"/>
        <dir loc="include/xercesc/parsers" perm="664" sizeinbytes="266995"/>
        <dir loc="include/xercesc/validators" perm="664" sizeinbytes="810360"/>
        <dir loc="include/xercesc/validators/common" perm="664" sizeinbytes="136594"/>
        <dir loc="include/xercesc/validators/schema" perm="664" sizeinbytes="350786"/>
        <dir loc="include/xercesc/validators/schema/identity" perm="664" sizeinbytes="114835"/>
        <dir loc="include/xercesc/validators/DTD" perm="664" sizeinbytes="83719"/>
        <dir loc="include/xercesc/validators/datatype" perm="664" sizeinbytes="235165"/>
        <dir loc="include/xercesc/sax2" perm="664" sizeinbytes="122984"/>
        <dir loc="include/xercesc/util" perm="664" sizeinbytes="2060357"/>
        <dir loc="include/xercesc/util/Transcoders" perm="664" sizeinbytes="49089"/>
        <dir loc="include/xercesc/util/Transcoders/ICU" perm="664" sizeinbytes="15535"/>
        <dir loc="include/xercesc/util/Transcoders/Iconv" perm="664" sizeinbytes="13390"/>
        <dir loc="include/xercesc/util/Transcoders/Win32" perm="664" sizeinbytes="16068"/>
        <dir loc="include/xercesc/util/Compilers" perm="664" sizeinbytes="144662"/>
        <dir loc="include/xercesc/util/MsgLoaders" perm="664" sizeinbytes="341675"/>
        <dir loc="include/xercesc/util/MsgLoaders/MsgCatalog" perm="664" sizeinbytes="10965"/>
        <dir loc="include/xercesc/util/MsgLoaders/ICU" perm="664" sizeinbytes="11156"/>
        <dir loc="include/xercesc/util/MsgLoaders/Win32" perm="664" sizeinbytes="10803"/>
        <dir loc="include/xercesc/util/MsgLoaders/InMemory" perm="664" sizeinbytes="304655"/>
        <dir loc="include/xercesc/util/regx" perm="664" sizeinbytes="615886"/>
        <dir loc="include/xercesc/util/Platforms" perm="664" sizeinbytes="88950"/>
        <dir loc="include/xercesc/util/Platforms/HPUX" perm="664" sizeinbytes="7763"/>
        <dir loc="include/xercesc/util/Platforms/Tandem" perm="664" sizeinbytes="7710"/>
        <dir loc="include/xercesc/util/Platforms/AIX" perm="664" sizeinbytes="7901"/>
        <dir loc="include/xercesc/util/Platforms/PTX" perm="664" sizeinbytes="7356"/>
        <dir loc="include/xercesc/util/Platforms/MacOS" perm="664" sizeinbytes="14647"/>
        <dir loc="include/xercesc/util/Platforms/Win32" perm="664" sizeinbytes="7995"/>
        <dir loc="include/xercesc/util/Platforms/Linux" perm="664" sizeinbytes="7892"/>
        <dir loc="include/xercesc/util/Platforms/Solaris" perm="664" sizeinbytes="7839"/>
        <dir loc="include/xercesc/util/Platforms/OS2" perm="664" sizeinbytes="7924"/>
        <dir loc="include/xercesc/util/Platforms/OS390" perm="664" sizeinbytes="7827"/>
        <dir loc="include/xercesc/internal" perm="664" sizeinbytes="220510"/>
        <dir loc="include/xercesc/framework" perm="664" sizeinbytes="315251"/>
        <dir loc="include/xercesc/dom" perm="664" sizeinbytes="804170"/>
        <dir loc="include/xercesc/dom/deprecated" perm="664" sizeinbytes="350420"/>
        <dir loc="include/xercesc/sax" perm="664" sizeinbytes="120810"/>
        <dir loc="lib" perm="664" sizeinbytes="4193244"/>
        <dir loc="bin" perm="664" sizeinbytes="10705491"/>
    </directorylist>
</installcomponents>
