<?xml version="1.0" encoding="UTF-8" standalone="no"?>
<installcomponents>
    <assemblyProperties displayName="TIBCO Hawk Administrator Common Plugins" installLocation="${hawk.home}"/>
    <installcomponent buildType="formal" currenttimestamp="03-08-2011-11-19-AM" prefix="product_tibco" sizeinbytes="178510" uid="hawk_admin_plugins_common" version="4.9.0.028">
        <file loc="lib/mar.jar" perm="644" sizeinbytes="34404" timestamp="1289871622000"/>
        <file loc="lib/monitoringconsolecommon.jar" perm="644" sizeinbytes="36269" timestamp="1289871622000"/>
        <file loc="lib/hawkconfigcommon.jar" perm="644" sizeinbytes="12515" timestamp="1289871622000"/>
        <file loc="lib/consolecorecommand.jar" perm="644" sizeinbytes="53617" timestamp="1289871622000"/>
        <file loc="lib/monitoringcommand.jar" perm="644" sizeinbytes="23492" timestamp="1289871622000"/>
        <file loc="bin/ConfigureMonitoring.tra_template" perm="644" sizeinbytes="2729" timestamp="1289969138000"/>
        <file loc="bin/mar.tra_template" perm="644" sizeinbytes="3196" timestamp="1289969138000"/>
    </installcomponent>
    <directorylist>
        <dir loc="lib" perm="664" sizeinbytes="164393"/>
        <dir loc="bin" perm="664" sizeinbytes="10021"/>
    </directorylist>
</installcomponents>
