<?xml version="1.0" encoding="UTF-8" standalone="no"?>
<installcomponents>
    <assemblyProperties displayName="TIBCO Rendezvous Common Source"/>
    <installcomponent buildType="formal" currenttimestamp="02-11-2014-10-50-PM" prefix="product_tibco" sizeinbytes="796673" uid="rv_source_common" version="8.4.2.005">
        <file loc="src/librvcpp/msg.cpp" md5sum="c79e65409f0fb2e07cd4ca4bc58a8c7b" perm="444" sizeinbytes="30007" timestamp="1392150920000"/>
        <file loc="src/librvcpp/testcpp.cpp" md5sum="1332c5f237fce4e30ec044cdff760e74" perm="444" sizeinbytes="4535" timestamp="1392150920000"/>
        <file loc="src/librvcpp/ft.cpp" md5sum="3b2e88979fa58ce8b0accd9be0207b47" perm="444" sizeinbytes="7517" timestamp="1392150920000"/>
        <file loc="src/librvcpp/cmq.cpp" md5sum="24611e3973f89068179aaaf8c60956cb" perm="444" sizeinbytes="5072" timestamp="1392150920000"/>
        <file loc="src/librvcpp/cm.cpp" md5sum="bde6b8949b38c927834f545be0a4997e" perm="444" sizeinbytes="13300" timestamp="1392150920000"/>
        <file loc="src/librvcpp/Makefile" md5sum="e80c63466acf30f400327ba36cccd3a1" perm="444" sizeinbytes="2798" timestamp="1392150920000"/>
        <file loc="src/librvcpp/event.cpp" md5sum="a09f93fa661c28b6ff6bd8c073533448" perm="444" sizeinbytes="12738" timestamp="1392150920000"/>
        <file loc="src/librvcpp/sd.cpp" md5sum="8eac611230a47276dd182623994ac15c" perm="444" sizeinbytes="1489" timestamp="1392150920000"/>
        <file loc="src/librvcpp/tibrv.cpp" md5sum="62109878f1f060ed55c0f54f0e6296cb" perm="444" sizeinbytes="775" timestamp="1392150920000"/>
        <file loc="src/librvcpp/tport.cpp" md5sum="84fb92d10506e0bbd57de79464cb32b2" perm="444" sizeinbytes="6712" timestamp="1392150920000"/>
        <file loc="src/librvcpp/disp.cpp" md5sum="c159f8d8f96a2441ebccbe88703d9e07" perm="444" sizeinbytes="1893" timestamp="1392150920000"/>
        <file loc="src/librvcpp/qgroup.cpp" md5sum="2b8980630664bbbad6fadba90f193dab" perm="444" sizeinbytes="1967" timestamp="1392150920000"/>
        <file loc="src/librvcpp/queue.cpp" md5sum="e413c7aa862bbab6e936b16a09499913" perm="444" sizeinbytes="3676" timestamp="1392150920000"/>
        <file loc="src/examples/c/tibrvdqlisten.c" md5sum="aff1d845f2ff5489e5de7b7c86088e50" perm="444" sizeinbytes="9790" timestamp="1392150953000"/>
        <file loc="src/examples/c/tibrvmultisend.c" md5sum="8387f6aa0e125fb8cda66cffe8d95ff1" perm="444" sizeinbytes="15332" timestamp="1392150953000"/>
        <file loc="src/examples/c/tibrvreviewldgr.c" md5sum="63bfea057756d89d9a3cecadf5b8263e" perm="444" sizeinbytes="13202" timestamp="1392150953000"/>
        <file loc="src/examples/c/README.cexamples" md5sum="1287d5b6acff9c2b815d08867dfb9bfe" perm="444" sizeinbytes="3830" timestamp="1392150953000"/>
        <file loc="src/examples/c/priority.c" md5sum="273e9a4389c406ba67a4fcdaf9a8c779" perm="444" sizeinbytes="4165" timestamp="1392150953000"/>
        <file loc="src/examples/c/tibrvvcclient.c" md5sum="9c0a7611aeefb1ae7e47be1489bf0088" perm="444" sizeinbytes="28110" timestamp="1392150953000"/>
        <file loc="src/examples/c/tibrvsend.c" md5sum="a13e8ff4dcb23487872697336944c6be" perm="444" sizeinbytes="7658" timestamp="1392150953000"/>
        <file loc="src/examples/c/tibrvvectorlisten.c" md5sum="4a7efaeb59077421795921c98127ed77" perm="444" sizeinbytes="11545" timestamp="1392150953000"/>
        <file loc="src/examples/c/dispatcher.c" md5sum="eccf36a8d913a36b21b50204db309ff7" perm="444" sizeinbytes="6813" timestamp="1392150953000"/>
        <file loc="src/examples/c/tibrvlisten.c" md5sum="7174733a3813e2714e42eaec3af538b9" perm="444" sizeinbytes="8119" timestamp="1392150953000"/>
        <file loc="src/examples/c/usertypes.c" md5sum="e4fbd8a5d54226617e6e8f5380bc539c" perm="444" sizeinbytes="5675" timestamp="1392150953000"/>
        <file loc="src/examples/c/Makefile.example" md5sum="7641b0f3a5a5462b175eab73dc9d4e7f" perm="444" sizeinbytes="5269" timestamp="1392150953000"/>
        <file loc="src/examples/c/tibrvserver.c" md5sum="fce63741241b75d0a0262ed273544e91" perm="444" sizeinbytes="17459" timestamp="1392150953000"/>
        <file loc="src/examples/c/tibrvvcserver.c" md5sum="f3af5aa886338c5f65244e3a707e8825" perm="444" sizeinbytes="29805" timestamp="1392150953000"/>
        <file loc="src/examples/c/tibrvcmsend.c" md5sum="100f16e4538210bdda2d581096eb0013" perm="444" sizeinbytes="9411" timestamp="1392150953000"/>
        <file loc="src/examples/c/tibrvfttime.c" md5sum="a3996c2129b43623ac1132f75680a109" perm="444" sizeinbytes="12877" timestamp="1392150953000"/>
        <file loc="src/examples/c/tibrvclient.c" md5sum="c7155369f22c386d1223c82d3d36d2bf" perm="444" sizeinbytes="24467" timestamp="1392150953000"/>
        <file loc="src/examples/c/tibrvftmon.c" md5sum="da896f1c7e1ef3a092c83e251ad2943d" perm="444" sizeinbytes="4663" timestamp="1392150953000"/>
        <file loc="src/examples/c/tibrvvectorlistentester.c" md5sum="e97a897f413c5c00645962df924a8ff9" perm="444" sizeinbytes="7138" timestamp="1392150953000"/>
        <file loc="src/examples/c/tibrvcmlisten.c" md5sum="8aa32bc8e5f1fff3275d0ce8592dae93" perm="444" sizeinbytes="9623" timestamp="1392150953000"/>
        <file loc="src/examples/c/tibrvinitval.c" md5sum="9142e65e5921687bc18d89d650a682c4" perm="444" sizeinbytes="11307" timestamp="1392150953000"/>
        <file loc="src/examples/cpp/Makefile.cplus" md5sum="55a00534f4ae12cb262f5600432bd48d" perm="444" sizeinbytes="6756" timestamp="1392150953000"/>
        <file loc="src/examples/cpp/tibrvlisten.cpp" md5sum="7b2f1d5685714f0d8706e81f7ea3d959" perm="444" sizeinbytes="6380" timestamp="1392150953000"/>
        <file loc="src/examples/cpp/cmqmember.cpp" md5sum="2e6c01e72f3f87fae19c2040f5f45b08" perm="444" sizeinbytes="5739" timestamp="1392150953000"/>
        <file loc="src/examples/cpp/cmsender.cpp" md5sum="c77e80c80b85aafc0b2caaf2e10973d7" perm="444" sizeinbytes="8296" timestamp="1392150953000"/>
        <file loc="src/examples/cpp/README.cppexamples" md5sum="81fc192c47fcab994de56af1bb674944" perm="444" sizeinbytes="1721" timestamp="1392150953000"/>
        <file loc="src/examples/cpp/usertypes.cpp" md5sum="df9d56711503e2e10f325f776810a781" perm="444" sizeinbytes="19284" timestamp="1392150953000"/>
        <file loc="src/examples/cpp/cmlistener.cpp" md5sum="9ef11659d418a9ece5fda8217156c7ba" perm="444" sizeinbytes="6079" timestamp="1392150953000"/>
        <file loc="src/examples/cpp/tibrvvectoredlisten.cpp" md5sum="c698bdd0df17a14e4e003aceeda14eef" perm="444" sizeinbytes="6576" timestamp="1392150953000"/>
        <file loc="src/examples/cpp/tibrvsend.cpp" md5sum="e1288b009b369b0b956ab43dc5c2757b" perm="444" sizeinbytes="5580" timestamp="1392150953000"/>
        <file loc="src/examples/cpp/priority.cpp" md5sum="e0b5896f157219c0b7327f1be7853e84" perm="444" sizeinbytes="3733" timestamp="1392150953000"/>
        <file loc="src/examples/cpp/dispatcher.cpp" md5sum="c4c279b448ec6f224f54d98bf93ad562" perm="444" sizeinbytes="6306" timestamp="1392150953000"/>
        <file loc="src/examples/java/UnicodeSend.java" md5sum="22db3c33708c7decc6714df0e7b332b4" perm="444" sizeinbytes="9947" timestamp="1392150956000"/>
        <file loc="src/examples/java/tibrvlisten.java" md5sum="eb243981c2120b6c8d3d856a26df98ff" perm="444" sizeinbytes="4943" timestamp="1392150956000"/>
        <file loc="src/examples/java/Base64.java" md5sum="e9d5a3538539d227ccb7e95581f117ed" perm="444" sizeinbytes="4472" timestamp="1392150956000"/>
        <file loc="src/examples/java/tibrvftmon.java" md5sum="f06b174b5467fc362225297595ed4368" perm="444" sizeinbytes="4653" timestamp="1392150956000"/>
        <file loc="src/examples/java/cmsender.java" md5sum="72a2340bf5a11a345d19024047041ade" perm="444" sizeinbytes="10034" timestamp="1392150956000"/>
        <file loc="src/examples/java/tibrvsend.java" md5sum="ded7733b9a497d71b3e47dd06b4db382" perm="444" sizeinbytes="6739" timestamp="1392150956000"/>
        <file loc="src/examples/java/usertypes.java" md5sum="7fdf695f4eea0442b6a3635abc12589b" perm="444" sizeinbytes="5510" timestamp="1392150956000"/>
        <file loc="src/examples/java/TibrvVectorListenerTester.java" md5sum="202d564e8ab6665993f3664164afea17" perm="444" sizeinbytes="7509" timestamp="1392150956000"/>
        <file loc="src/examples/java/cmqmember.java" md5sum="5187533b298e0a9b2a5dc2123a8553ee" perm="444" sizeinbytes="6852" timestamp="1392150956000"/>
        <file loc="src/examples/java/tibrvclient.java" md5sum="b0f2b9b22c931b5f4b89dff248a0cae8" perm="444" sizeinbytes="15825" timestamp="1392150956000"/>
        <file loc="src/examples/java/tibrvserver.java" md5sum="573f19fd32d65550e318c786c1c09623" perm="444" sizeinbytes="10578" timestamp="1392150956000"/>
        <file loc="src/examples/java/dispatcher.java" md5sum="fca90f9fc517c75332c2ab9545ae686f" perm="444" sizeinbytes="4952" timestamp="1392150956000"/>
        <file loc="src/examples/java/README.javaexamples" md5sum="107a15c0fa41cf0148b8fae5a1ea0a8b" perm="444" sizeinbytes="3845" timestamp="1392150956000"/>
        <file loc="src/examples/java/AuthenticationFilter.java" md5sum="f5d5fdbd31acb9580213cedfee1bf46c" perm="444" sizeinbytes="6979" timestamp="1392150956000"/>
        <file loc="src/examples/java/sendobject.java" md5sum="2c4c64afc6bade6b58ddfca42f83c935" perm="444" sizeinbytes="9811" timestamp="1392150956000"/>
        <file loc="src/examples/java/tibrvfttime.java" md5sum="56d8b4e2f4ecf8fdc98aef53d1fa30e3" perm="444" sizeinbytes="11209" timestamp="1392150956000"/>
        <file loc="src/examples/java/tibrvmultisend.java" md5sum="a2d6b98d424481ae534905bdf60f72b7" perm="444" sizeinbytes="18958" timestamp="1392150956000"/>
        <file loc="src/examples/java/TibrvVectoredListen.java" md5sum="90fb5dd09219829b02d3ee2044a0c0f9" perm="444" sizeinbytes="8652" timestamp="1392150956000"/>
        <file loc="src/examples/java/cmlistener.java" md5sum="0ad28b1cb308c0b7983da8d2635c8143" perm="444" sizeinbytes="7819" timestamp="1392150956000"/>
        <file loc="src/examples/java/VectoredDispatcher.java" md5sum="5dfc7676179409832d662041aed6937f" perm="444" sizeinbytes="4648" timestamp="1392150956000"/>
        <file loc="src/examples/java/UnicodeListen.java" md5sum="08e62e1cf90eb5b079b59b620da17de2" perm="444" sizeinbytes="9841" timestamp="1392150956000"/>
        <file loc="src/examples/java/priority.java" md5sum="f28048e646e89a97da3ccd21c42f4072" perm="444" sizeinbytes="3597" timestamp="1392150956000"/>
        <file loc="src/examples/perl/priority.pl" md5sum="ad6ce786b2dce08fe71ce94e985edcd8" perm="444" sizeinbytes="2688" timestamp="1392150953000"/>
        <file loc="src/examples/perl/tibrvsend.pl" md5sum="173a73670d41e433f815f24058d47fa4" perm="444" sizeinbytes="1863" timestamp="1392150953000"/>
        <file loc="src/examples/perl/tibrvftmon.pl" md5sum="4a964134db78db30af73c0da3fcee5df" perm="444" sizeinbytes="1377" timestamp="1392150953000"/>
        <file loc="src/examples/perl/tibrvfttime.pl" md5sum="4c5229ae8f1e19004f012494201c3e4f" perm="444" sizeinbytes="3580" timestamp="1392150953000"/>
        <file loc="src/examples/perl/tibrvlisten.pl" md5sum="a289a4c7f43c88ef3b2cda7a65657ad5" perm="444" sizeinbytes="2263" timestamp="1392150953000"/>
        <file loc="src/examples/configapi/Example.java" md5sum="fb16f6b14d96344a324f58db6d7f1a59" perm="444" sizeinbytes="7177" timestamp="1392150955000"/>
        <file loc="src/examples/utilities/rvd" md5sum="13f235bea3117a21bded347b91a925b9" perm="555" sizeinbytes="931" timestamp="1392150953000"/>
        <file loc="src/perl/Tibrvcm/test.pl" md5sum="3a8b5a6c0aec69a5dc0bd1123e02a00c" perm="444" sizeinbytes="5696" timestamp="1392150935000"/>
        <file loc="src/perl/Tibrvcm/typemap" md5sum="ebbc8913c3f10521d3e5752a8c791aa0" perm="444" sizeinbytes="707" timestamp="1392150936000"/>
        <file loc="src/perl/Tibrvcm/Changes" md5sum="388f7db233da3dcf259c7058fb4960ee" perm="444" sizeinbytes="120" timestamp="1392150935000"/>
        <file loc="src/perl/Tibrvcm/MANIFEST" md5sum="ddb614d63955e78b354a022d9b53ea44" perm="444" sizeinbytes="67" timestamp="1392150936000"/>
        <file loc="src/perl/Tibrvcm/Tibrvcm.xs" md5sum="193baf67668cdfe2a1a6ac32b4d9586d" perm="444" sizeinbytes="16365" timestamp="1392150935000"/>
        <file loc="src/perl/Tibrvcm/Makefile.PL" md5sum="30e88bd995d1c77a7e78cf7ea74601a8" perm="444" sizeinbytes="2098" timestamp="1392150935000"/>
        <file loc="src/perl/Tibrvcm/Tibrvcm.pm" md5sum="f5495332a695bdaef892a7fbaa826609" perm="444" sizeinbytes="5945" timestamp="1392150936000"/>
        <file loc="src/perl/Tibrv/test.pl" md5sum="e2f7e044c84f3eecea70555ee1b7907a" perm="444" sizeinbytes="12514" timestamp="1392150935000"/>
        <file loc="src/perl/Tibrv/Changes" md5sum="d86949c63006dbbffd3a730419a3ee15" perm="444" sizeinbytes="118" timestamp="1392150935000"/>
        <file loc="src/perl/Tibrv/MANIFEST" md5sum="2802c571289e2455bdafd4975538eee1" perm="444" sizeinbytes="121" timestamp="1392150935000"/>
        <file loc="src/perl/Tibrv/Tibrv.pm" md5sum="391d23dc850cd91e872e924c94feb037" perm="444" sizeinbytes="15767" timestamp="1392150935000"/>
        <file loc="src/perl/Tibrv/Makefile.PL" md5sum="096759f10f1f1c531a3a83fda8e8c9dc" perm="444" sizeinbytes="2333" timestamp="1392150935000"/>
        <file loc="src/perl/Tibrv/Tibrv.xs" md5sum="d6046cfe1207d391fc02d3be62f03cea" perm="444" sizeinbytes="42516" timestamp="1392150935000"/>
        <file loc="src/perl/Tibrv/typemap" md5sum="60771ed303754aa13d10241473d1173a" perm="444" sizeinbytes="1172" timestamp="1392150935000"/>
        <file loc="src/perl/Tibrvft/typemap" md5sum="fc5d0ecbd21846c4b520e1569819a3e9" perm="444" sizeinbytes="507" timestamp="1392150936000"/>
        <file loc="src/perl/Tibrvft/Makefile.PL" md5sum="34b8398f189b6fc6851d55a1c15a109f" perm="444" sizeinbytes="1643" timestamp="1392150936000"/>
        <file loc="src/perl/Tibrvft/MANIFEST" md5sum="8723f4408244fb482388bfec3776c840" perm="444" sizeinbytes="67" timestamp="1392150936000"/>
        <file loc="src/perl/Tibrvft/Changes" md5sum="2b2d45406027cde942d4545915359924" perm="444" sizeinbytes="115" timestamp="1392150936000"/>
        <file loc="src/perl/Tibrvft/Tibrvft.pm" md5sum="55b5a334738302ba555988afeded03cd" perm="444" sizeinbytes="3348" timestamp="1392150936000"/>
        <file loc="src/perl/Tibrvft/test.pl" md5sum="c35de2956efa560189cc22dbaccd471b" perm="444" sizeinbytes="4755" timestamp="1392150936000"/>
        <file loc="src/perl/Tibrvft/Tibrvft.xs" md5sum="d18228cbdf7116d1aadcb2f82b317ee4" perm="444" sizeinbytes="8223" timestamp="1392150936000"/>
        <file loc="src/perl/README" md5sum="20aa407dc0c8b441513ec9d9f15575f3" perm="444" sizeinbytes="2693" timestamp="1392150936000"/>
    </installcomponent>
    <directorylist>
        <dir loc="src" perm="664" sizeinbytes="792577"/>
        <dir loc="src/librvcpp" perm="664" sizeinbytes="96575"/>
        <dir loc="src/examples" perm="664" sizeinbytes="548632"/>
        <dir loc="src/examples/c" perm="664" sizeinbytes="250354"/>
        <dir loc="src/examples/cpp" perm="664" sizeinbytes="80546"/>
        <dir loc="src/examples/java" perm="664" sizeinbytes="181469"/>
        <dir loc="src/examples/perl" perm="664" sizeinbytes="15867"/>
        <dir loc="src/examples/configapi" perm="664" sizeinbytes="11273"/>
        <dir loc="src/examples/utilities" perm="664" sizeinbytes="5027"/>
        <dir loc="src/perl" perm="664" sizeinbytes="143274"/>
        <dir loc="src/perl/Tibrvcm" perm="664" sizeinbytes="35094"/>
        <dir loc="src/perl/Tibrv" perm="664" sizeinbytes="78637"/>
        <dir loc="src/perl/Tibrvft" perm="664" sizeinbytes="22754"/>
    </directorylist>
</installcomponents>
