<?xml version="1.0" encoding="UTF-8" standalone="no"?>
<installcomponents>
    <assemblyProperties displayName="TIBCO Hawk RuleBase" installLocation="${hawk.home}"/>
    <installcomponent buildType="formal" currenttimestamp="11-19-2010-02-56-PM" prefix="product_tibco" sizeinbytes="49537" uid="hawk_rulebase" version="4.9.0.028">
        <file loc="config/TibRendezvous.hrb" perm="644" sizeinbytes="15561" timestamp="1289871621000"/>
        <file loc="autoconfig/WinNT.hrb" perm="644" sizeinbytes="11356" timestamp="1289872328000"/>
        <file loc="autoconfig/schedules.hsf" perm="644" sizeinbytes="1473" timestamp="1289871690000"/>
        <file loc="autoconfig/HawkWindowsEventLog.hrb" perm="644" sizeinbytes="8859" timestamp="1289872328000"/>
    </installcomponent>
    <directorylist>
        <dir loc="config" perm="664" sizeinbytes="19657"/>
        <dir loc="autoconfig" perm="664" sizeinbytes="25784"/>
    </directorylist>
</installcomponents>
