<?xml version="1.0" encoding="UTF-8" standalone="no"?>
<installcomponents>
    <assemblyProperties displayName="TIBCO Rendezvous IPM Common Source"/>
    <installcomponent buildType="formal" currenttimestamp="02-11-2014-10-53-PM" prefix="product_tibco" sizeinbytes="21294" uid="ipm_source_common" version="8.4.2.005">
        <file loc="src/examples/IPM/tibrvipm.cfg" md5sum="32818975f4393e4bd45681d66b1e82cd" perm="444" sizeinbytes="4910" timestamp="1392150953000"/>
    </installcomponent>
    <directorylist>
        <dir loc="src" perm="664" sizeinbytes="17198"/>
        <dir loc="src/examples" perm="664" sizeinbytes="13102"/>
        <dir loc="src/examples/IPM" perm="664" sizeinbytes="9006"/>
    </directorylist>
</installcomponents>
