<?xml version="1.0" encoding="UTF-8"?>
<feature
      id="com.tibco.jms.jmsclient.feature"
      label="%featureName"
      version="5.1.0.001"
      provider-name="%providerName">

   <description>
      %description
   </description>

   <copyright>
      %copyright
   </copyright>

   <license url="%licenseURL">
      %license
   </license>

   <requires>
      <import feature="com.tibco.tpcl.javax.jms.feature" version="1.1.100"/>
      <import feature="com.tibco.security.tibcrypt.feature" version="2.14.0"/>
      <import feature="com.tibco.tpcl.javax.system.exports.feature" version="5.0.0" match="compatible"/>
      <import feature="com.tibco.tpcl.javax.transaction.feature" version="1.1.0" match="compatible"/>
   </requires>

   <plugin
         id="com.tibco.jms.jmsclient.admin"
         download-size="0"
         install-size="0"
         version="5.1.0.001"/>

   <plugin
         id="com.tibco.jms.jmsclient.rv"
         download-size="0"
         install-size="0"
         version="5.1.0.001"/>

   <plugin
         id="com.tibco.jms.jmsclient"
         download-size="0"
         install-size="0"
         version="5.1.0.001"/>

   <plugin
         id="com.tibco.jms.jmsclient.ufo"
         download-size="0"
         install-size="0"
         version="5.1.0.001"/>

</feature>
