<?xml version="1.0" encoding="UTF-8"?>
<feature
      id="com.tibco.hawk.core.feature"
      label="TIBCO Hawk Core Feature"
      version="4.9.0.023"
      provider-name="TIBCO Software Inc.">

   <description url="http://www.tibco.com/hawk/description">
      [Enter Feature Description here.]
   </description>

   <copyright url="http://www.tibco.com/hawk/copyright">
      [Enter Copyright Description here.]
   </copyright>

   <license url="http://www.tibco.com/hawk/license">
      [Enter License Description here.]
   </license>
   
   <requires>
      <import feature="com.tibco.tpcl.javax.system.exports.feature" version="5.0.100" match="compatible"/>   
      <import feature="com.tibco.tpcl.javax.mail.feature" version="1.4.0" match="compatible"/>   
      <import feature="com.tibco.tpcl.javax.activation.feature" version="1.1.0" match="compatible"/>   
      <import feature="com.tibco.security.tibcrypt.feature" version="2.14.0" match="compatible"/>
      <import feature="com.tibco.rv.rvclient.feature" version="7.5.4" match="compatible"/>
      <import feature="com.tibco.tpcl.javax.jms.feature" version="1.1.0" match="compatible"/>
      <import feature="com.tibco.jms.jmsclient.feature" version="5.1.0" match="compatible"/>
      <import feature="com.tibco.security.tibcrypt.feature" version="2.14.0" match="compatible"/>
      <import feature="com.tibco.rv.rvclient.feature" version="7.5.4" match="compatible"/>
      <import feature="com.tibco.hawk.dependencies.feature" version="4.9.0" match="compatible"/>      
      <import feature="com.tibco.hawk.tpcl.feature" version="4.9.0" match="compatible"/>
   </requires>

   <plugin
         id="com.tibco.hawk.util"
         download-size="0"
         install-size="0"
         version="4.9.0.016"
         unpack="false"/>    
   
   <plugin
         id="com.tibco.hawk.talon"
         download-size="0"
         install-size="0"
         version="4.9.0.009"
         unpack="false"/>

   <plugin
         id="com.tibco.hawk.configobject"
         download-size="0"
         install-size="0"
         version="4.9.0.011"
         unpack="false"/>   
                  
   <plugin
         id="com.tibco.hawk.console"
         download-size="0"
         install-size="0"
         version="4.9.0.017"
         unpack="false"/>                                  
                             
</feature>
