<?xml version="1.0" encoding="UTF-8" standalone="no"?>
<installcomponents>
    <assemblyProperties displayName="TIBCO Designer Common" installLocation="${designer.home}"/>
    <wizardAction class="com.tibco.installer.wizard.action.TIBCOCreateWindowsShortcutWizardAction" sequence="post-install">
        <property shortcutFolder="TIBCO/${tibco.environment.name}/TIBCO Designer ${designer.short.version}"/>
        <property shortcutName="Readme"/>
        <property shortcutTarget="${tibco.home.esc}/release_notes/TIB_Designer_${designer.version}_readme.txt"/>
        <property shortcutArgs=""/>
        <property shortcutIcon=""/>
        <property shortcutWorkingDirectory="${tibco.home.esc}"/>
        <property showProgress="true"/>
        <property description="Creating TIBCO Designer Readme Shortcut"/>
    </wizardAction>
    <wizardAction class="com.tibco.installer.wizard.action.TIBCORemoveWindowsShortcutWizardAction" sequence="post-uninstall">
        <property shortcutFolder="TIBCO/${tibco.environment.name}/TIBCO Designer ${designer.short.version}"/>
        <property shortcutName="Readme"/>
        <property showProgress="true"/>
        <property description="Removing TIBCO Designer Readme Shortcut"/>
    </wizardAction>
    <installcomponent buildType="formal" currenttimestamp="11-14-2012-11-01-AM" prefix="product_tibco" sizeinbytes="15603" uid="designer_common" version="5.8.0.010">
        <file loc="setup/post-install.xml" md5sum="93589243eb886a04cbd7f680eeacd34b" perm="644" sizeinbytes="7411" timestamp="1351384600000"/>
    </installcomponent>
    <directorylist>
        <dir loc="setup" perm="664" sizeinbytes="11507"/>
    </directorylist>
</installcomponents>
