<?xml version="1.0" encoding="UTF-8"?>
<feature
      id="com.tibco.tpcl.org.hsqldb.feature"
      label="%featureName"
      version="1.8.200.003"
      provider-name="%providerName">

   <description>
       %description
   </description>

   <copyright>
       %copyright
   </copyright>

   <license url="%licenseURL">
       %license
   </license>

   <requires>
      <import feature="com.tibco.tpcl.javax.system.exports.feature" version="5.0.0"/>
      <import feature="com.tibco.tpcl.javax.transaction.feature" version="1.0.1"/>
   </requires>

   <plugin
         id="com.tibco.tpcl.org.hsqldb"
         download-size="0"
         install-size="0"
         version="1.8.200.002"/>

</feature>
