<?xml version="1.0" encoding="UTF-8" standalone="no"?>
<installcomponents>
    <assemblyProperties displayName="Third Party Core Libraries - Jakarta Client" installLocation="${tpcl.home}"/>
    <installcomponent buildType="formal" currenttimestamp="10-23-2012-11-59-PM" prefix="product_tibco" sizeinbytes="515429" uid="tpcl_jakartaclient" version="3.0.1.003">
        <file loc="lib/commons-httpclient.jar" md5sum="2da296e01d1b5ba25310b895a860ba5a" perm="555" sizeinbytes="223360" timestamp="1121190624000"/>
        <file loc="lib/httpclient_3.0/commons-httpclient.jar" md5sum="456245a3b1b49eb51c57d037acebfefc" perm="555" sizeinbytes="279781" timestamp="1147022530000"/>
    </installcomponent>
    <directorylist>
        <dir loc="lib" perm="664" sizeinbytes="511333"/>
        <dir loc="lib/httpclient_3.0" perm="664" sizeinbytes="283877"/>
    </directorylist>
</installcomponents>
