<?xml version="1.0" encoding="UTF-8" standalone="no"?>
<installcomponents>
    <assemblyProperties displayName="Third Party Core Libraries - Log4J" installLocation="${tpcl.home}"/>
    <installcomponent buildType="formal" currenttimestamp="10-23-2012-10-01-PM" prefix="product_tibco" sizeinbytes="3308106" uid="tpcl_log4j" version="1.2.5.003">
        <file loc="lib/jcl-over-slf4j-1.5.2.jar" md5sum="3d91ba9b9e30d50e14873609ff024972" perm="555" sizeinbytes="16412" timestamp="1289255670000"/>
        <file loc="lib/iculed.lib" md5sum="86f74438981fa561b06cadaa02bba0c2" perm="555" sizeinbytes="45066" timestamp="1330490793000"/>
        <file loc="lib/slf4j-simple-1.5.2.jar" md5sum="2e288ca747c6066cf7559a504754922c" perm="555" sizeinbytes="7478" timestamp="1282421959000"/>
        <file loc="lib/icuucd.lib" md5sum="d8db7b00d764ff85b4ff15fa6ba2f218" perm="555" sizeinbytes="550814" timestamp="1330490793000"/>
        <file loc="lib/iculx.lib" md5sum="f80e867db3ee494a58664a08b300fe4d" perm="555" sizeinbytes="43134" timestamp="1330490793000"/>
        <file loc="lib/icutud.lib" md5sum="5152041f5d480a621e11ca6ee8fa437a" perm="555" sizeinbytes="22738" timestamp="1330490793000"/>
        <file loc="lib/log4j-1.2.15.jar" md5sum="4d4609998fbc124ce6f0d1d48fca2614" perm="555" sizeinbytes="391834" timestamp="1188026986000"/>
        <file loc="lib/icudt.lib" md5sum="80930445fc4593a4e8dad3dca913133c" perm="555" sizeinbytes="1704" timestamp="1330490793000"/>
        <file loc="lib/slf4j-log4j12-1.5.2.jar" md5sum="e8586f2ccdc618e234d8c849d9708e51" perm="555" sizeinbytes="9501" timestamp="1272580767000"/>
        <file loc="lib/icuuc.lib" md5sum="e1b85b5e7ea8135e8f0bb58a0bc10e56" perm="555" sizeinbytes="549098" timestamp="1330490793000"/>
        <file loc="lib/icuiod.lib" md5sum="6d89ece72abe722253e8df3c7547a2dc" perm="555" sizeinbytes="11242" timestamp="1330490793000"/>
        <file loc="lib/icuin.lib" md5sum="e79bbbce8719d658e01b056fac64e12c" perm="555" sizeinbytes="754774" timestamp="1330490793000"/>
        <file loc="lib/iculxd.lib" md5sum="ff2bcf49267226023562c13ebe1e052f" perm="555" sizeinbytes="43272" timestamp="1330490793000"/>
        <file loc="lib/icutu.lib" md5sum="f58d086409225d7a8530a5193350bf0d" perm="555" sizeinbytes="22648" timestamp="1330490793000"/>
        <file loc="lib/slf4j-api-1.5.2.jar" md5sum="65b1f7e4cf16bc840a248be52abee315" perm="555" sizeinbytes="17383" timestamp="1272580767000"/>
        <file loc="lib/icule.lib" md5sum="c0918e425f8ddbb8747a0a9f14a8b8ed" perm="555" sizeinbytes="44946" timestamp="1330490793000"/>
        <file loc="lib/icuind.lib" md5sum="d985597faec12947167ad7e0ddaa5852" perm="555" sizeinbytes="756680" timestamp="1330490794000"/>
        <file loc="lib/icuio.lib" md5sum="86d35c91db49eb7004c040af126addec" perm="555" sizeinbytes="11190" timestamp="1330490793000"/>
    </installcomponent>
    <directorylist>
        <dir loc="lib" perm="664" sizeinbytes="3304010"/>
    </directorylist>
</installcomponents>
