<?xml version="1.0" encoding="UTF-8" standalone="no"?>
<installcomponents>
    <assemblyProperties displayName="Third Party Core Libraries - OPENSSL" installLocation="${tpcl.home}"/>
    <installcomponent buildType="formal" currenttimestamp="10-23-2012-07-20-PM" prefix="product_tibco" sizeinbytes="1592320" uid="tpcl_openssl" version="4.4.3.003">
        <file loc="bin/libeay32.dll" md5sum="a355df55009b27969c2dab7433588838" perm="555" sizeinbytes="1343488" timestamp="1206695566000"/>
        <file loc="bin/ssleay32.dll" md5sum="d846bbdd91a5a1b369d180bba14981b8" perm="555" sizeinbytes="240640" timestamp="1206695567000"/>
    </installcomponent>
    <directorylist>
        <dir loc="bin" perm="664" sizeinbytes="1588224"/>
    </directorylist>
</installcomponents>
