<?xml version="1.0" encoding="UTF-8"?>
<feature
      id="com.tibco.tpcl.org.springframework.minimum.feature"
      label="%featureName"
      version="2.5.6.002"
      provider-name="%providerName">

   <description>
      %description
   </description>

   <copyright>
      %copyright
   </copyright>

   <license url="%licenseURL">
      %license
   </license>

   <requires>
      <import feature="com.tibco.tpcl.org.apache.commons.logging.over.slf4j.feature" version="1.5.2" match="compatible"/>
   </requires>

   <plugin
         id="com.tibco.tpcl.org.springframework.core"
         download-size="0"
         install-size="0"
         version="2.5.6.002"/>

   <plugin
         id="com.tibco.tpcl.org.springframework.beans"
         download-size="0"
         install-size="0"
         version="2.5.6.002"/>

   <plugin
         id="com.tibco.tpcl.org.springframework.aop"
         download-size="0"
         install-size="0"
         version="2.5.6.001"/>

</feature>
