<?xml version="1.0" encoding="UTF-8" standalone="no"?>
<installcomponents>
    <assemblyProperties displayName="Third Party Core Libraries - Shared Library" installLocation="${tpcl.home}"/>
    <installcomponent buildType="formal" currenttimestamp="10-23-2012-07-54-PM" prefix="product_tibco" sizeinbytes="6905949" uid="tpcl_sharedlibrary" version="5.8.0.003">
        <file loc="lib/jmxremote_optional.jar" md5sum="6606cffcdd9b6e02e52b13590f47b44e" perm="555" sizeinbytes="202483" timestamp="1132793188000"/>
        <file loc="lib/mail.jar" md5sum="ca8eb72529cd71bec83c6e419ab27290" perm="755" sizeinbytes="494975" timestamp="1295048580000"/>
        <file loc="mx4j/mx4j-remote.jar" md5sum="bacb72e0fcad4259825c7cac1a0efe43" perm="555" sizeinbytes="171138" timestamp="1109671994000"/>
        <file loc="mx4j/mx4j-impl.jar" md5sum="40744b27d4452da6d56281c8d5f99b56" perm="555" sizeinbytes="146008" timestamp="1109671994000"/>
        <file loc="mx4j/mx4j-examples.jar" md5sum="5fe429e53259928effc7d425005b756a" perm="555" sizeinbytes="103993" timestamp="1109671994000"/>
        <file loc="mx4j/mx4j.jar" md5sum="7a8675e26ee20f997ad4f54091e9b7a5" perm="555" sizeinbytes="408051" timestamp="1109671994000"/>
        <file loc="mx4j/mx4j-rimpl.jar" md5sum="53181ba3d8d175ff0ef4b41af7a15b57" perm="555" sizeinbytes="98606" timestamp="1109671994000"/>
        <file loc="mx4j/mx4j-jmx.jar" md5sum="12929acc5ca3c314103ef902176e946a" perm="555" sizeinbytes="262421" timestamp="1109671992000"/>
        <file loc="mx4j/mx4j-tools.jar" md5sum="5f345ad6d9caf2d074df1c7dba35c6c6" perm="555" sizeinbytes="497017" timestamp="1109671994000"/>
        <file loc="mx4j/mx4j-soap.war" md5sum="14f198559aa5c09595931104e94cce1f" perm="555" sizeinbytes="2256736" timestamp="1109671994000"/>
        <file loc="mx4j/mx4j-rjmx.jar" md5sum="a24fa983e2205559e1853e898f1c9f2e" perm="555" sizeinbytes="72910" timestamp="1109671994000"/>
        <file loc="bin/MSVCRT.DLL" md5sum="055b02d711cdedb8c5997274c4e99cb8" perm="555" sizeinbytes="295000" timestamp="1001385334000"/>
        <file loc="bin/msvcr71.dll" md5sum="86f1895ae8c5e8b17d99ece768a70732" perm="555" sizeinbytes="348160" timestamp="1045831342000"/>
        <file loc="bin/MSVCIRT.DLL" md5sum="e7cd26405293ee866fefdd715fc8b5e5" perm="555" sizeinbytes="77878" timestamp="1001385334000"/>
        <file loc="bin/MSVCP60.DLL" md5sum="cb21d826d9c39aed19dd431c1880f5de" perm="555" sizeinbytes="401462" timestamp="1001385334000"/>
        <file loc="bin/Win32CommonDialogs.dll" md5sum="3d5f60ffa9975889744c3fa122a8a6a2" perm="555" sizeinbytes="57344" timestamp="1013455948000"/>
        <file loc="bin/MFC42.DLL" md5sum="71ad9ea933ace083add86bbe4f265d8b" perm="555" sizeinbytes="995383" timestamp="1001385334000"/>
    </installcomponent>
    <directorylist>
        <dir loc="lib" perm="664" sizeinbytes="701554"/>
        <dir loc="mx4j" perm="664" sizeinbytes="4020976"/>
        <dir loc="bin" perm="664" sizeinbytes="2179323"/>
    </directorylist>
</installcomponents>
