<?xml version="1.0" encoding="UTF-8" standalone="no"?>
<installcomponents>
    <assemblyProperties displayName="TIBCO Rendezvous 64bit Runtime"/>
    <wizardAction class="com.tibco.installer.wizard.action.TIBCORunExternalClassWizardAction" sequence="pre-selection">
        <condition class="com.tibco.installer.wizard.condition.TIBCOCheckPlatformWizardCondition">
            <property mustBeMet="true"/>
            <property platform="windows"/>
        </condition>
        <property jarFile="rv_64bit_runtime.jar"/>
        <property classname="com.tibco.installer.product.rv_64bit_runtime.TIBCORVWindows64bitCheckPanelWizardAction"/>
    </wizardAction>
    <installcomponent buildType="formal" currenttimestamp="02-14-2014-12-18-PM" prefix="product_tibco" sizeinbytes="15996256" uid="rv_64bit_runtime" version="8.4.2.006">
        <file loc="bin/pgmrvrd.exe" md5sum="8a8a7c7da9ca5821c442512bc51f4e48" perm="555" sizeinbytes="1752368" timestamp="1392157997000"/>
        <file loc="bin/zlib1.dll" md5sum="f845b7bfed784f7ee80e57c55856f4c7" perm="555" sizeinbytes="75776" timestamp="1228885836000"/>
        <file loc="bin/tibrv.dll" md5sum="cff98355cce1b9e69f49a88e3d059813" perm="555" sizeinbytes="556336" timestamp="1392407449000"/>
        <file loc="bin/trdprvsrd.exe" md5sum="ca12085f882fe000ce354989fa337cc3" perm="555" sizeinbytes="1886512" timestamp="1392158000000"/>
        <file loc="bin/libeay32.dll" md5sum="8d9c71f98056053d1510ba45add5c40e" perm="555" sizeinbytes="1391104" timestamp="1391444703000"/>
        <file loc="bin/pgmrvsd.exe" md5sum="3afa05d0ee43e93b5ff9a9edc2894c30" perm="555" sizeinbytes="1479984" timestamp="1392158001000"/>
        <file loc="bin/tibrvnativesd.dll" md5sum="c41b9174980ed5886792e9b9934a4612" perm="555" sizeinbytes="158512" timestamp="1392407460000"/>
        <file loc="bin/tibrvjsd.dll" md5sum="8904a93297a20048714d7c6da12e9f6f" perm="555" sizeinbytes="57648" timestamp="1392407457000"/>
        <file loc="bin/trdprvd.exe" md5sum="ebec6542a4adb3e50610d4771d4d80ee" perm="555" sizeinbytes="821040" timestamp="1392157989000"/>
        <file loc="bin/tibrvsd.dll" md5sum="4daa17dfaa6c938c10fbb677201f59d3" perm="555" sizeinbytes="33072" timestamp="1392407455000"/>
        <file loc="bin/tibrvft.dll" md5sum="eda64773c3ea812e13dba7a76c9ab73c" perm="555" sizeinbytes="42288" timestamp="1392407451000"/>
        <file loc="bin/tibrvj.dll" md5sum="27560a10c5a847f9caae5fd8cee8f87b" perm="555" sizeinbytes="56112" timestamp="1392407456000"/>
        <file loc="bin/tibrvcm.dll" md5sum="c0d8a3a2776ae0dc3e0ade099a2ed65c" perm="555" sizeinbytes="131376" timestamp="1392407452000"/>
        <file loc="bin/trdprvsd.exe" md5sum="58c95bf95be169cb21a18e3ad505867d" perm="555" sizeinbytes="1517872" timestamp="1392157999000"/>
        <file loc="bin/pgmrvd.exe" md5sum="8f2b8057cb26d288bbc9855311c9f812" perm="555" sizeinbytes="784176" timestamp="1392157996000"/>
        <file loc="bin/pgmrvsrd.exe" md5sum="099ea80a1aceec39d434f54a2dbcc126" perm="555" sizeinbytes="1849136" timestamp="1392158002000"/>
        <file loc="bin/trdprvrd.exe" md5sum="3c328f1d46de4e3d266bcfbc87e161ff" perm="555" sizeinbytes="1790256" timestamp="1392157993000"/>
        <file loc="bin/tibrvnative.dll" md5sum="0df57384778f83a5160dad69e4fd7dd9" perm="555" sizeinbytes="156464" timestamp="1392407459000"/>
        <file loc="bin/ssleay32.dll" md5sum="d3f5f174778d60190b0600768937fec4" perm="555" sizeinbytes="274432" timestamp="1391444704000"/>
        <file loc="bin/rvcache.exe" md5sum="64e89c7340d45bb4c9d6b5f9eb2c9013" perm="555" sizeinbytes="1097520" timestamp="1392158024000"/>
        <file loc="bin/tibrvcmq.dll" md5sum="87048ebf4ff53519a57ea7bbd556d84e" perm="555" sizeinbytes="76080" timestamp="1392407453000"/>
    </installcomponent>
    <directorylist>
        <dir loc="bin" perm="664" sizeinbytes="15992160"/>
    </directorylist>
</installcomponents>
