<?xml version="1.0" encoding="utf-8"?>
<WebWorksHelpIX version="5.0" xmlns="urn:WebWorks-Help-Index-Schema">
  <g t="A" o="002">
    <i t="Adding">
      <i t="a Process Archive">
        <j l="25#1691920" />
      </i>
      <i t="Event">
        <j l="41" />
      </i>
      <i t="Monitoring Rulebase">
        <j l="41" />
      </i>
    </i>
    <i t="All Service Instances Dialog">
      <j l="62" />
    </i>
    <i t="Application">
      <i t="Undeploying">
        <j l="33" />
      </i>
      <i t="Upgrading">
        <j l="36" />
      </i>
    </i>
    <i t="Application Management Configuration Dialog">
      <j l="49" />
    </i>
    <i t="Application Management Overview">
      <j l="28" />
    </i>
    <i t="Application to a Folder, Moving an">
      <j l="35#1700708" />
    </i>
    <i t="Application, Reverting to a Previously Deployed">
      <j l="32" />
    </i>
    <i t="Archive File, Creating">
      <j l="17" />
    </i>
  </g>
  <g t="C" o="002">
    <i t="Changing">
      <i t="a Shared Archive">
        <j l="26#1691974" />
      </i>
      <i t="Application Global Variables and Repository Properties">
        <j l="39" />
      </i>
      <i t="Checkpoint Data Repository for a Process">
        <j l="47#1707418" />
      </i>
      <i t="Process Configuration Properties">
        <j l="44" />
      </i>
      <i t="Runtime Variables for a Process or Service">
        <j l="48" />
      </i>
      <i t="Server Settings">
        <j l="45" />
      </i>
    </i>
    <i t="Configuration Builder Pane">
      <j l="49#1707804" />
    </i>
    <i t="Configuration Console Overview">
      <j l="38" />
    </i>
    <i t="Configuration Dialog, Application Management">
      <j l="49" />
    </i>
    <i t="Configuring">
      <i t="Storage for Services">
        <j l="43" />
      </i>
    </i>
    <i t="Creating">
      <i t="an Application">
        <j l="29" />
      </i>
      <i t="an Enterprise Archive">
        <j l="24#1691807" />
      </i>
      <i t="Enterprise Archive">
        <j l="24" />
      </i>
      <i t="Process Archive">
        <j l="25" />
      </i>
    </i>
    <i t="Creating Database Tables, Manually">
      <j l="43#1732992" />
    </i>
    <i t="Creating the Enterprise Archive File">
      <j l="17" />
    </i>
    <i t="customer support">
      <j l="7#40348" />
    </i>
  </g>
  <g t="D" o="002">
    <i t="Database Table Names">
      <j l="43#1732965" />
    </i>
    <i t="Database Tables, Manually Creating">
      <j l="43#1732992" />
    </i>
    <i t="Deleting">
      <i t="an Application">
        <j l="30" />
      </i>
    </i>
    <i t="Deployed Application, Reverting to Previous">
      <j l="32" />
    </i>
    <i t="Deployed Application, Undeploying">
      <j l="33" />
    </i>
    <i t="Deployed Configuration Pane">
      <j l="49#1707853" />
    </i>
    <i t="Deploying">
      <i t="an Application">
        <j l="18" />
        <j l="31" />
      </i>
    </i>
  </g>
  <g t="E" o="002">
    <i t="Edit Application Configuration Dialog">
      <j l="50" />
    </i>
    <i t="Edit Service Configuration Dialog">
      <j l="51" />
    </i>
    <i t="Edit Service Instance Dialog">
      <j l="52" />
    </i>
    <i t="Editing Process Engine Properties">
      <j l="58" />
    </i>
    <i t="Enabling Process or Service to Run on Other Machines">
      <j l="40" />
    </i>
    <i t="Engine Properties, Editing">
      <j l="58" />
    </i>
    <i t="Enterprise Archive File Size">
      <j l="23#2104536" />
    </i>
    <i t="Enterprise Archive File, Creating">
      <j l="17" />
    </i>
  </g>
  <g t="F" o="002">
    <i t="Fault-Tolerance and Process Starters">
      <j l="47#1727325" />
    </i>
    <i t="Fault-tolerant">
      <j l="47#1727299" />
    </i>
    <i t="Folder, Moving an Application to a">
      <j l="35#1700708" />
    </i>
  </g>
  <g t="G" o="002">
    <i t="Graceful Shutdown Tab">
      <j l="52#1708088" />
      <j l="63#1708385" />
    </i>
  </g>
  <g t="I" o="002">
    <i t="Instance Dialog, View Service">
      <j l="63" />
    </i>
  </g>
  <g t="K" o="002">
    <i t="Keeping Services in Memory">
      <j l="44#1733053" />
    </i>
  </g>
  <g t="M" o="002">
    <i t="Making Changes to a Shared Archive">
      <j l="26" />
    </i>
    <i t="Managing">
      <i t="Folders">
        <j l="35" />
      </i>
    </i>
    <i t="Manually Creating Database Tables">
      <j l="43#1732992" />
    </i>
    <i t="Master and Secondary Relationships, Peer or">
      <j l="47#1727311" />
    </i>
    <i t="Memory, Keeping Services in">
      <j l="44#1733053" />
    </i>
    <i t="Monitoring">
      <i t="an Application">
        <j l="20" />
      </i>
    </i>
    <i t="Monitoring Tab">
      <j l="51#1707985" />
    </i>
    <i t="Moving an Application to a Folder">
      <j l="35#1700708" />
    </i>
  </g>
  <g t="N" o="002">
    <i t="Normal operation">
      <i t="master processing while secondary stands by">
        <j l="47#1727293" />
      </i>
    </i>
  </g>
  <g t="O" o="002">
    <i t="Overview, Application Management">
      <j l="28" />
    </i>
  </g>
  <g t="P" o="002">
    <i t="Peer or Master and Secondary Relationships">
      <j l="47#1727311" />
    </i>
    <i t="Performance Considerations">
      <j l="76" />
      <j l="76" />
    </i>
    <i t="Previously Deployed Application, Reverting">
      <j l="32" />
    </i>
    <i t="Process Engine Properties, Editing">
      <j l="58" />
    </i>
    <i t="Process Engines Overview">
      <j l="55" />
    </i>
    <i t="Process Starters and Fault-Tolerance">
      <j l="47#1727325" />
    </i>
    <i t="Properties, Process Engine">
      <j l="58" />
    </i>
  </g>
  <g t="R" o="002">
    <i t="Reverting to a Previously Deployed Application">
      <j l="32" />
    </i>
    <i t="rulebase, variable substitution">
      <j l="41#1795179" />
    </i>
  </g>
  <g t="S" o="002">
    <i t="Server Settings Tab">
      <j l="52#1708067" />
    </i>
    <i t="Service Configuration, Viewing">
      <j l="53" />
    </i>
    <i t="Service Instance Dialog, View">
      <j l="63" />
    </i>
    <i t="Service Instances Overview">
      <j l="55" />
    </i>
    <i t="Services in Memory, Keeping">
      <j l="44#1733053" />
    </i>
    <i t="Setting">
      <i t="Fault Tolerant Options for a Process">
        <j l="47" />
      </i>
      <i t="Graceful Shutdown Properties for a Process Engine">
        <j l="46" />
      </i>
    </i>
    <i t="Settings Tab, Server">
      <j l="52#1708067" />
    </i>
    <i t="Shutdown Tab, Graceful">
      <j l="52#1708088" />
      <j l="63#1708385" />
    </i>
    <i t="Specifying">
      <i t="Custom Alert">
        <j l="20#1824022" />
      </i>
      <i t="Database for Storage">
        <j l="43#1732951" />
      </i>
      <i t="Maximum Number of Concurrently Active Processes">
        <j l="44#1733042" />
      </i>
    </i>
    <i t="Starting">
      <i t="Administration Server">
        <j l="10#1688276" />
        <j l="11#1688327" />
      </i>
      <i t="an Application">
        <j l="19" />
      </i>
      <i t="Service Instance or Process Engine">
        <j l="56" />
      </i>
      <i t="TIBCO Administrator">
        <j l="10#1688296" />
        <j l="11#1688342" />
      </i>
      <i t="TIBCO Administrator on Microsoft Windows">
        <j l="10" />
      </i>
      <i t="TIBCO Administrator on UNIX">
        <j l="11" />
      </i>
    </i>
    <i t="Stopping">
      <i t="Administration Server">
        <j l="12" />
      </i>
      <i t="Application">
        <j l="21" />
      </i>
      <i t="Service Instance or Process Engine">
        <j l="56" />
      </i>
    </i>
    <i t="support, contacting">
      <j l="7#40348" />
    </i>
  </g>
  <g t="T" o="002">
    <i t="Table Names, Database">
      <j l="43#1732965" />
    </i>
    <i t="Tables, Manually Creating in Database">
      <j l="43#1732992" />
    </i>
    <i t="technical support">
      <j l="7#40348" />
    </i>
    <i t="TIBCO_HOME">
      <j l="6#40432" />
    </i>
    <i t="Tracing Tab">
      <j l="63#1746570" />
    </i>
  </g>
  <g t="U" o="002">
    <i t="Undeploy Dialog">
      <j l="33#1674616" />
    </i>
    <i t="Undeploying">
      <i t="a Deployed Application">
        <j l="33" />
      </i>
    </i>
    <i t="Upgrading an Application">
      <j l="36" />
    </i>
  </g>
  <g t="V" o="002">
    <i t="variable substitution, rulebase">
      <j l="41#1795179" />
    </i>
    <i t="View Service Configuration">
      <j l="53" />
    </i>
    <i t="View Service Instance Dialog">
      <j l="63" />
    </i>
    <i t="Viewing">
      <i t="Application Deployment History">
        <j l="34" />
      </i>
      <i t="Default Monitoring Information">
        <j l="20#1823999" />
      </i>
      <i t="Log File Information">
        <j l="57" />
      </i>
      <i t="TIBCO Administrator Audit Log">
        <j l="59" />
      </i>
    </i>
  </g>
</WebWorksHelpIX>