<?xml version="1.0" encoding="UTF-8" standalone="no"?>
<installcomponents>
    <assemblyProperties displayName="TIBCO AMBW Runtime" installLocation="${bw.home}"/>
    <installcomponent buildType="formal" currenttimestamp="11-15-2012-03-41-AM" prefix="product_tibco" sizeinbytes="7412658" uid="bw_runtime" version="5.11.0.012">
        <file loc="lib/com/tibco/deployment/bwengine.xml" md5sum="fdc2d63f56cc007332a1ff06b982f649" perm="755" sizeinbytes="4765" timestamp="1352979217000"/>
        <file loc="examples/index.html" md5sum="37008fc25018931393c1cba67b8a3185" perm="555" sizeinbytes="33828" timestamp="1352979250000"/>
        <file loc="examples/activities/Java/javaMethodWithDBConnection/src/jmdbexample/LocalBank.java" md5sum="8c995a09d4d721e0c50246e7521bdaec" perm="555" sizeinbytes="4316" timestamp="1352979247000"/>
        <file loc="examples/activities/Java/javaMethodWithDBConnection/readme.html" md5sum="56845a4741851cb668b05781f6e4d672" perm="555" sizeinbytes="8618" timestamp="1352979247000"/>
        <file loc="examples/activities/Java/javaMethodWithDBConnection/jmdbexample.txt" md5sum="42919c025246004eccc56ae6f3e6e3cd" perm="555" sizeinbytes="111" timestamp="1352979247000"/>
        <file loc="examples/activities/Java/javaMethodWithDBConnection/jmdbexample.sql" md5sum="6d8214a4b26bfdaf51712a3222a1e6d4" perm="555" sizeinbytes="1036" timestamp="1352979247000"/>
        <file loc="examples/activities/Java/javaMethodWithDBConnection/javaMethodWithDBConnection.zip" md5sum="00e24e19a23927e9cc1dd1050384b9da" perm="555" sizeinbytes="14035" timestamp="1352979247000"/>
        <file loc="examples/activities/Java/javaMethodWithDBConnection/jmdbexample.jar" md5sum="244ebeb3ffeb625a685a31ab59d1c11d" perm="555" sizeinbytes="3697" timestamp="1352979247000"/>
        <file loc="examples/activities/Java/javaMethod/src/jmexample/LocalBank.java" md5sum="4a620c6303ba30f810a85b4176607615" perm="555" sizeinbytes="2056" timestamp="1352979247000"/>
        <file loc="examples/activities/Java/javaMethod/src/jmexample/Account.java" md5sum="2236e9786d9f161bd4d7bb5322fe53cd" perm="555" sizeinbytes="336" timestamp="1352979247000"/>
        <file loc="examples/activities/Java/javaMethod/src/jmexample/InvalidAccountException.java" md5sum="fe93d32dcfae854c6c22ffc9425e55e9" perm="555" sizeinbytes="352" timestamp="1352979247000"/>
        <file loc="examples/activities/Java/javaMethod/src/jmexample/Balance.java" md5sum="63c32eeaf6d95c061464e8b452635022" perm="555" sizeinbytes="1387" timestamp="1352979247000"/>
        <file loc="examples/activities/Java/javaMethod/src/jmexample/SystemProperties.java" md5sum="8aaf6bc7973a9a09b8a6ef162e34b82c" perm="555" sizeinbytes="5137" timestamp="1352979247000"/>
        <file loc="examples/activities/Java/javaMethod/jmexample.jar" md5sum="72b2fd17c1bdf4fe41a35fde23f19ff2" perm="555" sizeinbytes="4368" timestamp="1352979247000"/>
        <file loc="examples/activities/Java/javaMethod/readme.html" md5sum="a10ad1c7355f1d084c1edd36d249295d" perm="555" sizeinbytes="7407" timestamp="1352979247000"/>
        <file loc="examples/activities/Java/javaMethod/JavaMethod.zip" md5sum="cfee080b56b28b5420b401d1a7657413" perm="555" sizeinbytes="11934" timestamp="1352979247000"/>
        <file loc="examples/activities/Java/JavaEventSource/src/jmexample/LocalBank.java" md5sum="4a620c6303ba30f810a85b4176607615" perm="555" sizeinbytes="2056" timestamp="1352979247000"/>
        <file loc="examples/activities/Java/JavaEventSource/src/jmexample/Account.java" md5sum="2236e9786d9f161bd4d7bb5322fe53cd" perm="555" sizeinbytes="336" timestamp="1352979247000"/>
        <file loc="examples/activities/Java/JavaEventSource/src/jmexample/InvalidAccountException.java" md5sum="fe93d32dcfae854c6c22ffc9425e55e9" perm="555" sizeinbytes="352" timestamp="1352979247000"/>
        <file loc="examples/activities/Java/JavaEventSource/src/jmexample/Balance.java" md5sum="63c32eeaf6d95c061464e8b452635022" perm="555" sizeinbytes="1387" timestamp="1352979247000"/>
        <file loc="examples/activities/Java/JavaEventSource/src/jmexample/SystemProperties.java" md5sum="8aaf6bc7973a9a09b8a6ef162e34b82c" perm="555" sizeinbytes="5137" timestamp="1352979247000"/>
        <file loc="examples/activities/Java/JavaEventSource/AccountInformation.txt" md5sum="dcd53a39245e8f64fb7e4f702dbf0784" perm="555" sizeinbytes="111" timestamp="1352979247000"/>
        <file loc="examples/activities/Java/JavaEventSource/jmexample.jar" md5sum="72b2fd17c1bdf4fe41a35fde23f19ff2" perm="555" sizeinbytes="4368" timestamp="1352979247000"/>
        <file loc="examples/activities/Java/JavaEventSource/readme.html" md5sum="d83d84cd4e7487d1415195864ac35381" perm="555" sizeinbytes="19007" timestamp="1352979247000"/>
        <file loc="examples/activities/Java/JavaEventSource/JavaEventSource.zip" md5sum="566e3570e1de9d532ecc291179e7b419" perm="555" sizeinbytes="10445" timestamp="1352979247000"/>
        <file loc="examples/activities/Java/javaCode/PO.xml" md5sum="c2999954a26da0568bf04fb260e6dda4" perm="555" sizeinbytes="921" timestamp="1352979247000"/>
        <file loc="examples/activities/Java/javaCode/readme.html" md5sum="bfc67c3d477430d9af46b2cc9d9db35e" perm="555" sizeinbytes="4331" timestamp="1352979247000"/>
        <file loc="examples/activities/Java/javaCode/csvFile.txt" md5sum="54bfd7e2cec1de5dd2516654877a2fb9" perm="555" sizeinbytes="96" timestamp="1352979247000"/>
        <file loc="examples/activities/Java/javaCode/JavaTest.zip" md5sum="1ba6c80abc7562809d3351425e8015ca" perm="555" sizeinbytes="17365" timestamp="1352979247000"/>
        <file loc="examples/activities/ftp/readme.html" md5sum="ee5cff65fe12eb8971de4d708ec990b4" perm="555" sizeinbytes="4970" timestamp="1352979248000"/>
        <file loc="examples/activities/ftp/ftp-file.txt" md5sum="431d7184ac5e2f846730f88f85cd3c52" perm="555" sizeinbytes="166" timestamp="1352979248000"/>
        <file loc="examples/activities/ftp/ftp.zip" md5sum="8b516a76ec9988ba8730301b41c42f23" perm="555" sizeinbytes="8691" timestamp="1352979248000"/>
        <file loc="examples/activities/xml/readme.html" md5sum="7306043a0520ea75b93e13e17223f914" perm="555" sizeinbytes="431" timestamp="1352979248000"/>
        <file loc="examples/activities/ejb/ejb.html" md5sum="882ed8fbd48d2486eba2d95bf62ca79d" perm="555" sizeinbytes="413" timestamp="1352979248000"/>
        <file loc="examples/activities/file/BW_shipping_costs.xsd" md5sum="bfbbf8cefc669c852f44a8b4b4417c0e" perm="555" sizeinbytes="1007" timestamp="1352979247000"/>
        <file loc="examples/activities/file/BW_shipping_costs.xml" md5sum="d748f9b1b33385f69143eae62768a7ed" perm="555" sizeinbytes="1778" timestamp="1352979247000"/>
        <file loc="examples/activities/file/BW_new_order.xsd" md5sum="3260c7a99afafdb47551e2f1769a0a13" perm="555" sizeinbytes="1563" timestamp="1352979247000"/>
        <file loc="examples/activities/file/readme.html" md5sum="d4d3a6971e734ec215a64e1ce13ab776" perm="555" sizeinbytes="6235" timestamp="1352979247000"/>
        <file loc="examples/activities/file/File.zip" md5sum="bfb9841217431e2498e7fc57a09afd96" perm="555" sizeinbytes="11845" timestamp="1352979247000"/>
        <file loc="examples/activities/file/BW_new_order.xml" md5sum="b08c343216a2c48a9bee188f101cbdf7" perm="555" sizeinbytes="653" timestamp="1352979247000"/>
        <file loc="examples/activities/jobRecovery/readme.html" md5sum="a4dc7ccad96e0b097ec7d1da47d87392" perm="555" sizeinbytes="5874" timestamp="1352979248000"/>
        <file loc="examples/activities/jobRecovery/jobRecovery.zip" md5sum="2776575e5ac40b8743f08e34a049ae96" perm="555" sizeinbytes="9284" timestamp="1352979248000"/>
        <file loc="examples/activities/http/attachment_files/input/attachment1.gif" md5sum="891f35c7027d5490da50a6ea146efe88" perm="555" sizeinbytes="1834" timestamp="1352979247000"/>
        <file loc="examples/activities/http/attachment_files/input/TextInput2.txt" md5sum="efbdf2639a0e95f39b6a430b1b37ab74" perm="555" sizeinbytes="45" timestamp="1352979247000"/>
        <file loc="examples/activities/http/attachment_files/input/TextInput1.txt" md5sum="069061c0636dd58e82da5c0ced7a95dc" perm="555" sizeinbytes="45" timestamp="1352979247000"/>
        <file loc="examples/activities/http/attachment_files/input/attachment2.gif" md5sum="bd4cf20e538612a7e9d2119800261427" perm="555" sizeinbytes="2031" timestamp="1352979247000"/>
        <file loc="examples/activities/http/persistentConnections-HTTP/readme.html" md5sum="503aaca207e7b99b4d62baba37ec9587" perm="555" sizeinbytes="3005" timestamp="1352979247000"/>
        <file loc="examples/activities/http/persistentConnections-HTTP/persistentConnections-HTTP.zip" md5sum="9009e6f3edd3dc04974c5dac4436bce4" perm="555" sizeinbytes="10276" timestamp="1352979247000"/>
        <file loc="examples/activities/http/persistentConnections-HTTP/pcm.cfg" md5sum="684f48e57660d63423f64c5ae5aaaa4d" perm="555" sizeinbytes="202" timestamp="1352979247000"/>
        <file loc="examples/activities/http/dynamicHeaders/dynamicHeaders.zip" md5sum="5638cd3bcb24e2744d9fdd8954fa7523" perm="555" sizeinbytes="9137" timestamp="1352979247000"/>
        <file loc="examples/activities/http/dynamicHeaders/readme.html" md5sum="d0ca632fc4b7e7d20f33e874dc06324e" perm="555" sizeinbytes="3573" timestamp="1352979247000"/>
        <file loc="examples/activities/http/send-receive-attachment/readme.html" md5sum="2c8e4b313b9b79e5fe5c42e3a678ec16" perm="555" sizeinbytes="11370" timestamp="1352979247000"/>
        <file loc="examples/activities/http/send-receive-attachment/http-attachment.zip" md5sum="e1e064a4b8d265e35cfdc59f751c8280" perm="555" sizeinbytes="10112" timestamp="1352979247000"/>
        <file loc="examples/activities/http/basic/http.zip" md5sum="4b069b95822aee13d0071f89fefbbb96" perm="555" sizeinbytes="9627" timestamp="1352979247000"/>
        <file loc="examples/activities/http/basic/readme.html" md5sum="60116a06226d6ba9005eb98a68008236" perm="555" sizeinbytes="3391" timestamp="1352979247000"/>
        <file loc="examples/activities/http/basic/request_news.html" md5sum="e202b578f0284dbc6f3a1850e608e8fd" perm="555" sizeinbytes="1225" timestamp="1352979247000"/>
        <file loc="examples/activities/jdbc/jdbc_simple/readme.html" md5sum="17e962311e2b32b1daef4ee60b63da3e" perm="555" sizeinbytes="3020" timestamp="1352979248000"/>
        <file loc="examples/activities/jdbc/jdbc_simple/JDBC.SQL" md5sum="f6f286d86fd4b619e3897e303396d91e" perm="555" sizeinbytes="790" timestamp="1352979248000"/>
        <file loc="examples/activities/jdbc/jdbc_simple/JDBCTest.zip" md5sum="e9f38d1cd4fe3fe0b9edc53bbd66be2a" perm="555" sizeinbytes="9389" timestamp="1352979248000"/>
        <file loc="examples/activities/jdbc/jdbc_advance/readme.html" md5sum="c0bff2d8ad50ba3cfd1cd8c7524e82a3" perm="555" sizeinbytes="6984" timestamp="1352979248000"/>
        <file loc="examples/activities/jdbc/jdbc_advance/createTestTables.sql" md5sum="7f63e761d999452aaf4957bfa0da30d6" perm="555" sizeinbytes="1588" timestamp="1352979248000"/>
        <file loc="examples/activities/jdbc/jdbc_advance/JDBCDemo.zip" md5sum="bf16edb2778c142d071ac24379aa98fa" perm="555" sizeinbytes="10002" timestamp="1352979248000"/>
        <file loc="examples/activities/jdbc/jdbc_object_collection/readme.html" md5sum="b7074558292cebf8e769fa1acda11ccc" perm="555" sizeinbytes="5227" timestamp="1352979248000"/>
        <file loc="examples/activities/jdbc/jdbc_object_collection/jdbc_object_collection.zip" md5sum="d0d05fe19681da0045dd79f895dba3f7" perm="555" sizeinbytes="10847" timestamp="1352979248000"/>
        <file loc="examples/activities/jdbc/jdbc_object_collection/jdbc_object_collection.sql" md5sum="279963fd96a8c83d17820e300032042a" perm="555" sizeinbytes="1384" timestamp="1352979248000"/>
        <file loc="examples/activities/rmi/RMIExample.zip" md5sum="a03017aa580577a1c7ce45184c713de5" perm="555" sizeinbytes="11883" timestamp="1352979248000"/>
        <file loc="examples/activities/rmi/request.input" md5sum="ce25d1efd5e4cbc0930bb6ebbf003a4d" perm="555" sizeinbytes="586" timestamp="1352979248000"/>
        <file loc="examples/activities/rmi/src/JRMIRemote.java" md5sum="7f9ed09a79f069efd703f6258b989496" perm="555" sizeinbytes="842" timestamp="1352979248000"/>
        <file loc="examples/activities/rmi/src/RMIClient_Stub.java" md5sum="1cd5d9adf5eea19222bcd492dbb33087" perm="555" sizeinbytes="2548" timestamp="1352979248000"/>
        <file loc="examples/activities/rmi/src/RMIClient.java" md5sum="3a14c86d12cf4a519f107caeab305537" perm="555" sizeinbytes="12757" timestamp="1352979248000"/>
        <file loc="examples/activities/rmi/readme.html" md5sum="ada3c80271cfea2209b65ba750de914b" perm="555" sizeinbytes="5353" timestamp="1352979248000"/>
        <file loc="examples/activities/rmi/javadoc.zip" md5sum="772169dd2876210ae055c135f5ad9f5a" perm="555" sizeinbytes="51601" timestamp="1352979248000"/>
        <file loc="examples/activities/rmi/jrmi.policy" md5sum="2e60baaae54b0ac13d6723e6ce7e780f" perm="555" sizeinbytes="55" timestamp="1352979248000"/>
        <file loc="examples/activities/rmi/bw-rmi-example.jar" md5sum="11f62dd3b27a9f216aab98efaf7ee935" perm="555" sizeinbytes="7244" timestamp="1352979248000"/>
        <file loc="examples/activities/OnNotificationTimeout/OnNotificationTimeout.zip" md5sum="0d3db07e34cf3fd783e1c471cbb45c06" perm="555" sizeinbytes="8929" timestamp="1352979248000"/>
        <file loc="examples/activities/OnNotificationTimeout/readme.html" md5sum="1ef6f31d72d408e24df822d3a8e4a068" perm="555" sizeinbytes="7597" timestamp="1352979248000"/>
        <file loc="examples/activities/service/soap_doclit_rpclit/SOAP_DOCLIT_RPCLIT.zip" md5sum="11970f94d4c40ea18b9acf89153301e4" perm="555" sizeinbytes="19035" timestamp="1352979248000"/>
        <file loc="examples/activities/service/soap_doclit_rpclit/readme.html" md5sum="fa66e5d0673fcf7b9525385b702252c8" perm="555" sizeinbytes="18964" timestamp="1352979248000"/>
        <file loc="examples/activities/service/soap_jms_bridge/SOAPJMSBridge.zip" md5sum="aa04e5075e6a043316dda1cc9e79bbec" perm="555" sizeinbytes="12318" timestamp="1352979248000"/>
        <file loc="examples/activities/service/soap_jms_bridge/readme.html" md5sum="e52c41125a98573c95a6501a0ce52952" perm="555" sizeinbytes="16596" timestamp="1352979248000"/>
        <file loc="examples/activities/service/soap_jms_bridge/readme.doc" md5sum="26814b05bde5847a4cc1c5472aad9e2a" perm="555" sizeinbytes="27136" timestamp="1352979248000"/>
        <file loc="examples/activities/service/soap_jms/SOAP_JMS.zip" md5sum="efc2dcd137a894bb57115c245ec1840c" perm="555" sizeinbytes="15331" timestamp="1352979248000"/>
        <file loc="examples/activities/service/soap_jms/readme.html" md5sum="68a652449e766ea90b9d3e2b77b9e67c" perm="555" sizeinbytes="16781" timestamp="1352979248000"/>
        <file loc="examples/activities/service/invoke_partner_fault/readme.html" md5sum="972aa45c7acbd8d2c51d1b8439041393" perm="555" sizeinbytes="19151" timestamp="1352979248000"/>
        <file loc="examples/activities/service/invoke_partner_fault/invoke_partner_fault.zip" md5sum="8bb12c8a106fd23785b1ad6915299599" perm="555" sizeinbytes="33258" timestamp="1352979248000"/>
        <file loc="examples/activities/service/soap_11_12/readme.html" md5sum="dab65d3dc94a0f6676cb33044f3d84b3" perm="555" sizeinbytes="18009" timestamp="1352979248000"/>
        <file loc="examples/activities/service/soap_11_12/SOAP_11_12.zip" md5sum="511b98843621b95a0ae2f7f581bd3a0f" perm="555" sizeinbytes="14539" timestamp="1352979248000"/>
        <file loc="examples/activities/service/readme.txt" md5sum="f0a53bfd8b71b043a8d61810de00cce0" perm="555" sizeinbytes="1524" timestamp="1352979248000"/>
        <file loc="examples/activities/service/soap_jms_attachments/SOAP_JMS_ATTACHMENTS.zip" md5sum="95bf0c33ff43acd47978dbb2e4a330d8" perm="555" sizeinbytes="15991" timestamp="1352979248000"/>
        <file loc="examples/activities/service/soap_jms_attachments/readme.html" md5sum="2b58a02c1708ea7e0a7f12ad0257657e" perm="555" sizeinbytes="18315" timestamp="1352979248000"/>
        <file loc="examples/activities/service/soap_http/SOAP_HTTP.zip" md5sum="68254736f9592ff232316efef5de57ed" perm="555" sizeinbytes="14369" timestamp="1352979248000"/>
        <file loc="examples/activities/service/soap_http/readme.html" md5sum="bfe7e3d6d663e223991b25179f498ecd" perm="555" sizeinbytes="18473" timestamp="1352979248000"/>
        <file loc="examples/activities/service/invoke_partner/invoke_partner.zip" md5sum="b492e7e88e59acaf5146b94fdab3a8b8" perm="555" sizeinbytes="34782" timestamp="1352979248000"/>
        <file loc="examples/activities/service/invoke_partner/readme.html" md5sum="1cdf464eb42952642797a70b907af856" perm="555" sizeinbytes="17287" timestamp="1352979248000"/>
        <file loc="examples/activities/service/soap_http_jms/readme.html" md5sum="fb4e01bf305ecc5696640e1e7f76d0b3" perm="555" sizeinbytes="18286" timestamp="1352979248000"/>
        <file loc="examples/activities/service/soap_http_jms/SOAP_HTTP_JMS.zip" md5sum="60265bda022878cafac5d31cd9d6888c" perm="555" sizeinbytes="17902" timestamp="1352979248000"/>
        <file loc="examples/activities/service/soap_http_headers/SOAP_HTTP_HEADERS.zip" md5sum="aaa2245c4b134718ff9e5f1fc12fda5b" perm="555" sizeinbytes="14822" timestamp="1352979248000"/>
        <file loc="examples/activities/service/soap_http_headers/readme.html" md5sum="69d5080c903246b9c7a0d23a82a7f4c6" perm="555" sizeinbytes="18561" timestamp="1352979248000"/>
        <file loc="examples/activities/service/soap_https_expose_security_context/Readme.html" md5sum="cb1365e761b177d21edcb567573d6d74" perm="555" sizeinbytes="12339" timestamp="1352979248000"/>
        <file loc="examples/activities/service/soap_https_expose_security_context/soap_https_expose_security_context.zip" md5sum="789b2ab493ece91628d39ba9a43599cc" perm="555" sizeinbytes="39760" timestamp="1352979248000"/>
        <file loc="examples/activities/service/soap_http2/ClientSeller.zip" md5sum="bdcd6e92ad7e158ea6a3417640d661b4" perm="555" sizeinbytes="9486" timestamp="1352979248000"/>
        <file loc="examples/activities/service/soap_http2/readme.html" md5sum="d51bf32d5ac813c13b0973e2eade7027" perm="555" sizeinbytes="18084" timestamp="1352979248000"/>
        <file loc="examples/activities/service/soap_http2/xml-db.zip" md5sum="1659ef11c2edaa1ec9e2bb576c7e20ef" perm="555" sizeinbytes="762" timestamp="1352979248000"/>
        <file loc="examples/activities/service/soap_http2/Seller.zip" md5sum="8f60e380d4bc9b7af59731c475f6492b" perm="555" sizeinbytes="23501" timestamp="1352979248000"/>
        <file loc="examples/activities/service/soap_http_headers2/ClientSeller.zip" md5sum="192c92dc68ccbea57e17c4c4d9fdef38" perm="555" sizeinbytes="9579" timestamp="1352979248000"/>
        <file loc="examples/activities/service/soap_http_headers2/readme.html" md5sum="c3a27c7ee1398fc3aaa5cde9d1aab3b1" perm="555" sizeinbytes="19165" timestamp="1352979248000"/>
        <file loc="examples/activities/service/soap_http_headers2/xml-db.zip" md5sum="1659ef11c2edaa1ec9e2bb576c7e20ef" perm="555" sizeinbytes="762" timestamp="1352979248000"/>
        <file loc="examples/activities/service/soap_http_headers2/Seller.zip" md5sum="acd8314f8bceba27d84450c5e003a964" perm="555" sizeinbytes="25507" timestamp="1352979248000"/>
        <file loc="examples/activities/rendezvous/RV-RPC/readme.html" md5sum="a6ee651351ff3a5de8b00640caac9b5e" perm="555" sizeinbytes="4289" timestamp="1352979249000"/>
        <file loc="examples/activities/rendezvous/RV-RPC/RendezvousExample.zip" md5sum="2cc6cd7e32abb8c82c89d660ffbd2368" perm="555" sizeinbytes="9634" timestamp="1352979249000"/>
        <file loc="examples/activities/jms/messageSelector/readme.html" md5sum="0c6a39d85380e7b777b3e359cfee3e31" perm="555" sizeinbytes="13726" timestamp="1352979248000"/>
        <file loc="examples/activities/jms/messageSelector/messageSelector.zip" md5sum="e8a74205256a3533e79ec2ce9689b72e" perm="555" sizeinbytes="8675" timestamp="1352979248000"/>
        <file loc="examples/activities/jms/XAPrecreate/readme.html" md5sum="09a845b90d2781f0284a5cfa1186c447" perm="555" sizeinbytes="16665" timestamp="1352979248000"/>
        <file loc="examples/activities/jms/XAPrecreate/jms_precreate.zip" md5sum="ca27a1104241f4750666e8e2224e35e9" perm="555" sizeinbytes="10077" timestamp="1352979248000"/>
        <file loc="examples/activities/jms/queueSenderWait/readme.html" md5sum="f6d201322e1933fbaf3c67a282cf0b5c" perm="555" sizeinbytes="12839" timestamp="1352979248000"/>
        <file loc="examples/activities/jms/queueSenderWait/queueSenderWait.zip" md5sum="528b7335ce9381f236275e11fe4c9d31" perm="555" sizeinbytes="7899" timestamp="1352979248000"/>
        <file loc="examples/activities/jms/queueReceiver/queueReceiver.zip" md5sum="e3751f007c73ad5330883c562e137a48" perm="555" sizeinbytes="7644" timestamp="1352979248000"/>
        <file loc="examples/activities/jms/queueReceiver/readme.html" md5sum="62c7d75b9e4b0d87f5542a8ad72ab014" perm="555" sizeinbytes="12594" timestamp="1352979248000"/>
        <file loc="examples/activities/jms/topicDurable/readme.html" md5sum="e581aced1fca596ee57d264c2aab125c" perm="555" sizeinbytes="12989" timestamp="1352979248000"/>
        <file loc="examples/activities/jms/topicDurable/topicDurable.zip" md5sum="9f7168edb03390e30f4ae4a440ff6f56" perm="555" sizeinbytes="8557" timestamp="1352979248000"/>
        <file loc="examples/activities/jms/localTransactions/readme.html" md5sum="297fd11143cffa9312a098ce490c70bd" perm="555" sizeinbytes="10316" timestamp="1352979248000"/>
        <file loc="examples/activities/jms/localTransactions/jms_local.zip" md5sum="c50838b8303f73ed5600039ef4a1484e" perm="555" sizeinbytes="8821" timestamp="1352979248000"/>
        <file loc="examples/activities/jms/queueRequestReply/readme.html" md5sum="aeb0857c946487ad3102fce790fb9144" perm="555" sizeinbytes="11732" timestamp="1352979248000"/>
        <file loc="examples/activities/jms/queueRequestReply/queueRequestReply.zip" md5sum="9fcc075296d9c08059bac7d64b444c12" perm="555" sizeinbytes="7734" timestamp="1352979248000"/>
        <file loc="examples/activities/jms/queueGetMessagesLoop/readme.html" md5sum="ffb9baeeb1767b1681dcc9a8e2f44033" perm="555" sizeinbytes="18864" timestamp="1352979248000"/>
        <file loc="examples/activities/jms/queueGetMessagesLoop/queueGetMessagesLoop.zip" md5sum="8b3ea15ec5457666a90e0d121338a18a" perm="555" sizeinbytes="8218" timestamp="1352979248000"/>
        <file loc="examples/activities/CustomActivity/ProjectBeforeUsingCustomActivity.zip" md5sum="b25638239d3f24d12f81bbb501488e27" perm="555" sizeinbytes="24710" timestamp="1352979248000"/>
        <file loc="examples/activities/CustomActivity/ProjectUsingCustomActivity.zip" md5sum="21274eb59c3ddac9adc5d41d6b9870ac" perm="555" sizeinbytes="22046" timestamp="1352979248000"/>
        <file loc="examples/activities/CustomActivity/readme.html" md5sum="7e80eb5db738381b85a4e8098a23ee3d" perm="555" sizeinbytes="20509" timestamp="1352979248000"/>
        <file loc="examples/activities/tcp/shared_connection/readme.html" md5sum="6e71abe4cb0f3623a186560a2292105f" perm="555" sizeinbytes="8983" timestamp="1352979248000"/>
        <file loc="examples/activities/tcp/shared_connection/shared_connection.zip" md5sum="c91578c9727b185466c8593e77eca492" perm="555" sizeinbytes="12323" timestamp="1352979248000"/>
        <file loc="examples/activities/tcp/basic/tcp-plugin-sample.zip" md5sum="2c427bcdf59d9bfe4761425c266b0fa0" perm="555" sizeinbytes="24144" timestamp="1352979248000"/>
        <file loc="examples/activities/tcp/basic/readme.html" md5sum="78fdab813f6c5b321099b87359e29ee9" perm="555" sizeinbytes="13775" timestamp="1352979248000"/>
        <file loc="examples/activities/soap/soap_over_http_X509_sign_encrypt_verify_using_jks_direct_referrence/Readme.html" md5sum="b3d744f060c4cd43e61dfd8c2b797057" perm="555" sizeinbytes="17582" timestamp="1352979249000"/>
        <file loc="examples/activities/soap/soap_over_http_X509_sign_encrypt_verify_using_jks_direct_referrence/soap_over_http_X509_sign_encrypt_verify_using_jks_direct_referrence.zip" md5sum="07cc24d83d18e7cbfa6f284c3e04d82c" perm="555" sizeinbytes="27992" timestamp="1352979249000"/>
        <file loc="examples/activities/soap/soap_over_http_X509_sign_encrypt_verify_using_jks_subject_key_identity/Readme.html" md5sum="41a3f579cd8083544f39eac87d928f4c" perm="555" sizeinbytes="17784" timestamp="1352979249000"/>
        <file loc="examples/activities/soap/soap_over_http_X509_sign_encrypt_verify_using_jks_subject_key_identity/soap_over_http_X509_sign_encrypt_verify_using_jks_subject_key_identity.zip" md5sum="be41aafb17526d6378aac271f9b52df1" perm="555" sizeinbytes="27062" timestamp="1352979249000"/>
        <file loc="examples/activities/soap/swa_inband/swa_inband.zip" md5sum="15e1bbab671ad50e4de685dcf8c51114" perm="555" sizeinbytes="11505" timestamp="1352979249000"/>
        <file loc="examples/activities/soap/swa_inband/readme.html" md5sum="97f4841e1308d2662080db87e6e7465b" perm="555" sizeinbytes="8066" timestamp="1352979249000"/>
        <file loc="examples/activities/soap/soap_over_http_open_ldap_based_custom_username_password_sign_X509_encrypt/OpenLDAPBasedPasswordLookup.java" md5sum="32c72d0c40cf43f498fbd4e461b5bb65" perm="555" sizeinbytes="6517" timestamp="1352979249000"/>
        <file loc="examples/activities/soap/soap_over_http_open_ldap_based_custom_username_password_sign_X509_encrypt/Readme.html" md5sum="d47a0e403d7eee0281c85b21c6adda18" perm="555" sizeinbytes="21992" timestamp="1352979249000"/>
        <file loc="examples/activities/soap/soap_over_http_open_ldap_based_custom_username_password_sign_X509_encrypt/soap_over_http_open_ldap_based_custom_username_password_sign_X509_encrypt.zip" md5sum="6657abef8fbf1fb107e21f3c50bcc2f9" perm="555" sizeinbytes="29131" timestamp="1352979249000"/>
        <file loc="examples/activities/soap/soap_over_http_open_ldap_based_custom_username_password_sign_X509_encrypt/slapd.conf" md5sum="1ac97da4ee7ea1203df3d0e5eeec16a7" perm="555" sizeinbytes="452" timestamp="1352979249000"/>
        <file loc="examples/activities/soap/soap_over_http_open_ldap_based_custom_username_password_sign_X509_encrypt/tibco-people.txt" md5sum="bb891530f540bfb4da76f2385a0299a4" perm="555" sizeinbytes="548" timestamp="1352979249000"/>
        <file loc="examples/activities/soap/soap_over_http_open_ldap_based_custom_username_password_sign_X509_encrypt/ldap.properties" md5sum="4502a7a7cf2126ab2f4f30779305a5b1" perm="555" sizeinbytes="181" timestamp="1352979249000"/>
        <file loc="examples/activities/soap/soap_headers/readme.html" md5sum="f8e1ac5bcda0c6dac0216aa1afb4f868" perm="555" sizeinbytes="21421" timestamp="1352979249000"/>
        <file loc="examples/activities/soap/soap_headers/soap_headers.zip" md5sum="73e8a8ef6b8708ca5986eab0c053f4b1" perm="555" sizeinbytes="11652" timestamp="1352979249000"/>
        <file loc="examples/activities/soap/soap_array/readme.html" md5sum="008e395177c53a08d4249b3b7c67cb44" perm="555" sizeinbytes="16214" timestamp="1352979249000"/>
        <file loc="examples/activities/soap/soap_array/soap_array.zip" md5sum="19b901bcd584756836cbcfc4bb031c4d" perm="555" sizeinbytes="13245" timestamp="1352979249000"/>
        <file loc="examples/activities/soap/attachment_files/input/ImageInput2.gif" md5sum="0d5395d350fa546546f197e55aedc3c6" perm="555" sizeinbytes="1787" timestamp="1352979249000"/>
        <file loc="examples/activities/soap/attachment_files/input/TextInput2.txt" md5sum="efbdf2639a0e95f39b6a430b1b37ab74" perm="555" sizeinbytes="45" timestamp="1352979249000"/>
        <file loc="examples/activities/soap/attachment_files/input/ImageInput1.gif" md5sum="6c85b59db9b708382f330ff0f7a7ae41" perm="555" sizeinbytes="2514" timestamp="1352979249000"/>
        <file loc="examples/activities/soap/attachment_files/input/TextInput1.txt" md5sum="069061c0636dd58e82da5c0ced7a95dc" perm="555" sizeinbytes="45" timestamp="1352979249000"/>
        <file loc="examples/activities/soap/interop/wss/wss4j/readme.html" md5sum="7262e506cd071525aca7ec9f33aca1a5" perm="555" sizeinbytes="14308" timestamp="1352979249000"/>
        <file loc="examples/activities/soap/interop/wss/wss4j/cryptoSKI.properties" md5sum="aca5749fab3d09eadf3ac416a0af6094" perm="555" sizeinbytes="261" timestamp="1352979249000"/>
        <file loc="examples/activities/soap/interop/wss/wss4j/setenv.bat" md5sum="d52b2fc2825734bffd8829ec473b60d3" perm="555" sizeinbytes="793" timestamp="1352979249000"/>
        <file loc="examples/activities/soap/interop/wss/wss4j/interop2.jks" md5sum="f4e6b5baf9ae44f231e3e6a7e6e3cee1" perm="555" sizeinbytes="4857" timestamp="1352979249000"/>
        <file loc="examples/activities/soap/interop/wss/wss4j/BookStore.xml" md5sum="a1135e8d196d98565d77b55190e8fc65" perm="555" sizeinbytes="1909" timestamp="1352979249000"/>
        <file loc="examples/activities/soap/interop/wss/wss4j/WSS4JClient.java" md5sum="19c3d9d2e7a2898e3a5f6846fd03eaa6" perm="555" sizeinbytes="7302" timestamp="1352979249000"/>
        <file loc="examples/activities/soap/interop/wss/wss4j/BWServer.zip" md5sum="a5dac66047e01d483eb5c9a0c7fbda69" perm="555" sizeinbytes="25711" timestamp="1352979249000"/>
        <file loc="examples/activities/soap/interop/wss/wss4j/soap-msg.xml" md5sum="417a02d421fbc8208b672dc3498912f9" perm="555" sizeinbytes="251" timestamp="1352979249000"/>
        <file loc="examples/activities/soap/interop/wss/xws/bcprov-jdk13-128.jar" md5sum="df3bcd31eab54423889ee906aa7be095" perm="555" sizeinbytes="1179709" timestamp="1352979249000"/>
        <file loc="examples/activities/soap/interop/wss/xws/run.bat" md5sum="d26f7928df32fb5bd22260835b61b3e5" perm="555" sizeinbytes="1475" timestamp="1352979249000"/>
        <file loc="examples/activities/soap/interop/wss/xws/XWSSMsgProcessorFactoy.java" md5sum="428f0292dfb168c39b001cb6fe4763ae" perm="555" sizeinbytes="2391" timestamp="1352979249000"/>
        <file loc="examples/activities/soap/interop/wss/xws/readme.html" md5sum="af4ac2283542facd3d361e4e65c76af8" perm="555" sizeinbytes="13827" timestamp="1352979249000"/>
        <file loc="examples/activities/soap/interop/wss/xws/XWSSMsgProcessor.java" md5sum="93e8aacf0c81c80ae1ae03a5796940a1" perm="555" sizeinbytes="561" timestamp="1352979249000"/>
        <file loc="examples/activities/soap/interop/wss/xws/wss-client-config.xml" md5sum="ed2fc61b6fb3416154d50f9c4205dede" perm="555" sizeinbytes="419" timestamp="1352979249000"/>
        <file loc="examples/activities/soap/interop/wss/xws/XWSSClient.java" md5sum="b0fbdeb65d62cfaa3f4305b5a1d9ddee" perm="555" sizeinbytes="5454" timestamp="1352979249000"/>
        <file loc="examples/activities/soap/interop/wss/xws/wss-server-config.xml" md5sum="f951bf88b0ec5b522d684e2a9e97a8f7" perm="555" sizeinbytes="460" timestamp="1352979249000"/>
        <file loc="examples/activities/soap/interop/wss/xws/server-security-env.properties" md5sum="0be6b44d60d77257d733fa92cf8e9764" perm="555" sizeinbytes="311" timestamp="1352979249000"/>
        <file loc="examples/activities/soap/interop/wss/xws/interop2.jks" md5sum="f4e6b5baf9ae44f231e3e6a7e6e3cee1" perm="555" sizeinbytes="4857" timestamp="1352979249000"/>
        <file loc="examples/activities/soap/interop/wss/xws/BookStore.xml" md5sum="a1135e8d196d98565d77b55190e8fc65" perm="555" sizeinbytes="1909" timestamp="1352979249000"/>
        <file loc="examples/activities/soap/interop/wss/xws/XWSSMsgProcessorImpl.java" md5sum="eaa1e40370cf971b203c5dc69dc886e2" perm="555" sizeinbytes="3240" timestamp="1352979249000"/>
        <file loc="examples/activities/soap/interop/wss/xws/SecurityPropertyHandler.java" md5sum="156015332de148f16263e31aa7460456" perm="555" sizeinbytes="24301" timestamp="1352979249000"/>
        <file loc="examples/activities/soap/interop/wss/xws/client-security-env.properties" md5sum="4c0a9f7d2b7a9d3dba18a6a7539044dd" perm="555" sizeinbytes="309" timestamp="1352979249000"/>
        <file loc="examples/activities/soap/interop/wss/xws/BWServer.zip" md5sum="b5ba6808a04385e093acdc7ad738ca70" perm="555" sizeinbytes="19076" timestamp="1352979249000"/>
        <file loc="examples/activities/soap/interop/dotNet/readme.html" md5sum="b270371b4c2755af425907a24b0f5eb7" perm="555" sizeinbytes="13397" timestamp="1352979249000"/>
        <file loc="examples/activities/soap/interop/dotNet/SoapProcess.exe" md5sum="9be35d2f6dbfb497f4be1b793fd09df8" perm="555" sizeinbytes="8704" timestamp="1352979249000"/>
        <file loc="examples/activities/soap/interop/dotNet/Server.zip" md5sum="32da36c721e11706a12284aae9a3333b" perm="555" sizeinbytes="11997" timestamp="1352979249000"/>
        <file loc="examples/activities/soap/interop/dotNet/concrete.wsdl" md5sum="c35cbd92ce1afb8ce57025eadb26de4f" perm="555" sizeinbytes="5078" timestamp="1352979249000"/>
        <file loc="examples/activities/soap/interop/dotNet/SoapProcess.cs" md5sum="202fabc175d8a2265e7bcf0955b73281" perm="555" sizeinbytes="8112" timestamp="1352979249000"/>
        <file loc="examples/activities/soap/interop/soap_1.2_axis/client-src.zip" md5sum="2035bcc5245e514a46730de9e83a8929" perm="555" sizeinbytes="9110" timestamp="1352979248000"/>
        <file loc="examples/activities/soap/interop/soap_1.2_axis/readme.html" md5sum="ec63d0d10677fb709a38e21bfdf7292a" perm="555" sizeinbytes="15026" timestamp="1352979248000"/>
        <file loc="examples/activities/soap/interop/soap_1.2_axis/BWServer.zip" md5sum="edf2e47546fc55f30a5d70a484d0fe65" perm="555" sizeinbytes="11294" timestamp="1352979248000"/>
        <file loc="examples/activities/soap/interop/soap_jms_axis/soap_jms_service.zip" md5sum="7d5841b89ecbc5e800b1b1d563c07449" perm="555" sizeinbytes="10221" timestamp="1352979248000"/>
        <file loc="examples/activities/soap/interop/soap_jms_axis/TibcoAxisClient.java" md5sum="e40a35e3dc93bad5258f8186bbf8b254" perm="555" sizeinbytes="4173" timestamp="1352979248000"/>
        <file loc="examples/activities/soap/interop/soap_jms_axis/readme.html" md5sum="9d1e074ad9c85ec1ef997fb6e9266390" perm="555" sizeinbytes="17951" timestamp="1352979248000"/>
        <file loc="examples/activities/soap/interop/jaxrpc/replacePhoto/readme.html" md5sum="876bd4f2435a56df6ee149fbe515ec74" perm="555" sizeinbytes="17576" timestamp="1352979248000"/>
        <file loc="examples/activities/soap/interop/jaxrpc/replacePhoto/BWSoapServer/build.xml" md5sum="90054c657f81513ff2f78fb7d593ca88" perm="555" sizeinbytes="8374" timestamp="1352979248000"/>
        <file loc="examples/activities/soap/interop/jaxrpc/replacePhoto/BWSoapServer/src/client/photocatalog/BWMessageHandler.java" md5sum="43e8d8b9bbcc1530a3aeae046a904b1a" perm="555" sizeinbytes="3690" timestamp="1352979248000"/>
        <file loc="examples/activities/soap/interop/jaxrpc/replacePhoto/BWSoapServer/src/client/photocatalog/PhotoCatalogClient.java" md5sum="e3ee0163e4e2cba079158efb4b3f427a" perm="555" sizeinbytes="1306" timestamp="1352979248000"/>
        <file loc="examples/activities/soap/interop/jaxrpc/replacePhoto/BWSoapServer/tomcat.xml" md5sum="3e09745025d3f9baac5f4b37b83db088" perm="555" sizeinbytes="301" timestamp="1352979248000"/>
        <file loc="examples/activities/soap/interop/jaxrpc/replacePhoto/BWSoapServer/BW_Project.zip" md5sum="07e4f79fd92b1d30d88c48c6c7ff9666" perm="555" sizeinbytes="10085" timestamp="1352979248000"/>
        <file loc="examples/activities/soap/interop/jaxrpc/replacePhoto/BWSoapServer/sjsws.xml" md5sum="5804f7b96a2fcabd72bb9daaa959aa09" perm="555" sizeinbytes="1784" timestamp="1352979248000"/>
        <file loc="examples/activities/soap/interop/jaxrpc/replacePhoto/BWSoapServer/data/tibco.jpg" md5sum="bb2eee6c1c1c7e199472ab5b3503ed1e" perm="555" sizeinbytes="104411" timestamp="1352979248000"/>
        <file loc="examples/activities/soap/interop/jaxrpc/replacePhoto/BWSoapServer/sjsas.xml" md5sum="17066cec06fd034a447ff4ef452edb00" perm="555" sizeinbytes="596" timestamp="1352979248000"/>
        <file loc="examples/activities/soap/interop/jaxrpc/replacePhoto/BWSoapServer/build.properties" md5sum="e3b31e49b1c8aa14835d86719cb3d305" perm="555" sizeinbytes="2551" timestamp="1352979248000"/>
        <file loc="examples/activities/soap/interop/jaxrpc/replacePhoto/BWSoapServer/etc/web.xml" md5sum="fec3f0edf68d3be638110f9922697513" perm="555" sizeinbytes="561" timestamp="1352979248000"/>
        <file loc="examples/activities/soap/interop/jaxrpc/replacePhoto/BWSoapServer/etc/jaxrpc-ri.xml" md5sum="cc9389b2e16ad83cb40ad0b0f8ef71e0" perm="555" sizeinbytes="851" timestamp="1352979248000"/>
        <file loc="examples/activities/soap/interop/jaxrpc/replacePhoto/BWSoapServer/etc/WS-ISwA.xsd" md5sum="624a6df25fe8366af8ec6a22a0bfedef" perm="555" sizeinbytes="713" timestamp="1352979248000"/>
        <file loc="examples/activities/soap/interop/jaxrpc/replacePhoto/BWSoapServer/etc/config-client.xml" md5sum="e30399a5f534877da5b0b05f5447233f" perm="555" sizeinbytes="566" timestamp="1352979248000"/>
        <file loc="examples/activities/soap/interop/jaxrpc/addPhoto/jaxrpc-client.zip" md5sum="2a380c8743e5c293b4667896766e83f1" perm="555" sizeinbytes="32327" timestamp="1352979248000"/>
        <file loc="examples/activities/soap/interop/jaxrpc/addPhoto/readme.html" md5sum="154c4e5103ee633a2d3237f1bb063bd7" perm="555" sizeinbytes="14375" timestamp="1352979248000"/>
        <file loc="examples/activities/soap/interop/jaxrpc/addPhoto/BWServer.zip" md5sum="286256766580a050a88c94b6d616d6a8" perm="555" sizeinbytes="8353" timestamp="1352979248000"/>
        <file loc="examples/activities/soap/write_to_file/project.zip" md5sum="f7ba428529cd2a6a9d1f8088821afd5f" perm="555" sizeinbytes="7072" timestamp="1352979249000"/>
        <file loc="examples/activities/soap/write_to_file/readme.html" md5sum="2cf95331a3180d906446d5825aa89e44" perm="555" sizeinbytes="10583" timestamp="1352979249000"/>
        <file loc="examples/activities/soap/soap_over_jms/Readme.html" md5sum="635be30a3f9fe404adb537f689aab337" perm="555" sizeinbytes="9118" timestamp="1352979249000"/>
        <file loc="examples/activities/soap/soap_over_jms/soap_over_jms.zip" md5sum="eae86c37fe5be60d7423982b2bfa53a4" perm="555" sizeinbytes="12720" timestamp="1352979249000"/>
        <file loc="examples/activities/soap/soap_over_http_X509_sign_encrypt_verify_message_elements/soap_over_http_X509_sign_encrypt_verify_message_elements.zip" md5sum="1a386d58c0f096dfb61dac4226aefcf4" perm="555" sizeinbytes="27142" timestamp="1352979249000"/>
        <file loc="examples/activities/soap/soap_over_http_X509_sign_encrypt_verify_message_elements/Readme.html" md5sum="54a4cebc0df82392c63837ce1dcb6967" perm="555" sizeinbytes="18070" timestamp="1352979249000"/>
        <file loc="examples/activities/soap/soap_over_http_username_password_sign_X509_encrypt/Readme.html" md5sum="88ac6bcafb6e3de6fc9a57716c505c37" perm="555" sizeinbytes="19064" timestamp="1352979249000"/>
        <file loc="examples/activities/soap/soap_over_http_username_password_sign_X509_encrypt/soap_over_http_username_password_sign_X509_encrypt.zip" md5sum="c752153a8c453e1a67b0c0474918b42f" perm="555" sizeinbytes="26950" timestamp="1352979249000"/>
        <file loc="examples/activities/soap/mail_soap_interop/readme.html" md5sum="f024f23b263a3158f21a7a87f8eb05c5" perm="555" sizeinbytes="10197" timestamp="1352979249000"/>
        <file loc="examples/activities/soap/mail_soap_interop/mail_soap_interop.zip" md5sum="9a127b87b6165eee09f5a62ebbf36218" perm="555" sizeinbytes="15125" timestamp="1352979249000"/>
        <file loc="examples/activities/soap/soap_over_http_X509_using_p12_expose_security_context/Readme.html" md5sum="6565704b9736380654036fb0d3604826" perm="555" sizeinbytes="18351" timestamp="1352979249000"/>
        <file loc="examples/activities/soap/soap_over_http_X509_using_p12_expose_security_context/soap_over_http_X509_using_p12_expose_security_context.zip" md5sum="4c7333861a870594938dd650b5111a55" perm="555" sizeinbytes="24132" timestamp="1352979249000"/>
        <file loc="examples/activities/soap/wsdl_embed/readme.html" md5sum="131ea9a138806ed872a7fa3660c274c8" perm="555" sizeinbytes="14102" timestamp="1352979249000"/>
        <file loc="examples/activities/soap/wsdl_embed/wsdl_embed.zip" md5sum="5aea1e25423164577c88e303788680ae" perm="555" sizeinbytes="19133" timestamp="1352979249000"/>
        <file loc="examples/activities/soap/soap_over_http_file_based_custom_username_password_sign_X509_encrypt/Readme.html" md5sum="fffafd132f08d6e6e58122d06a99c954" perm="555" sizeinbytes="20583" timestamp="1352979249000"/>
        <file loc="examples/activities/soap/soap_over_http_file_based_custom_username_password_sign_X509_encrypt/passwd.txt" md5sum="8848175da377eca88b2ecf46384b3251" perm="555" sizeinbytes="263" timestamp="1352979249000"/>
        <file loc="examples/activities/soap/soap_over_http_file_based_custom_username_password_sign_X509_encrypt/FileBasedPasswordLookup.java" md5sum="8a1d37e6994854fa504119bd9002f839" perm="555" sizeinbytes="3265" timestamp="1352979249000"/>
        <file loc="examples/activities/soap/soap_over_http_file_based_custom_username_password_sign_X509_encrypt/soap_over_http_file_based_custom_username_password_sign_X509_encrypt.zip" md5sum="f1e316b4a0f4624ae8780fd803a08be1" perm="555" sizeinbytes="31025" timestamp="1352979249000"/>
        <file loc="examples/activities/soap/change_transport/Readme.html" md5sum="c89afa00ca1104f363ba685d4130b220" perm="555" sizeinbytes="5352" timestamp="1352979249000"/>
        <file loc="examples/activities/soap/one_way_jms/client_input.txt" md5sum="4a30b1ed7333c3a76e93794be0e95933" perm="555" sizeinbytes="48" timestamp="1352979249000"/>
        <file loc="examples/activities/soap/one_way_jms/project.zip" md5sum="2c0a4697f11e8a7aaefd21b62ee031ba" perm="555" sizeinbytes="7123" timestamp="1352979249000"/>
        <file loc="examples/activities/soap/one_way_jms/readme.html" md5sum="6f79f48d433ca7e53eeed293a2138214" perm="555" sizeinbytes="9727" timestamp="1352979249000"/>
        <file loc="examples/activities/soap/swa_outofband/readme.html" md5sum="ce288ab6c0f349aeaf39701e0e23ef29" perm="555" sizeinbytes="7908" timestamp="1352979249000"/>
        <file loc="examples/activities/soap/swa_outofband/swa_outofband.zip" md5sum="42bdf19c539818e30367de4a4bccc915" perm="555" sizeinbytes="11263" timestamp="1352979249000"/>
        <file loc="examples/activities/soap/soap_over_http/soap_over_http.zip" md5sum="8059c74dd3725c86a21339663509c51b" perm="555" sizeinbytes="12126" timestamp="1352979249000"/>
        <file loc="examples/activities/soap/soap_over_http/Readme.html" md5sum="3a26c1cd487609ec60ea713f41d4bc5f" perm="555" sizeinbytes="8591" timestamp="1352979249000"/>
        <file loc="examples/activities/soap/soap_mtom_outofband/readme.html" md5sum="2df56220dd5cc4fe7d01724233976873" perm="555" sizeinbytes="8812" timestamp="1352979249000"/>
        <file loc="examples/activities/soap/soap_mtom_outofband/soap_mtom_outofband.zip" md5sum="49498a94d25b0d8b854ea5f5fadd1a9f" perm="555" sizeinbytes="12530" timestamp="1352979249000"/>
        <file loc="examples/activities/soap/soap_over_http_X509_sign_encrypt_and_verify_using_entrust/Readme.html" md5sum="e29c3bddbee86f33ffb3bccfb2241615" perm="555" sizeinbytes="17975" timestamp="1352979249000"/>
        <file loc="examples/activities/soap/soap_over_http_X509_sign_encrypt_and_verify_using_entrust/soap_over_http_X509_sign_encrypt_and_verify_using_entrust.zip" md5sum="6d88b7e37540cec79df2eeaa64c75b91" perm="555" sizeinbytes="33427" timestamp="1352979249000"/>
        <file loc="examples/activities/mail/attachment_files/input/attachment1.gif" md5sum="891f35c7027d5490da50a6ea146efe88" perm="555" sizeinbytes="1834" timestamp="1352979247000"/>
        <file loc="examples/activities/mail/attachment_files/input/tibcologo.gif" md5sum="44e40b48e54c94d2755e4524d573dbb9" perm="555" sizeinbytes="2878" timestamp="1352979247000"/>
        <file loc="examples/activities/mail/attachment_files/input/attachment2.gif" md5sum="bd4cf20e538612a7e9d2119800261427" perm="555" sizeinbytes="2031" timestamp="1352979247000"/>
        <file loc="examples/activities/mail/html_mail_with_image/screenshot.jpg" md5sum="3beed0121a835434fad093d622164a65" perm="555" sizeinbytes="21070" timestamp="1352979247000"/>
        <file loc="examples/activities/mail/html_mail_with_image/readme.html" md5sum="d95ea2c4cfbfff78409bbaf198776464" perm="555" sizeinbytes="27559" timestamp="1352979247000"/>
        <file loc="examples/activities/mail/html_mail_with_image/html_mail.zip" md5sum="65bfcc89484328d25a495d28e05ee54c" perm="555" sizeinbytes="7539" timestamp="1352979247000"/>
        <file loc="examples/activities/mail/Pre-5.2_Configuraion/EmailExample.zip" md5sum="84e86e0bd5c707391dc8672ed7395010" perm="555" sizeinbytes="10356" timestamp="1352979247000"/>
        <file loc="examples/activities/mail/Pre-5.2_Configuraion/readme.html" md5sum="263a1b334bdcede83623911105d39594" perm="555" sizeinbytes="8831" timestamp="1352979247000"/>
        <file loc="examples/activities/mail/simple_attachment/readme.html" md5sum="906f4377dd39cf8f21697571f8fbe55d" perm="555" sizeinbytes="25955" timestamp="1352979247000"/>
        <file loc="examples/activities/mail/simple_attachment/simple_attachment.zip" md5sum="d1497459831a225ba3f806e5d762fcf6" perm="555" sizeinbytes="9161" timestamp="1352979247000"/>
        <file loc="examples/activities/transaction/xa/transaction_xa.zip" md5sum="9f6a755c3ea51ddbe0c07ab4043058af" perm="555" sizeinbytes="12983" timestamp="1352979247000"/>
        <file loc="examples/activities/transaction/xa/createTxTestTables.sql" md5sum="62d78908f6f215f24aedc6d80d0b7cdb" perm="555" sizeinbytes="324" timestamp="1352979247000"/>
        <file loc="examples/activities/transaction/xa/readme.html" md5sum="993d4de6c1507b69cce8644924e57e48" perm="555" sizeinbytes="20028" timestamp="1352979247000"/>
        <file loc="examples/activities/transaction/jdbc/transaction_jdbc.zip" md5sum="318900295c8e3228a60ed88c56c98fd3" perm="555" sizeinbytes="10534" timestamp="1352979247000"/>
        <file loc="examples/activities/transaction/jdbc/createTxTestTables.sql" md5sum="91b170783a553e9536c32bc5574466ea" perm="555" sizeinbytes="431" timestamp="1352979247000"/>
        <file loc="examples/activities/transaction/jdbc/readme.html" md5sum="335a683101f38b6948f44a733820def7" perm="555" sizeinbytes="17038" timestamp="1352979247000"/>
        <file loc="container/lib/bwcontainer.jar" md5sum="101167b65b4e4eff5058b8ee675d5c61" perm="555" sizeinbytes="20789" timestamp="1352979407000"/>
        <file loc="container/lib/jargs.jar" md5sum="6f3f1d7e5551b3a2c4f79a7a84304b7a" perm="555" sizeinbytes="11406" timestamp="1352979217000"/>
        <file loc="container/lib/pramati_util.jar" md5sum="9c85ec2a97aaaa51f796b2f9febf476b" perm="555" sizeinbytes="3068094" timestamp="1352979217000"/>
        <file loc="bin/bwengine.xml" md5sum="fdc2d63f56cc007332a1ff06b982f649" perm="755" sizeinbytes="4765" timestamp="1352979217000"/>
        <file loc="bin/dbs_oracle.sql" md5sum="26588f9389d7d0dd14007b260f5de82f" perm="755" sizeinbytes="3403" timestamp="1352979217000"/>
        <file loc="bin/dbs_sqlserver.sql" md5sum="e4d24e1da176dfa134f1767e3e399012" perm="755" sizeinbytes="3603" timestamp="1352979217000"/>
        <file loc="bin/dbs_sybase.sql" md5sum="8113ab8fc1381fbe935564e9a4fdd8bf" perm="755" sizeinbytes="3461" timestamp="1352979217000"/>
        <file loc="bin/dbs_timesten.sql" md5sum="09c4fc78ca60263324642a7e373ea37c" perm="755" sizeinbytes="3441" timestamp="1352979217000"/>
    </installcomponent>
    <directorylist>
        <dir isEmpty="true" loc="logs" perm="664" sizeinbytes="4096"/>
        <dir loc="lib" perm="664" sizeinbytes="21149"/>
        <dir loc="lib/com" perm="664" sizeinbytes="17053"/>
        <dir loc="lib/com/tibco" perm="664" sizeinbytes="12957"/>
        <dir loc="lib/com/tibco/deployment" perm="664" sizeinbytes="8861"/>
        <dir loc="examples" perm="664" sizeinbytes="4239779"/>
        <dir loc="examples/activities" perm="664" sizeinbytes="4201855"/>
        <dir loc="examples/activities/Java" perm="664" sizeinbytes="175758"/>
        <dir loc="examples/activities/Java/javaMethodWithDBConnection" perm="664" sizeinbytes="44101"/>
        <dir loc="examples/activities/Java/javaMethodWithDBConnection/src" perm="664" sizeinbytes="12508"/>
        <dir loc="examples/activities/Java/javaMethodWithDBConnection/src/jmdbexample" perm="664" sizeinbytes="8412"/>
        <dir loc="examples/activities/Java/javaMethod" perm="664" sizeinbytes="45265"/>
        <dir loc="examples/activities/Java/javaMethod/src" perm="664" sizeinbytes="17460"/>
        <dir loc="examples/activities/Java/javaMethod/src/jmexample" perm="664" sizeinbytes="13364"/>
        <dir loc="examples/activities/Java/JavaEventSource" perm="664" sizeinbytes="55487"/>
        <dir loc="examples/activities/Java/JavaEventSource/src" perm="664" sizeinbytes="17460"/>
        <dir loc="examples/activities/Java/JavaEventSource/src/jmexample" perm="664" sizeinbytes="13364"/>
        <dir loc="examples/activities/Java/javaCode" perm="664" sizeinbytes="26809"/>
        <dir loc="examples/activities/ftp" perm="664" sizeinbytes="17923"/>
        <dir loc="examples/activities/xml" perm="664" sizeinbytes="4527"/>
        <dir loc="examples/activities/ejb" perm="664" sizeinbytes="4509"/>
        <dir loc="examples/activities/file" perm="664" sizeinbytes="27177"/>
        <dir loc="examples/activities/jobRecovery" perm="664" sizeinbytes="19254"/>
        <dir loc="examples/activities/http" perm="664" sizeinbytes="94545"/>
        <dir loc="examples/activities/http/attachment_files" perm="664" sizeinbytes="12147"/>
        <dir loc="examples/activities/http/attachment_files/input" perm="664" sizeinbytes="8051"/>
        <dir loc="examples/activities/http/persistentConnections-HTTP" perm="664" sizeinbytes="17579"/>
        <dir loc="examples/activities/http/dynamicHeaders" perm="664" sizeinbytes="16806"/>
        <dir loc="examples/activities/http/send-receive-attachment" perm="664" sizeinbytes="25578"/>
        <dir loc="examples/activities/http/basic" perm="664" sizeinbytes="18339"/>
        <dir loc="examples/activities/jdbc" perm="664" sizeinbytes="65615"/>
        <dir loc="examples/activities/jdbc/jdbc_simple" perm="664" sizeinbytes="17295"/>
        <dir loc="examples/activities/jdbc/jdbc_advance" perm="664" sizeinbytes="22670"/>
        <dir loc="examples/activities/jdbc/jdbc_object_collection" perm="664" sizeinbytes="21554"/>
        <dir loc="examples/activities/rmi" perm="664" sizeinbytes="101061"/>
        <dir loc="examples/activities/rmi/src" perm="664" sizeinbytes="20243"/>
        <dir loc="examples/activities/OnNotificationTimeout" perm="664" sizeinbytes="20622"/>
        <dir loc="examples/activities/service" perm="664" sizeinbytes="617719"/>
        <dir loc="examples/activities/service/soap_doclit_rpclit" perm="664" sizeinbytes="42095"/>
        <dir loc="examples/activities/service/soap_jms_bridge" perm="664" sizeinbytes="60146"/>
        <dir loc="examples/activities/service/soap_jms" perm="664" sizeinbytes="36208"/>
        <dir loc="examples/activities/service/invoke_partner_fault" perm="664" sizeinbytes="56505"/>
        <dir loc="examples/activities/service/soap_11_12" perm="664" sizeinbytes="36644"/>
        <dir loc="examples/activities/service/soap_jms_attachments" perm="664" sizeinbytes="38402"/>
        <dir loc="examples/activities/service/soap_http" perm="664" sizeinbytes="36938"/>
        <dir loc="examples/activities/service/invoke_partner" perm="664" sizeinbytes="56165"/>
        <dir loc="examples/activities/service/soap_http_jms" perm="664" sizeinbytes="40284"/>
        <dir loc="examples/activities/service/soap_http_headers" perm="664" sizeinbytes="37479"/>
        <dir loc="examples/activities/service/soap_https_expose_security_context" perm="664" sizeinbytes="56195"/>
        <dir loc="examples/activities/service/soap_http2" perm="664" sizeinbytes="55929"/>
        <dir loc="examples/activities/service/soap_http_headers2" perm="664" sizeinbytes="59109"/>
        <dir loc="examples/activities/rendezvous" perm="664" sizeinbytes="22115"/>
        <dir loc="examples/activities/rendezvous/RV-RPC" perm="664" sizeinbytes="18019"/>
        <dir loc="examples/activities/jms" perm="664" sizeinbytes="214214"/>
        <dir loc="examples/activities/jms/messageSelector" perm="664" sizeinbytes="26497"/>
        <dir loc="examples/activities/jms/XAPrecreate" perm="664" sizeinbytes="30838"/>
        <dir loc="examples/activities/jms/queueSenderWait" perm="664" sizeinbytes="24834"/>
        <dir loc="examples/activities/jms/queueReceiver" perm="664" sizeinbytes="24334"/>
        <dir loc="examples/activities/jms/topicDurable" perm="664" sizeinbytes="25642"/>
        <dir loc="examples/activities/jms/localTransactions" perm="664" sizeinbytes="23233"/>
        <dir loc="examples/activities/jms/queueRequestReply" perm="664" sizeinbytes="23562"/>
        <dir loc="examples/activities/jms/queueGetMessagesLoop" perm="664" sizeinbytes="31178"/>
        <dir loc="examples/activities/CustomActivity" perm="664" sizeinbytes="71361"/>
        <dir loc="examples/activities/tcp" perm="664" sizeinbytes="71513"/>
        <dir loc="examples/activities/tcp/shared_connection" perm="664" sizeinbytes="25402"/>
        <dir loc="examples/activities/tcp/basic" perm="664" sizeinbytes="42015"/>
        <dir loc="examples/activities/soap" perm="664" sizeinbytes="2454430"/>
        <dir loc="examples/activities/soap/soap_over_http_X509_sign_encrypt_verify_using_jks_direct_referrence" perm="664" sizeinbytes="49670"/>
        <dir loc="examples/activities/soap/soap_over_http_X509_sign_encrypt_verify_using_jks_subject_key_identity" perm="664" sizeinbytes="48942"/>
        <dir loc="examples/activities/soap/swa_inband" perm="664" sizeinbytes="23667"/>
        <dir loc="examples/activities/soap/soap_over_http_open_ldap_based_custom_username_password_sign_X509_encrypt" perm="664" sizeinbytes="62917"/>
        <dir loc="examples/activities/soap/soap_headers" perm="664" sizeinbytes="37169"/>
        <dir loc="examples/activities/soap/soap_array" perm="664" sizeinbytes="33555"/>
        <dir loc="examples/activities/soap/attachment_files" perm="664" sizeinbytes="12583"/>
        <dir loc="examples/activities/soap/attachment_files/input" perm="664" sizeinbytes="8487"/>
        <dir loc="examples/activities/soap/interop" perm="664" sizeinbytes="1702710"/>
        <dir loc="examples/activities/soap/interop/wss" perm="664" sizeinbytes="1325979"/>
        <dir loc="examples/activities/soap/interop/wss/wss4j" perm="664" sizeinbytes="59488"/>
        <dir loc="examples/activities/soap/interop/wss/xws" perm="664" sizeinbytes="1262395"/>
        <dir loc="examples/activities/soap/interop/dotNet" perm="664" sizeinbytes="51384"/>
        <dir loc="examples/activities/soap/interop/soap_1.2_axis" perm="664" sizeinbytes="39526"/>
        <dir loc="examples/activities/soap/interop/soap_jms_axis" perm="664" sizeinbytes="36441"/>
        <dir loc="examples/activities/soap/interop/jaxrpc" perm="664" sizeinbytes="245284"/>
        <dir loc="examples/activities/soap/interop/jaxrpc/replacePhoto" perm="664" sizeinbytes="182037"/>
        <dir loc="examples/activities/soap/interop/jaxrpc/replacePhoto/BWSoapServer" perm="664" sizeinbytes="160365"/>
        <dir loc="examples/activities/soap/interop/jaxrpc/replacePhoto/BWSoapServer/src" perm="664" sizeinbytes="17284"/>
        <dir loc="examples/activities/soap/interop/jaxrpc/replacePhoto/BWSoapServer/src/client" perm="664" sizeinbytes="13188"/>
        <dir loc="examples/activities/soap/interop/jaxrpc/replacePhoto/BWSoapServer/src/client/photocatalog" perm="664" sizeinbytes="9092"/>
        <dir loc="examples/activities/soap/interop/jaxrpc/replacePhoto/BWSoapServer/data" perm="664" sizeinbytes="108507"/>
        <dir loc="examples/activities/soap/interop/jaxrpc/replacePhoto/BWSoapServer/etc" perm="664" sizeinbytes="6787"/>
        <dir loc="examples/activities/soap/interop/jaxrpc/addPhoto" perm="664" sizeinbytes="59151"/>
        <dir loc="examples/activities/soap/write_to_file" perm="664" sizeinbytes="21751"/>
        <dir loc="examples/activities/soap/soap_over_jms" perm="664" sizeinbytes="25934"/>
        <dir loc="examples/activities/soap/soap_over_http_X509_sign_encrypt_verify_message_elements" perm="664" sizeinbytes="49308"/>
        <dir loc="examples/activities/soap/soap_over_http_username_password_sign_X509_encrypt" perm="664" sizeinbytes="50110"/>
        <dir loc="examples/activities/soap/mail_soap_interop" perm="664" sizeinbytes="29418"/>
        <dir loc="examples/activities/soap/soap_over_http_X509_using_p12_expose_security_context" perm="664" sizeinbytes="46579"/>
        <dir loc="examples/activities/soap/wsdl_embed" perm="664" sizeinbytes="37331"/>
        <dir loc="examples/activities/soap/soap_over_http_file_based_custom_username_password_sign_X509_encrypt" perm="664" sizeinbytes="59232"/>
        <dir loc="examples/activities/soap/change_transport" perm="664" sizeinbytes="9448"/>
        <dir loc="examples/activities/soap/one_way_jms" perm="664" sizeinbytes="20994"/>
        <dir loc="examples/activities/soap/swa_outofband" perm="664" sizeinbytes="23267"/>
        <dir loc="examples/activities/soap/soap_over_http" perm="664" sizeinbytes="24813"/>
        <dir loc="examples/activities/soap/soap_mtom_outofband" perm="664" sizeinbytes="25438"/>
        <dir loc="examples/activities/soap/soap_over_http_X509_sign_encrypt_and_verify_using_entrust" perm="664" sizeinbytes="55498"/>
        <dir loc="examples/activities/mail" perm="664" sizeinbytes="141790"/>
        <dir loc="examples/activities/mail/attachment_files" perm="664" sizeinbytes="14935"/>
        <dir loc="examples/activities/mail/attachment_files/input" perm="664" sizeinbytes="10839"/>
        <dir loc="examples/activities/mail/html_mail_with_image" perm="664" sizeinbytes="60264"/>
        <dir loc="examples/activities/mail/Pre-5.2_Configuraion" perm="664" sizeinbytes="23283"/>
        <dir loc="examples/activities/mail/simple_attachment" perm="664" sizeinbytes="39212"/>
        <dir loc="examples/activities/transaction" perm="664" sizeinbytes="73626"/>
        <dir loc="examples/activities/transaction/xa" perm="664" sizeinbytes="37431"/>
        <dir loc="examples/activities/transaction/jdbc" perm="664" sizeinbytes="32099"/>
        <dir loc="container" perm="664" sizeinbytes="3108481"/>
        <dir loc="container/lib" perm="664" sizeinbytes="3104385"/>
        <dir loc="hotfix" perm="664" sizeinbytes="12288"/>
        <dir isEmpty="true" loc="hotfix/lib" perm="664" sizeinbytes="4096"/>
        <dir isEmpty="true" loc="hotfix/bin" perm="664" sizeinbytes="4096"/>
        <dir loc="bin" perm="664" sizeinbytes="22769"/>
    </directorylist>
</installcomponents>
