<?xml version="1.0" encoding="UTF-8" standalone="no"?>
<installcomponents>
    <assemblyProperties displayName="Third Party Core Libraries - Cactus" installLocation="${tpcl.home}"/>
    <installcomponent buildType="formal" currenttimestamp="10-24-2012-12-13-AM" prefix="product_tibco" sizeinbytes="1319078" uid="tpcl_cactus" version="1.6.1.003">
        <file loc="cactus/lib/aspectjrt-1.1.1.jar" md5sum="9ed8b1c3f5644c5631e64e82aec09e29" perm="555" sizeinbytes="29329" timestamp="1065986736000"/>
        <file loc="cactus/lib/cactus-ant-1.6.1.jar" md5sum="7a84673c74ce41d857f7f4c625901f88" perm="555" sizeinbytes="173923" timestamp="1084585174000"/>
        <file loc="cactus/lib/cactus-1.6.1.jar" md5sum="27ad51a6a3fc2e7c8ed3c8bf6f6ed339" perm="555" sizeinbytes="250604" timestamp="1084584936000"/>
        <file loc="cactus/lib/commons-logging-1.0.3.jar" md5sum="5bc8bdd15b18018e84fd862993aaca42" perm="555" sizeinbytes="31605" timestamp="1049733558000"/>
        <file loc="cactus/lib/junit-3.8.1.jar" md5sum="1f40fb782a4f2cf78f161d32670f7a3a" perm="555" sizeinbytes="121070" timestamp="1032053968000"/>
        <file loc="cactus/lib/nekohtml-0.7.4.jar" md5sum="64b18c3c174a1ef2e777ca1444124a83" perm="555" sizeinbytes="52666" timestamp="1046723570000"/>
        <file loc="cactus/lib/servletapi-2.3.jar" md5sum="378632b8929f13f78e814e362f43f7f6" perm="555" sizeinbytes="76107" timestamp="1047073754000"/>
        <file loc="cactus/lib/commons-httpclient-2.0.jar" md5sum="e0c0c1f887a8b1025a8bed9bff6ab771" perm="555" sizeinbytes="222618" timestamp="1077912766000"/>
        <file loc="cactus/lib/httpunit-1.5.4.jar" md5sum="19cd0a5bd12b6c0717287158d17c964f" perm="555" sizeinbytes="348868" timestamp="1063640060000"/>
    </installcomponent>
    <directorylist>
        <dir loc="cactus" perm="664" sizeinbytes="1314982"/>
        <dir loc="cactus/lib" perm="664" sizeinbytes="1310886"/>
    </directorylist>
</installcomponents>
