<?xml version="1.0" encoding="UTF-8" standalone="no"?>
<installcomponents>
    <assemblyProperties displayName="TIBCO Rendezvous IPM 64bit Development"/>
    <installcomponent buildType="formal" currenttimestamp="02-11-2014-10-52-PM" prefix="product_tibco" sizeinbytes="6075730" uid="ipm_64bit_development" version="8.4.2.005">
        <file loc="lib/ipm/tibrv.lib" md5sum="7b16030cfc3e4a9fe74dcd3ce1d66052" perm="444" sizeinbytes="114532" timestamp="1392151683000"/>
        <file loc="lib/ipm/libtibrv.lib" md5sum="a2dfa163f7b7a2f79364cee5f4704645" perm="444" sizeinbytes="5948910" timestamp="1392151906000"/>
    </installcomponent>
    <directorylist>
        <dir loc="lib" perm="664" sizeinbytes="6071634"/>
        <dir loc="lib/ipm" perm="664" sizeinbytes="6067538"/>
    </directorylist>
</installcomponents>
