<?xml version="1.0" encoding="UTF-8"?>
<feature
      id="com.tibco.tpcl.emf"
      label="%featureName"
      version="2.4.2.006"
      provider-name="%providerName">

   <description>
      %description
   </description>

   <copyright>
      %copyright
   </copyright>

   <license url="%licenseURL">
      %license
   </license>

   <requires>
      <import feature="com.tibco.tpcl.javax.system.exports.feature" version="5.0.0"/>
      <import feature="com.tibco.tpcl.org.eclipse.equinox.feature" version="3.4.0"/>
   </requires>

   <plugin
         id="com.tibco.tpcl.org.eclipse.emf"
         download-size="0"
         install-size="0"
         version="2.4.2.006"/>

</feature>
