<?xml version="1.0" encoding="UTF-8"?>
<feature
      id="com.tibco.tpcl.javax.resource.feature"
      label="%featureName"
      version="1.5.100.001"
      provider-name="%providerName">

   <description>
      %description
   </description>

   <copyright>
      %copyright
   </copyright>

   <license url="%licenseURL">
      %license
   </license>

   <requires>
      <import feature="com.tibco.tpcl.javax.transaction.feature" version="1.0.1" match="compatible"/>
      <import feature="com.tibco.tpcl.javax.system.exports.feature" version="5.0.0" match="compatible"/>
   </requires>

   <plugin
         id="com.tibco.tpcl.javax.resource"
         download-size="0"
         install-size="0"
         version="1.5.100.001"/>

</feature>
