<?xml version="1.0" encoding="UTF-8" standalone="no"?>
<installcomponents>
    <assemblyProperties displayName="TIBCO Runtime Agent Platform" installLocation="${tra.home}"/>
    <wizardAction class="com.tibco.installer.wizard.action.TIBCORunExternalClassWizardAction" sequence="post-install">
        <property jarFile="tra_platform.jar"/>
        <property classname="com.tibco.installer.product.tra_platform.TIBCOTRADatabaseConfigPanelWizardAction"/>
    </wizardAction>
    <wizardAction class="com.tibco.installer.wizard.action.TIBCOCheckForInstallLoc" sequence="install">
        <property productAcronym="RV"/>
        <property minimumVersion="${minimum.rv.version}"/>
        <property vpdUID="tibrv"/>
        <property productAssemblyUID="product_tibco_rv_common"/>
        <property productAssemblyMinVersion="${minimum.rv.version}"/>
        <property showProgress="true"/>
        <property description="Checking RV install location"/>
    </wizardAction>
    <wizardAction class="com.tibco.installer.wizard.action.TIBCOCheckForInstallLoc" sequence="post-install">
        <property productAcronym="hawk"/>
        <property minimumVersion="${minimum.hawk.version}"/>
        <property vpdUID="hawk_agent"/>
        <property productAssemblyUID="product_tibco_hawk_agent_common"/>
        <property productAssemblyMinVersion="${minimum.hawk.version}"/>
        <property showProgress="true"/>
        <property description="Checking Hawk install location"/>
    </wizardAction>
    <wizardAction class="com.tibco.installer.wizard.action.TIBCOCheckForInstallLoc" sequence="post-install">
        <property productAcronym="tpcl"/>
        <property minimumVersion="${minimum.tpcl.version}"/>
        <property vpdUID="tpcl"/>
        <property productAssemblyUID="product_tibco_tpcl_common"/>
        <property productAssemblyMinVersion="${minimum.tpcl.version}"/>
        <property showProgress="true"/>
        <property description="Checking TPCL install location"/>
    </wizardAction>
    <wizardAction class="com.tibco.installer.wizard.action.TIBCOCheckForInstallLoc" sequence="post-install">
        <property productAcronym="Designer"/>
        <property minimumVersion="${minimum.designer.version}"/>
        <property vpdUID="Designer"/>
        <property productAssemblyUID="product_tibco_designer_common"/>
        <property productAssemblyMinVersion="${minimum.designer.version}"/>
        <property showProgress="true"/>
        <property description="Checking Designer install location"/>
    </wizardAction>
    <wizardAction class="com.tibco.installer.wizard.action.TIBCOCreateWindowsShortcutWizardAction" sequence="post-install">
        <property shortcutFolder="TIBCO/${tibco.environment.name}/TIBCO Runtime Agent ${tra.short.version}"/>
        <property shortcutName="Readme"/>
        <property shortcutTarget="${tibco.home}/release_notes/TIB_TRA_${tra.version}_readme.txt"/>
        <property shortcutArgs=""/>
        <property shortcutIcon=""/>
        <property shortcutWorkingDirectory="${tibco.home}/release_notes"/>
        <property showProgress="true"/>
        <property description="Creating TRA Readme Shortcut"/>
    </wizardAction>
    <wizardAction class="com.tibco.installer.wizard.action.TIBCOCreateWindowsShortcutWizardAction" sequence="post-install">
        <property shortcutFolder="TIBCO/${tibco.environment.name}/TIBCO Runtime Agent ${tra.short.version}"/>
        <property shortcutName="Domain Utility"/>
        <property shortcutTarget="${tra.home}/bin/domainutility.exe"/>
        <property shortcutArgs=""/>
        <property shortcutIcon=""/>
        <property shortcutWorkingDirectory="${tra.home}/bin"/>
        <property showProgress="true"/>
        <property description="Creating TRA DomainUtility Shortcut"/>
    </wizardAction>
    <wizardAction class="com.tibco.installer.wizard.action.TIBCOCreateWindowsShortcutWizardAction" sequence="post-install">
        <property shortcutFolder="TIBCO/${tibco.environment.name}/TIBCO Runtime Agent ${tra.short.version}"/>
        <property shortcutName="MUI Language Chooser"/>
        <property shortcutTarget="${tra.home}/bin/MUILangChooser.exe"/>
        <property shortcutArgs=""/>
        <property shortcutIcon=""/>
        <property shortcutWorkingDirectory="${tra.home}/bin"/>
        <property showProgress="true"/>
        <property description="Creating TRA MUILangChooser Shortcut"/>
    </wizardAction>
    <wizardAction class="com.tibco.installer.wizard.action.TIBCORemoveWindowsShortcutWizardAction" sequence="post-install">
        <property shortcutFolder="TIBCO/${tibco.environment.name}/TIBCO Runtime Agent ${tra.short.version}"/>
        <property shortcutName="Uninstall"/>
    </wizardAction>
    <wizardAction class="com.tibco.installer.wizard.action.TIBCORemoveWindowsShortcutWizardAction" sequence="post-uninstall">
        <property shortcutFolder="TIBCO/${tibco.environment.name}/TIBCO Runtime Agent ${tra.short.version}"/>
        <property shortcutName="Readme"/>
        <property showProgress="true"/>
        <property description="Removing TRA Readme Shortcut"/>
    </wizardAction>
    <wizardAction class="com.tibco.installer.wizard.action.TIBCORemoveWindowsShortcutWizardAction" sequence="post-uninstall">
        <property shortcutFolder="TIBCO/${tibco.environment.name}/TIBCO Runtime Agent ${tra.short.version}"/>
        <property shortcutName="Domain Utility"/>
        <property showProgress="true"/>
        <property description="Removing TRA DomainUtility Shortcut"/>
    </wizardAction>
    <wizardAction class="com.tibco.installer.wizard.action.TIBCORemoveWindowsShortcutWizardAction" sequence="post-uninstall">
        <property shortcutFolder="TIBCO/${tibco.environment.name}/TIBCO Runtime Agent ${tra.short.version}"/>
        <property shortcutName="MUI Language Chooser"/>
        <property showProgress="true"/>
        <property description="Removing TRA MUILangChooser Shortcut"/>
    </wizardAction>
    <installcomponent buildType="formal" currenttimestamp="11-12-2012-12-39-PM" prefix="product_tibco" sizeinbytes="31900866" uid="tra_platform" version="5.8.0.016">
        <file loc="include/wrapper/Logging.h" md5sum="e7277987f966a0b7c949fa2ba446cce9" perm="444" sizeinbytes="1020" timestamp="1352187813000"/>
        <file loc="include/wrapper/Types.h" md5sum="c4a2684eb7433e524d976e0692ccc19d" perm="444" sizeinbytes="1841" timestamp="1352187812000"/>
        <file loc="include/wrapper/WrapperMethods.h" md5sum="b08b8f6266e1c81da555540fd51a5f70" perm="444" sizeinbytes="290" timestamp="1352187812000"/>
        <file loc="include/wrapper/ExternalTypes.h" md5sum="ef47f4a7a8d9fe3b196b1e1143987dbb" perm="444" sizeinbytes="557" timestamp="1352187812000"/>
        <file loc="lib/xmlparsers.jar" md5sum="94f7f8ad1e4fc9424453ceb7493454bf" perm="755" sizeinbytes="24646" timestamp="1329143969000"/>
        <file loc="lib/libwrap.lib" md5sum="a06d7faa3dee456d717a51d3c2c18285" perm="555" sizeinbytes="862012" timestamp="1352187815000"/>
        <file loc="config/g11n/tibicudata.dat" md5sum="22dddf8aef1b19177cb075781d70b6f0" perm="644" sizeinbytes="4763596" timestamp="1192138819000"/>
        <file loc="config/g11n/tibicudata32.dat" md5sum="423ccf2dbfc96ba034a7d042c86b9729" perm="644" sizeinbytes="10427728" timestamp="1289979434000"/>
        <file loc="sample/auth/bin/CompileSample.bat_template" md5sum="9309cb88427bf5d848927e63b4a1b06e" perm="555" sizeinbytes="534" timestamp="1352260985000"/>
        <file loc="sample/auth/bin/RunSample.bat_template" md5sum="1dc0e7a39fbc1bee0ef09db22a50572a" perm="555" sizeinbytes="717" timestamp="1352260985000"/>
        <file loc="bin/MoveMachine.tra_template" md5sum="c10419a3ff53dc312470110f077db855" perm="644" sizeinbytes="2410" timestamp="1352260981000"/>
        <file loc="bin/RepoCreateInstance.bat_template" md5sum="21499885c70e7ef1a21a12fd3832164e" perm="555" sizeinbytes="509" timestamp="1352260980000"/>
        <file loc="bin/RepoPing.bat_template" md5sum="ea1f1c2c1a6da7fecacbf27dbe64b05a" perm="555" sizeinbytes="574" timestamp="1352260980000"/>
        <file loc="bin/aelisten.exe" md5sum="09a15c258f1c68b977543d77a28214ef" perm="555" sizeinbytes="40960" timestamp="1228850266000"/>
        <file loc="bin/librepowww532d.dll" md5sum="ad922a4fe79f0a29c1c61394c5859694" perm="555" sizeinbytes="598125" timestamp="1228850269000"/>
        <file loc="bin/maverick50d.dll" md5sum="649cd43c66a245f9cac6130d2b526362" perm="555" sizeinbytes="4268137" timestamp="1242323520000"/>
        <file loc="bin/RepoExport.bat_template" md5sum="730089e6a7c44c543102f8da55ac2fb9" perm="555" sizeinbytes="491" timestamp="1352260980000"/>
        <file loc="bin/maverick53.dll" md5sum="47af65871c470b6cdb58715425d32232" perm="555" sizeinbytes="3141632" timestamp="1242012010000"/>
        <file loc="bin/RepoDelete.bat_template" md5sum="fc37da4ca8e163b050583fb53d71ca27" perm="555" sizeinbytes="408" timestamp="1352260980000"/>
        <file loc="bin/RepoImport.bat_template" md5sum="e6f6adbfa0e9ccd33c62757fbe219b7d" perm="555" sizeinbytes="413" timestamp="1352260980000"/>
        <file loc="bin/ae2xsd.bat_template" md5sum="01e0725b144180e186ebf038e5ad2056" perm="555" sizeinbytes="417" timestamp="1352416460000"/>
        <file loc="bin/maverick53d.dll" md5sum="296b421994ffecf034effac6971e8e28" perm="555" sizeinbytes="3883117" timestamp="1242012010000"/>
        <file loc="bin/aesend.exe" md5sum="f5b3b15edfe76f1a56c10182bb6d2e8b" perm="555" sizeinbytes="32768" timestamp="1228850266000"/>
        <file loc="bin/RepoConvert.bat_template" md5sum="7d50d21a3e09987de05756e3a0eb22e0" perm="555" sizeinbytes="418" timestamp="1352260980000"/>
        <file loc="bin/librepowww532.dll" md5sum="28ea26ed3a4a6a4159f6e4df6c5c825f" perm="555" sizeinbytes="339968" timestamp="1228850269000"/>
        <file loc="bin/maverick50.dll" md5sum="ffc83374685f54e52b42d80269c8c360" perm="555" sizeinbytes="3465216" timestamp="1242326465000"/>
        <file loc="bin/RepoDiff.bat_template" md5sum="7f998f5f59a507eca399a5df049cb92a" perm="555" sizeinbytes="491" timestamp="1352260980000"/>
        <file loc="bin/RepoListInstances.bat_template" md5sum="860031f58e2f958e46dd6dfcbd428365" perm="555" sizeinbytes="425" timestamp="1352260980000"/>
        <file loc="bin/RepoRename.bat_template" md5sum="73e07a9d773393819209e4f86d8c84c3" perm="555" sizeinbytes="486" timestamp="1352260980000"/>
    </installcomponent>
    <directorylist>
        <dir loc="include" perm="664" sizeinbytes="11900"/>
        <dir loc="include/wrapper" perm="664" sizeinbytes="7804"/>
        <dir loc="lib" perm="664" sizeinbytes="890754"/>
        <dir loc="config" perm="664" sizeinbytes="15199516"/>
        <dir loc="config/g11n" perm="664" sizeinbytes="15195420"/>
        <dir loc="sample" perm="664" sizeinbytes="13539"/>
        <dir loc="sample/auth" perm="664" sizeinbytes="9443"/>
        <dir loc="sample/auth/bin" perm="664" sizeinbytes="5347"/>
        <dir loc="bin" perm="664" sizeinbytes="15781061"/>
    </directorylist>
</installcomponents>
