<?xml version="1.0" encoding="UTF-8"?>
<feature
      id="com.tibco.tpcl.org.springframework.orm.feature"
      label="%featureName"
      version="2.5.6.003"
      provider-name="%providerName">

   <description>
      %description
   </description>

   <copyright>
      %copyright
   </copyright>

   <license url="%licenseURL">
      %license
   </license>

   <requires>
      <import feature="com.tibco.tpcl.javax.servlet.feature" version="2.5.100" match="compatible"/>
      <import feature="com.tibco.tpcl.javax.resource.feature" version="1.5.100" match="compatible"/>
      <import feature="com.tibco.tpcl.javax.system.exports.feature" version="5.0.0" match="compatible"/>
      <import feature="com.tibco.tpcl.javax.transaction.feature" version="1.1.0" match="compatible"/>
      <import feature="com.tibco.tpcl.org.springframework.minimum.feature" version="2.5.6" match="compatible"/>
      <import feature="com.tibco.tpcl.org.springframework.context.feature" version="2.5.6" match="compatible"/>
      <import feature="com.tibco.tpcl.org.springframework.web.feature" version="2.5.6" match="compatible"/>
      <import feature="com.tibco.tpcl.org.apache.commons.logging.over.slf4j.feature" version="1.5.2" match="compatible"/>
   </requires>

   <plugin
         id="com.tibco.tpcl.org.springframework.orm"
         download-size="0"
         install-size="0"
         version="2.5.6.003"/>

   <plugin
         id="com.tibco.tpcl.org.springframework.jdbc"
         download-size="0"
         install-size="0"
         version="2.5.6.001"/>

   <plugin
         id="com.tibco.tpcl.org.springframework.tx"
         download-size="0"
         install-size="0"
         version="2.5.6.001"/>

</feature>
