<?xml version="1.0" encoding="UTF-8" standalone="no"?>
<installcomponents>
    <assemblyProperties displayName="TIBCO Runtime Agent TSM" installLocation="${tra.home}"/>
    <installcomponent buildType="formal" currenttimestamp="11-12-2012-01-00-PM" prefix="product_tibco" sizeinbytes="572996" uid="tra_tsm" version="5.8.0.016">
        <file loc="lib/TIBCOtsm.jar" md5sum="28848de85b566039c6a95e0c908ab34a" perm="555" sizeinbytes="466422" timestamp="1352416951000"/>
        <file loc="bin/killproc.exe" md5sum="eb13352d3cbaefa5639cf164605f95b5" perm="555" sizeinbytes="94286" timestamp="1005589686000"/>
    </installcomponent>
    <directorylist>
        <dir loc="lib" perm="664" sizeinbytes="470518"/>
        <dir loc="bin" perm="664" sizeinbytes="98382"/>
    </directorylist>
</installcomponents>
