<?xml version="1.0" encoding="UTF-8" standalone="no"?>
<installcomponents>
    <assemblyProperties description="TIBCO PWrapper Executable" installLocation="${tibco.home}/tools/wrapper"/>
    <installcomponent buildType="formal" currenttimestamp="11-06-2012-12-32-AM" prefix="product_tibco" sizeinbytes="770664" uid="pwrapper" version="2.3.0.007">
        <file loc="64/pwrap.exe" md5sum="82a7e6fc29032755d52f998d9d03709a" perm="775" sizeinbytes="277880" timestamp="1352188029000"/>
        <file loc="pwrap.exe" md5sum="82a7e6fc29032755d52f998d9d03709a" perm="775" sizeinbytes="277880" timestamp="1352188029000"/>
        <file loc="32/pwrap.exe" md5sum="ed1b18721c379664a6a3b5eb0af1b53d" perm="775" sizeinbytes="202616" timestamp="1352187153000"/>
    </installcomponent>
    <directorylist>
        <dir loc="64" perm="664" sizeinbytes="281976"/>
        <dir loc="32" perm="664" sizeinbytes="206712"/>
    </directorylist>
</installcomponents>
