<?xml version="1.0" encoding="UTF-8" standalone="no"?>
<installcomponents>
    <installcomponent buildType="formal" currenttimestamp="05-20-2010-09-54-AM" prefix="assembly_tibco" sizeinbytes="478576.0" uid="com_tibco_commonlogging_logclient_feature" version="2.1.0.026">
        <file loc="features/com.tibco.commonlogging.logclient.feature_2.1.0.026/license.txt" perm="664" timestamp="1274374397000"/>
        <file loc="features/com.tibco.commonlogging.logclient.feature_2.1.0.026/feature.properties" perm="664" timestamp="1274374397000"/>
        <file loc="features/com.tibco.commonlogging.logclient.feature_2.1.0.026/feature.xml" perm="664" timestamp="1274374397000"/>
        <file loc="plugins/com.tibco.commonlogging.cbe.model_1.0.0.005.jar" perm="664" timestamp="1274374415000"/>
        <file loc="plugins/com.tibco.commonlogging.logclient_2.1.0.026.jar" perm="664" timestamp="1274374400000"/>
        <file loc="plugins/com.tibco.commonlogging.messages_2.0.0.006.jar" perm="664" timestamp="1274374415000"/>
    </installcomponent>
    <directorylist>
        <dir loc="features" perm="664"/>
        <dir loc="features/com.tibco.commonlogging.logclient.feature_2.1.0.026" perm="664"/>
        <dir loc="plugins" perm="664"/>
    </directorylist>
</installcomponents>
