<?xml version="1.0" encoding="UTF-8"?>
<feature
      id="com.tibco.tpcl.org.apache.xmlbeans.feature"
      label="%featureName"
      version="2.4.100.007"
      provider-name="%providerName">

   <description>
      %description
   </description>

   <copyright>
      %copyright
   </copyright>

   <license url="%licenseURL">
      %license
   </license>

   <requires>
      <import feature="com.tibco.tpcl.javax.system.exports.feature" version="5.0.100"/>
      <import feature="com.tibco.tpcl.com.ctc.wstx.feature" version="3.2.200"/>
      <import feature="com.tibco.tpcl.org.apache.tools.ant.feature" version="1.7.100"/>
      <import feature="com.tibco.tpcl.org.apache.xml.resolver.feature" version="1.2.100"/>
   </requires>

   <plugin
         id="com.tibco.tpcl.org.apache.xmlbeans"
         download-size="0"
         install-size="0"
         version="2.4.100.005"/>

</feature>
