<?xml version="1.0" encoding="UTF-8" standalone="no"?>
<installcomponents>
    <assemblyProperties displayName="TIBCO Hawk Shared Native" installLocation="${hawk.home}"/>
    <wizardAction class="com.tibco.installer.wizard.action.TIBCOCreateWindowsShortcutWizardAction" sequence="post-install">
        <property shortcutFolder="TIBCO\${tibco.environment.name}\TIBCO Hawk ${hawk.short.version}"/>
        <property shortcutName="Hawk Configuration"/>
        <property shortcutTarget="${TIBCO_HOME_CONFIG_DIR}\cfgmgmt\hawk\bin\tibhawkconfig.exe"/>
        <property shortcutArgs=""/>
        <property shortcutIcon=""/>
        <property shortcutWorkingDirectory="${TIBCO_HOME_CONFIG_DIR}\cfgmgmt\hawk\bin"/>
    </wizardAction>
    <wizardAction class="com.tibco.installer.wizard.action.TIBCORemoveWindowsShortcutWizardAction" sequence="post-uninstall">
        <property shortcutFolder="TIBCO\${tibco.environment.name}\TIBCO Hawk ${hawk.short.version}"/>
        <property shortcutName="Hawk Configuration"/>
    </wizardAction>
    <installcomponent buildType="formal" currenttimestamp="11-19-2010-02-46-PM" prefix="product_tibco" sizeinbytes="1222144" uid="hawk_shared_native" version="4.9.0.028">
        <file loc="bin/msvcr80.dll" perm="644" sizeinbytes="796672" timestamp="1289872250000"/>
        <file loc="bin/tibhawkconfig.exe" perm="644" sizeinbytes="254976" timestamp="1289872250000"/>
        <file loc="bin/EventLogClass.dll" perm="644" sizeinbytes="8704" timestamp="1289872249000"/>
        <file loc="bin/tibhawkregistry.dll" perm="644" sizeinbytes="109568" timestamp="1289872249000"/>
        <file loc="bin/tibhawkmsg.dll" perm="644" sizeinbytes="22016" timestamp="1289872249000"/>
        <file loc="bin/tibhawkservice.dll" perm="644" sizeinbytes="22016" timestamp="1289872249000"/>
    </installcomponent>
    <directorylist>
        <dir loc="bin" perm="664" sizeinbytes="1218048"/>
    </directorylist>
</installcomponents>
