<?xml version="1.0" encoding="UTF-8" standalone="no"?>
<installcomponents>
    <assemblyProperties displayName="TIBCO Runtime Agent JMS" installLocation="${tra.home}"/>
    <installcomponent buildType="formal" currenttimestamp="11-12-2012-02-18-PM" prefix="product_tibco" sizeinbytes="7227188" uid="tra_jms" version="6.3.0.009">
        <file loc="lib/libtibjms.lib" md5sum="cad435ba7b099c387d811567aaa53878" perm="555" sizeinbytes="108880" timestamp="1206695543000"/>
        <file loc="lib/TIBCOjms.jar" md5sum="de1f13a9fd6f39498e3d79d52c10a1f0" perm="555" sizeinbytes="625570" timestamp="1352416951000"/>
        <file loc="lib/32/libtibjms.lib" md5sum="265c9431fe9975c9113ea5e52e87198d" perm="555" sizeinbytes="144660" timestamp="1206694232000"/>
        <file loc="lib/32/libtibems.lib" md5sum="2a72b8bc510a4b4346d33b9d19046e32" perm="555" sizeinbytes="1838114" timestamp="1327715984000"/>
        <file loc="lib/libtibems.lib" md5sum="4908040c0578cad7e5e0c26d55a441d9" perm="555" sizeinbytes="2899564" timestamp="1327715990000"/>
        <file loc="bin/tibjms.dll" md5sum="8b6c620c8faae1fc31006bd5402d10b5" perm="555" sizeinbytes="68608" timestamp="1206695565000"/>
        <file loc="bin/tibems.dll" md5sum="eb9f7b46721a10aaba3d4c7e7503dc77" perm="555" sizeinbytes="742224" timestamp="1327715978000"/>
        <file loc="bin/zlib1.dll" md5sum="f845b7bfed784f7ee80e57c55856f4c7" perm="555" sizeinbytes="75776" timestamp="1327715978000"/>
        <file loc="bin/32/tibjms.dll" md5sum="c5fa461f823df5500c6d9cd02fbe99b7" perm="555" sizeinbytes="51200" timestamp="1206694252000"/>
        <file loc="bin/32/tibems.dll" md5sum="c46bc804b30f4a7f94ddc4c33afffa60" perm="555" sizeinbytes="591696" timestamp="1327715972000"/>
        <file loc="bin/32/zlib1.dll" md5sum="bb1e7cced132c2744fdd881e9f19c04f" perm="555" sizeinbytes="60416" timestamp="1327715972000"/>
    </installcomponent>
    <directorylist>
        <dir loc="lib" perm="664" sizeinbytes="5624980"/>
        <dir loc="lib/32" perm="664" sizeinbytes="1986870"/>
        <dir loc="bin" perm="664" sizeinbytes="1598112"/>
        <dir loc="bin/32" perm="664" sizeinbytes="707408"/>
    </directorylist>
</installcomponents>
