<?xml version="1.0" encoding="UTF-8"?>
<project name="tra-post-install" default="post-install">

	<fail unless="tibco.home" message="tibco.home property not set."/>
	<fail unless="tibco.home.esc" message="tibco.home.esc property not set."/>
	<fail unless="tibco.tra.home.esc" message="tibco.tra.home.esc property not set."/>

	<target name="init">
		<echo message="Post Installation of TIBCO Runtime Agent" />
		<echo message="tibco.home=${tibco.home}"/>
		<echo message="tibco.home.esc=${tibco.home.esc}"/>
		<echo message="tibco.tra.home.esc=${tibco.tra.home.esc}"/>

		<condition property="use.vendor.driver">
			<equals arg1="${tibco.use.vendor.native.driver}" arg2="true"/>
		</condition> 

		<mkdir dir="${tibco.tra.home.esc}/icjava/6.2/lib"/>

		<available file="${tibco.tra.home.esc}/bin/domainutility.tra_prev" property="du.tra.prev"/>
		<available file="${tibco.tra.home.esc}/bin/domainutilitycmd.tra_prev" property="ducmd.tra.prev"/>

		<condition property="domainutility.tra.prev.present">
			<equals arg1="${du.tra.prev}" arg2="true"/>
		</condition> 

		<condition property="domainutilitycmd.tra.prev.present">
			<equals arg1="${ducmd.tra.prev}" arg2="true"/>
		</condition> 
	</target>

	<target name="post-install" depends="init,checkOS,substituteVariablesDomainUtilityTra,substituteVariablesTRA,substituteVariablesOtherFilesWindows,substituteVariablesOtherFilesUnix,copyWrappersWindows,copyWrappersUnix,invokeTraUpgradeManagerWindows,invokeTraDBConfig,invokeTraSeed,migrateDomainUtilityTra,migrateDomainUtilityCmdTra,restorePreviousDomainUtilityTra,restorePreviousDomainUtilityCmdTra,getSELinuxStatus,changeContextSELinux">
		<delete file="${tibco.tra.home.esc}/lib/TIBCOAdapter_RT_5.4.0.jar" quiet="true"/>
		<echo message="End of Post installation of TIBCO Runtime Agent" />
	</target>

	<target name="substituteVariablesDomainUtilityTra">
		<macrodef name="tra.tasks">
			<attribute name="file" />
			<attribute name="dest" />
			<attribute name="wrap" />
			<sequential>
			<copy file="${tibco.home.esc}/tools/wrapper/@{wrap}${tibco.wrapper.extension}" tofile="@{dest}/@{file}${tibco.wrapper.extension}" preservelastmodified="true" verbose="true" failonerror="true"/>
			<echo message="Changing permissions for @{dest}/@{file}${tibco.wrapper.extension}"/> 
			<chmod file="@{dest}/@{file}${tibco.wrapper.extension}" perm="u+x" verbose="true" failonerror="true" />
			<echo message="Substituting variables for @{dest}/@{file}.tra"/> 
			<replace file="@{dest}/@{file}.tra">
			<replacefilter token="%TIBCO_HOME%" value="${tibco.home}"/>
			<replacefilter token="%TIBCO_HOME_ESC%" value="${tibco.home.esc}"/>
			<replacefilter token="%TIBCO_JAVA_VERSION%" value="${tibco.java.version}"/>
			<replacefilter token="%TIBCO_JAVA_HOME_ESC%" value="${tibco.java.home.esc}"/>
			<replacefilter token="%TIBCO_JVM_LIB_ESC%" value="${tibco.jvm.lib.esc}"/>
			<replacefilter token="%TIBCO_JVM_LIB_DIR_ESC%" value="${tibco.jvm.lib.dir.esc}"/>
			<replacefilter token="%TIBCO_JVM_LIB_SERVER_ESC%" value="${tibco.jvm.lib.server.esc}"/>
			<replacefilter token="%TIBCO_JVM_LIB_SERVER_DIR_ESC%" value="${tibco.jvm.lib.server.dir.esc}"/>
			<replacefilter token="%TIBCO_JVM_LIB_CLIENT_ESC%" value="${tibco.jvm.lib.client.esc}"/>
			<replacefilter token="%TIBCO_JVM_LIB_CLIENT_DIR_ESC%" value="${tibco.jvm.lib.client.dir.esc}"/>
			<replacefilter token="%PSP%" value="${psp}"/>
			<replacefilter token="%FSP%" value="${fsp}"/>

			<!-- custom Variables -->

			<replacefilter token="%PS%" value="${psp}"/>

			<!-- TIBCO_JVM_FLAVOR is not needed as JVM_LIB_DIR_ESC includes it -->
			<replacefilter token="%TIBCO_JVM_FLAVOR%" value=""/>

			<replacefilter token="%TIBCO_TRA_APPEND_VERSION%" value="${tibco.tra.short.version}"/>

			<replacefilter token="%TIBCO_RV_HOME%" value="${tibco.rv.home}"/>
			<replacefilter token="%TIBCO_RV_HOME_ESC%" value="${tibco.rv.home.esc}"/>
			<replacefilter token="%TIBCO_HAWK_HOME%" value="${tibco.hawk.home}"/>
			<replacefilter token="%TIBCO_HAWK_HOME_ESC%" value="${tibco.hawk.home.esc}"/>
			<replacefilter token="%TIBCO_TPCL_HOME%" value="${tibco.tpcl.home}"/>
			<replacefilter token="%TIBCO_TPCL_HOME_ESC%" value="${tibco.tpcl.home.esc}"/>
			<replacefilter token="%TIBCO_TRA_HOME%" value="${tibco.tra.home}"/>
			<replacefilter token="%TIBCO_TRA_HOME_ESC%" value="${tibco.tra.home.esc}"/>
			<replacefilter token="%TIBCO_DESIGNER_HOME%" value="${tibco.designer.home}"/>
			<replacefilter token="%TIBCO_DESIGNER_HOME_ESC%" value="${tibco.designer.home.esc}"/>

			</replace>
			</sequential>
		</macrodef>

		<tra.tasks file="domainutility" dest="${tibco.tra.home.esc}/bin" wrap="${guiwrap}"/>
	</target>

	<target name="substituteVariablesTRA">
		<macrodef name="tra.tasks">
			<attribute name="file" />
			<attribute name="dest" />
			<attribute name="wrap" />
			<sequential>
			<copy file="@{dest}/@{file}.tra_template" tofile="@{dest}/@{file}.tra" overwrite="true" verbose="true" />
			<copy file="${tibco.home.esc}/tools/wrapper/@{wrap}${tibco.wrapper.extension}" tofile="@{dest}/@{file}${tibco.wrapper.extension}" preservelastmodified="true" verbose="true" failonerror="true"/>
			<echo message="Changing permissions for @{dest}/@{file}${tibco.wrapper.extension}"/> 
			<chmod file="@{dest}/@{file}${tibco.wrapper.extension}" perm="u+x" verbose="true" failonerror="true" />
			<echo message="Substituting variables for @{dest}/@{file}.tra"/> 
			<replace file="@{dest}/@{file}.tra">
			<replacefilter token="%TIBCO_HOME%" value="${tibco.home}"/>
			<replacefilter token="%TIBCO_HOME_ESC%" value="${tibco.home.esc}"/>
			<replacefilter token="%TIBCO_JAVA_VERSION%" value="${tibco.java.version}"/>
			<replacefilter token="%TIBCO_JAVA_HOME_ESC%" value="${tibco.java.home.esc}"/>
			<replacefilter token="%TIBCO_JVM_LIB_ESC%" value="${tibco.jvm.lib.esc}"/>
			<replacefilter token="%TIBCO_JVM_LIB_DIR_ESC%" value="${tibco.jvm.lib.dir.esc}"/>
			<replacefilter token="%TIBCO_JVM_LIB_SERVER_ESC%" value="${tibco.jvm.lib.server.esc}"/>
			<replacefilter token="%TIBCO_JVM_LIB_SERVER_DIR_ESC%" value="${tibco.jvm.lib.server.dir.esc}"/>
			<replacefilter token="%TIBCO_JVM_LIB_CLIENT_ESC%" value="${tibco.jvm.lib.client.esc}"/>
			<replacefilter token="%TIBCO_JVM_LIB_CLIENT_DIR_ESC%" value="${tibco.jvm.lib.client.dir.esc}"/>
			<replacefilter token="%PSP%" value="${psp}"/>
			<replacefilter token="%FSP%" value="${fsp}"/>

			<!-- custom Variables -->

			<replacefilter token="%PS%" value="${psp}"/>

			<!-- TIBCO_JVM_FLAVOR is not needed as JVM_LIB_DIR_ESC includes it -->
			<replacefilter token="%TIBCO_JVM_FLAVOR%" value=""/>

			<replacefilter token="%TIBCO_TRA_APPEND_VERSION%" value="${tibco.tra.short.version}"/>

			<replacefilter token="%TIBCO_RV_HOME%" value="${tibco.rv.home}"/>
			<replacefilter token="%TIBCO_RV_HOME_ESC%" value="${tibco.rv.home.esc}"/>
			<replacefilter token="%TIBCO_HAWK_HOME%" value="${tibco.hawk.home}"/>
			<replacefilter token="%TIBCO_HAWK_HOME_ESC%" value="${tibco.hawk.home.esc}"/>
			<replacefilter token="%TIBCO_TPCL_HOME%" value="${tibco.tpcl.home}"/>
			<replacefilter token="%TIBCO_TPCL_HOME_ESC%" value="${tibco.tpcl.home.esc}"/>
			<replacefilter token="%TIBCO_TRA_HOME%" value="${tibco.tra.home}"/>
			<replacefilter token="%TIBCO_TRA_HOME_ESC%" value="${tibco.tra.home.esc}"/>
			<replacefilter token="%TIBCO_DESIGNER_HOME%" value="${tibco.designer.home}"/>
			<replacefilter token="%TIBCO_DESIGNER_HOME_ESC%" value="${tibco.designer.home.esc}"/>

			</replace>
			</sequential>
		</macrodef>

		<tra.tasks file="AppManage" dest="${tibco.tra.home.esc}/bin" wrap="${wrapper}"/>
		<tra.tasks file="AppStatusCheck" dest="${tibco.tra.home.esc}/bin" wrap="${wrapper}"/>
		<tra.tasks file="CorpRoleSynchronizer" dest="${tibco.tra.home.esc}/bin" wrap="${wrapper}"/>
		<tra.tasks file="CorpUserSynchronizer" dest="${tibco.tra.home.esc}/bin" wrap="${wrapper}"/>
		<tra.tasks file="DeleteInvalidUsers" dest="${tibco.tra.home.esc}/bin" wrap="${wrapper}"/>
		<tra.tasks file="ExportDomainSecurity" dest="${tibco.tra.home.esc}/bin" wrap="${wrapper}"/>
		<tra.tasks file="ImportDomainSecurity" dest="${tibco.tra.home.esc}/bin" wrap="${wrapper}"/>
		<tra.tasks file="MUILangChooser" dest="${tibco.tra.home.esc}/bin" wrap="${guiwrap}"/>
		<tra.tasks file="MoveMachine" dest="${tibco.tra.home.esc}/bin" wrap="${wrapper}"/>
		<tra.tasks file="RedeployAllAppsForUser" dest="${tibco.tra.home.esc}/bin" wrap="${wrapper}"/>
		<tra.tasks file="RepoConvert" dest="${tibco.tra.home.esc}/bin" wrap="${wrapper}"/>
		<tra.tasks file="RepoCreateInstance" dest="${tibco.tra.home.esc}/bin" wrap="${wrapper}"/>
		<tra.tasks file="RepoDelete" dest="${tibco.tra.home.esc}/bin" wrap="${wrapper}"/>
		<tra.tasks file="RepoDeleteInstance" dest="${tibco.tra.home.esc}/bin" wrap="${wrapper}"/>
		<tra.tasks file="RepoDiff" dest="${tibco.tra.home.esc}/bin" wrap="${wrapper}"/>
		<tra.tasks file="RepoExport" dest="${tibco.tra.home.esc}/bin" wrap="${wrapper}"/>
		<tra.tasks file="RepoImport" dest="${tibco.tra.home.esc}/bin" wrap="${wrapper}"/>
		<tra.tasks file="RepoListInstances" dest="${tibco.tra.home.esc}/bin" wrap="${wrapper}"/>
		<tra.tasks file="RepoPing" dest="${tibco.tra.home.esc}/bin" wrap="${wrapper}"/>
		<tra.tasks file="RepoRename" dest="${tibco.tra.home.esc}/bin" wrap="${wrapper}"/>
		<tra.tasks file="ae2xsd" dest="${tibco.tra.home.esc}/bin" wrap="${wrapper}"/>
		<tra.tasks file="buildear" dest="${tibco.tra.home.esc}/bin" wrap="${wrapper}"/>
		<tra.tasks file="domainutilitycmd" dest="${tibco.tra.home.esc}/bin" wrap="${wrapper}"/>
		<tra.tasks file="obfuscate" dest="${tibco.tra.home.esc}/bin" wrap="${wrapper}"/>
		<tra.tasks file="seed" dest="${tibco.tra.home.esc}/bin" wrap="${wrapper}"/>
		<tra.tasks file="tra" dest="${tibco.tra.home.esc}/bin" wrap="${wrapper}"/>
		<tra.tasks file="traDBConfig" dest="${tibco.tra.home.esc}/bin" wrap="${wrapper}"/>
		<tra.tasks file="traUpgradeManager" dest="${tibco.tra.home.esc}/bin" wrap="${wrapper}"/>
		<tra.tasks file="tramodify" dest="${tibco.tra.home.esc}/bin" wrap="${wrapper}"/>
	</target>

	<target name="substituteVariablesOtherFilesWindows" if="tibco.os.windows">
		<macrodef name="otherFilesWindows.tasks">
			<attribute name="file" />
			<attribute name="dest" />
			<attribute name="ext" />
			<sequential>
			<copy file="@{dest}/@{file}.@{ext}_template" tofile="@{dest}/@{file}.@{ext}" overwrite="true" verbose="true" />
			<echo message="Substituting variables for @{dest}/@{file}.@{ext}"/> 
			<replace file="@{dest}/@{file}.@{ext}">
			<replacefilter token="%TIBCO_HOME%" value="${tibco.home}"/>
			<replacefilter token="%TIBCO_HOME_ESC%" value="${tibco.home.esc}"/>
			<replacefilter token="%TIBCO_JAVA_VERSION%" value="${tibco.java.version}"/>
			<replacefilter token="%TIBCO_JAVA_HOME_ESC%" value="${tibco.java.home.esc}"/>
			<replacefilter token="%TIBCO_JVM_LIB_ESC%" value="${tibco.jvm.lib.esc}"/>
			<replacefilter token="%TIBCO_JVM_LIB_DIR_ESC%" value="${tibco.jvm.lib.dir.esc}"/>
			<replacefilter token="%TIBCO_JVM_LIB_SERVER_ESC%" value="${tibco.jvm.lib.server.esc}"/>
			<replacefilter token="%TIBCO_JVM_LIB_SERVER_DIR_ESC%" value="${tibco.jvm.lib.server.dir.esc}"/>
			<replacefilter token="%TIBCO_JVM_LIB_CLIENT_ESC%" value="${tibco.jvm.lib.client.esc}"/>
			<replacefilter token="%TIBCO_JVM_LIB_CLIENT_DIR_ESC%" value="${tibco.jvm.lib.client.dir.esc}"/>
			<replacefilter token="%PSP%" value="${psp}"/>
			<replacefilter token="%FSP%" value="${fsp}"/>

			<!-- custom Variables -->

			<replacefilter token="%PS%" value="${psp}"/>

			<!-- TIBCO_JVM_FLAVOR is not needed as JVM_LIB_DIR_ESC includes it -->
			<replacefilter token="%TIBCO_JVM_FLAVOR%" value=""/>

			<replacefilter token="%TIBCO_TRA_APPEND_VERSION%" value="${tibco.tra.short.version}"/>

			<replacefilter token="%TIBCO_RV_HOME%" value="${tibco.rv.home}"/>
			<replacefilter token="%TIBCO_RV_HOME_ESC%" value="${tibco.rv.home.esc}"/>
			<replacefilter token="%TIBCO_HAWK_HOME%" value="${tibco.hawk.home}"/>
			<replacefilter token="%TIBCO_HAWK_HOME_ESC%" value="${tibco.hawk.home.esc}"/>
			<replacefilter token="%TIBCO_TPCL_HOME%" value="${tibco.tpcl.home}"/>
			<replacefilter token="%TIBCO_TPCL_HOME_ESC%" value="${tibco.tpcl.home.esc}"/>
			<replacefilter token="%TIBCO_TRA_HOME%" value="${tibco.tra.home}"/>
			<replacefilter token="%TIBCO_TRA_HOME_ESC%" value="${tibco.tra.home.esc}"/>
			<replacefilter token="%TIBCO_DESIGNER_HOME%" value="${tibco.designer.home}"/>
			<replacefilter token="%TIBCO_DESIGNER_HOME_ESC%" value="${tibco.designer.home.esc}"/>
			</replace>
			</sequential>
		</macrodef>

		<otherFilesWindows.tasks file="ae2xsd" dest="${tibco.tra.home.esc}/bin" ext="bat"/>
		<otherFilesWindows.tasks file="RepoConvert" dest="${tibco.tra.home.esc}/bin" ext="bat"/>
		<otherFilesWindows.tasks file="RepoCreateInstance" dest="${tibco.tra.home.esc}/bin" ext="bat"/>
		<otherFilesWindows.tasks file="RepoRename" dest="${tibco.tra.home.esc}/bin" ext="bat"/>
		<otherFilesWindows.tasks file="RepoPing" dest="${tibco.tra.home.esc}/bin" ext="bat"/>
		<otherFilesWindows.tasks file="RepoListInstances" dest="${tibco.tra.home.esc}/bin" ext="bat"/>
		<otherFilesWindows.tasks file="RepoImport" dest="${tibco.tra.home.esc}/bin" ext="bat"/>
		<otherFilesWindows.tasks file="RepoExport" dest="${tibco.tra.home.esc}/bin" ext="bat"/>
		<otherFilesWindows.tasks file="RepoDiff" dest="${tibco.tra.home.esc}/bin" ext="bat"/>
		<otherFilesWindows.tasks file="RepoDeleteInstance" dest="${tibco.tra.home.esc}/bin" ext="bat"/>
		<otherFilesWindows.tasks file="RepoDelete" dest="${tibco.tra.home.esc}/bin" ext="bat"/>

		<otherFilesWindows.tasks file="schemas" dest="${tibco.tra.home.esc}/bin" ext="xml"/>

		<otherFilesWindows.tasks file="adaptercplustra" dest="${tibco.tra.home.esc}/template/domainutility" ext="template"/>
		<otherFilesWindows.tasks file="adaptertra" dest="${tibco.tra.home.esc}/template/domainutility" ext="template"/>
		<otherFilesWindows.tasks file="hawkagentcfg" dest="${tibco.tra.home.esc}/template/domainutility" ext="template"/>
		<otherFilesWindows.tasks file="hawkagenttra" dest="${tibco.tra.home.esc}/template/domainutility" ext="template"/>
		<otherFilesWindows.tasks file="jruntra" dest="${tibco.tra.home.esc}/template/domainutility" ext="template"/>
		<otherFilesWindows.tasks file="tomcattra" dest="${tibco.tra.home.esc}/template/domainutility" ext="template"/>

	</target>

	<target name="substituteVariablesOtherFilesUnix" if="tibco.os.unix">
		<macrodef name="otherFilesUnix.tasks">
			<attribute name="file" />
			<attribute name="dest" />
			<attribute name="ext" />
			<sequential>
			<copy file="@{dest}/@{file}.@{ext}_template" tofile="@{dest}/@{file}.@{ext}" overwrite="true" verbose="true" />
			<echo message="Substituting variables for @{dest}/@{file}.@{ext}"/> 
			<replace file="@{dest}/@{file}.@{ext}">
			<replacefilter token="%TIBCO_HOME%" value="${tibco.home}"/>
			<replacefilter token="%TIBCO_HOME_ESC%" value="${tibco.home.esc}"/>
			<replacefilter token="%TIBCO_JAVA_VERSION%" value="${tibco.java.version}"/>
			<replacefilter token="%TIBCO_JAVA_HOME_ESC%" value="${tibco.java.home.esc}"/>
			<replacefilter token="%TIBCO_JVM_LIB_ESC%" value="${tibco.jvm.lib.esc}"/>
			<replacefilter token="%TIBCO_JVM_LIB_DIR_ESC%" value="${tibco.jvm.lib.dir.esc}"/>
			<replacefilter token="%TIBCO_JVM_LIB_SERVER_ESC%" value="${tibco.jvm.lib.server.esc}"/>
			<replacefilter token="%TIBCO_JVM_LIB_SERVER_DIR_ESC%" value="${tibco.jvm.lib.server.dir.esc}"/>
			<replacefilter token="%TIBCO_JVM_LIB_CLIENT_ESC%" value="${tibco.jvm.lib.client.esc}"/>
			<replacefilter token="%TIBCO_JVM_LIB_CLIENT_DIR_ESC%" value="${tibco.jvm.lib.client.dir.esc}"/>
			<replacefilter token="%PSP%" value="${psp}"/>
			<replacefilter token="%FSP%" value="${fsp}"/>

			<!-- custom Variables -->

			<replacefilter token="%PS%" value="${psp}"/>

			<!-- TIBCO_JVM_FLAVOR is not needed as JVM_LIB_DIR_ESC includes it -->
			<replacefilter token="%TIBCO_JVM_FLAVOR%" value=""/>

			<replacefilter token="%TIBCO_TRA_APPEND_VERSION%" value="${tibco.tra.short.version}"/>

			<replacefilter token="%TIBCO_RV_HOME%" value="${tibco.rv.home}"/>
			<replacefilter token="%TIBCO_RV_HOME_ESC%" value="${tibco.rv.home.esc}"/>
			<replacefilter token="%TIBCO_HAWK_HOME%" value="${tibco.hawk.home}"/>
			<replacefilter token="%TIBCO_HAWK_HOME_ESC%" value="${tibco.hawk.home.esc}"/>
			<replacefilter token="%TIBCO_TPCL_HOME%" value="${tibco.tpcl.home}"/>
			<replacefilter token="%TIBCO_TPCL_HOME_ESC%" value="${tibco.tpcl.home.esc}"/>
			<replacefilter token="%TIBCO_TRA_HOME%" value="${tibco.tra.home}"/>
			<replacefilter token="%TIBCO_TRA_HOME_ESC%" value="${tibco.tra.home.esc}"/>
			<replacefilter token="%TIBCO_DESIGNER_HOME%" value="${tibco.designer.home}"/>
			<replacefilter token="%TIBCO_DESIGNER_HOME_ESC%" value="${tibco.designer.home.esc}"/>

			</replace>
			</sequential>
		</macrodef>

		<otherFilesUnix.tasks file="ae2xsd" dest="${tibco.tra.home.esc}/bin" ext="sh"/>

		<otherFilesUnix.tasks file="schemas" dest="${tibco.tra.home.esc}/bin" ext="xml"/>

		<otherFilesUnix.tasks file="adaptercplustra" dest="${tibco.tra.home.esc}/template/domainutility" ext="template"/>
		<otherFilesUnix.tasks file="adaptertra" dest="${tibco.tra.home.esc}/template/domainutility" ext="template"/>
		<otherFilesUnix.tasks file="hawkagentcfg" dest="${tibco.tra.home.esc}/template/domainutility" ext="template"/>
		<otherFilesUnix.tasks file="hawkagenttra" dest="${tibco.tra.home.esc}/template/domainutility" ext="template"/>
		<otherFilesUnix.tasks file="jruntra" dest="${tibco.tra.home.esc}/template/domainutility" ext="template"/>
		<otherFilesUnix.tasks file="tomcattra" dest="${tibco.tra.home.esc}/template/domainutility" ext="template"/>

	</target>

	<target name="copyWrappersWindows" if="tibco.os.windows">
		<copy file="${tibco.home.esc}/tools/wrapper/pwrap${tibco.wrapper.extension}" tofile="${tibco.tra.home.esc}/bin/repository${tibco.wrapper.extension}" preservelastmodified="true" verbose="true" failonerror="true"/>
		<copy file="${tibco.home.esc}/tools/wrapper/gwrap${tibco.wrapper.extension}" tofile="${tibco.tra.home.esc}/bin/gwrap${tibco.wrapper.extension}" preservelastmodified="true" verbose="true" failonerror="true"/>
		<copy file="${tibco.home.esc}/tools/wrapper/pwrap${tibco.wrapper.extension}" tofile="${tibco.tra.home.esc}/bin/pwrap${tibco.wrapper.extension}" preservelastmodified="true" verbose="true" failonerror="true"/>
		<copy file="${tibco.home.esc}/tools/wrapper/wrap${tibco.wrapper.extension}" tofile="${tibco.tra.home.esc}/bin/wrap${tibco.wrapper.extension}" preservelastmodified="true" verbose="true" failonerror="true"/>
		<chmod file="${tibco.tra.home.esc}/bin/gwrap${tibco.wrapper.extension}" perm="u+x" verbose="true" failonerror="true" />
		<chmod file="${tibco.tra.home.esc}/bin/pwrap${tibco.wrapper.extension}" perm="u+x" verbose="true" failonerror="true" />
		<chmod file="${tibco.tra.home.esc}/bin/wrap${tibco.wrapper.extension}" perm="u+x" verbose="true" failonerror="true" />
	</target>

	<target name="copyWrappersUnix" if="tibco.os.unix">
		<copy file="${tibco.home.esc}/tools/wrapper/wrap${tibco.wrapper.extension}" tofile="${tibco.tra.home.esc}/bin/wrap${tibco.wrapper.extension}" preservelastmodified="true" verbose="true" failonerror="true"/>
		<copy file="${tibco.home.esc}/tools/wrapper/wrap${tibco.wrapper.extension}" tofile="${tibco.tra.home.esc}/bin/repository${tibco.wrapper.extension}" preservelastmodified="true" verbose="true" failonerror="true"/>
		<chmod file="${tibco.tra.home.esc}/bin/wrap${tibco.wrapper.extension}" perm="u+x" verbose="true" failonerror="true" />
	</target>

	<target name="invokeTraDBConfig" if="use.vendor.driver">
		<echo message="Invoking ${tibco.tra.home.esc}/bin/traDBConfig${tibco.wrapper.extension}" />

		<condition property="oci.path.opt" value="${tibco.oci.path.option}">
			<equals arg1="${tibco.driver.type}" arg2="OracleThick" />
		</condition>

		<condition property="oci.path.opt" value="">
			<not>
				<equals arg1="${tibco.driver.type}" arg2="OracleThick" />
			</not>
		</condition>

		<condition property="oci.path.arg" value="${tibco.oci.path.arg}">
			<equals arg1="${tibco.driver.type}" arg2="OracleThick" />
		</condition>

		<condition property="oci.path.arg" value="">
			<not>
				<equals arg1="${tibco.driver.type}" arg2="OracleThick" />
			</not>
		</condition>

		<exec dir="${tibco.tra.home.esc}/bin" executable="${tibco.tra.home.esc}/bin/traDBConfig${tibco.wrapper.extension}">
			<arg value="--propFile"/>
			<arg value="${tibco.tra.home.esc}/bin/traDBConfig.tra"/>
			<arg value="-product"/>
			<arg value="tra"/>
			<arg value="-type"/>
			<arg value="${tibco.driver.type}"/>
			<arg value="-dbPath"/>
			<arg value="${tibco.driver.path}"/>
			<arg value="${oci.path.opt}"/>
			<arg value="${oci.path.arg}"/>
		</exec>    
	</target>

	<target name="invokeTraSeed">
		<echo message="Invoking ${tibco.tra.home.esc}/bin/seed${tibco.wrapper.extension}" /> 
		<exec executable="${tibco.tra.home.esc}/bin/seed${tibco.wrapper.extension}">
			<arg value="--propFile"/>
			<arg value="${tibco.tra.home.esc}/bin/seed.tra"/>
		</exec>    

		<echo message="Setting Read only permission for ${tibco.home.esc}/.seed.bin" /> 
		<chmod file="${tibco.home.esc}/.seed.bin" perm="444" verbose="true"/>
	</target>

	<target name="invokeTraUpgradeManagerWindows" if="tibco.os.windows">
		<echo message="Invoking ${tibco.tra.home.esc}/bin/traUpgradeManager${tibco.wrapper.extension}" /> 
		<exec executable="${tibco.tra.home.esc}/bin/traUpgradeManager${tibco.wrapper.extension}">
			<arg value="--propFile"/>
			<arg value="${tibco.tra.home.esc}/bin/traUpgradeManager.tra"/>
			<arg value="-path"/>
			<arg value="${tibco.home.esc}"/>
			<arg value="-rv"/>
			<arg value="${tibco.rv.home.esc}"/>
			<arg value="-nohawk"/>
			<arg value="-updatepath"/>
		</exec>    
	</target>

	<target name="migrateDomainUtilityTra">
		<java classname="com.tibco.postinstall.util.TIBCOMigrateProductTra" jvm="${tibco.java.home.esc}/bin/java">
			<arg value="${tibco.home}"/>
			<arg value="TRA"/>
			<arg value="java.property.plugin"/>
			<arg value="append"/>
			<arg value="bin/domainutility.tra"/>
			<arg value="${psp}"/>

			<classpath>
				<pathelement path="${tibco.tra.home.esc}/lib/install/TIBCOInstallerUtility.jar${psp}${tibco.home.esc}/tools/postinstall/lib/TIBCOpostinstallutility.jar"/>
			</classpath>
		</java>		
		<java classname="com.tibco.postinstall.util.TIBCOMigrateProductTra" jvm="${tibco.java.home.esc}/bin/java">
			<arg value="${tibco.home}"/>
			<arg value="TRA"/>
			<arg value="tibco.class.path.extended"/>
			<arg value="append"/>
			<arg value="bin/domainutility.tra"/>
			<arg value="${psp}"/>

			<classpath>
				<pathelement path="${tibco.tra.home.esc}/lib/install/TIBCOInstallerUtility.jar${psp}${tibco.home.esc}/tools/postinstall/lib/TIBCOpostinstallutility.jar"/>
			</classpath>
		</java>		
		<java classname="com.tibco.postinstall.util.TIBCOMigrateProductTra" jvm="${tibco.java.home.esc}/bin/java">
			<arg value="${tibco.home}"/>
			<arg value="TRA"/>
			<arg value="java.property.TIBCO_PS_HOME"/>
			<arg value="append"/>
			<arg value="bin/domainutility.tra"/>
			<arg value="${psp}"/>

			<classpath>
				<pathelement path="${tibco.tra.home.esc}/lib/install/TIBCOInstallerUtility.jar${psp}${tibco.home.esc}/tools/postinstall/lib/TIBCOpostinstallutility.jar"/>
			</classpath>
		</java>		
	</target>

	<target name="migrateDomainUtilityCmdTra">
		<java classname="com.tibco.postinstall.util.TIBCOMigrateProductTra" jvm="${tibco.java.home.esc}/bin/java">
			<arg value="${tibco.home}"/>
			<arg value="TRA"/>
			<arg value="java.property.plugin"/>
			<arg value="append"/>
			<arg value="bin/domainutilitycmd.tra"/>
			<arg value="${psp}"/>

			<classpath>
				<pathelement path="${tibco.tra.home.esc}/lib/install/TIBCOInstallerUtility.jar${psp}${tibco.home.esc}/tools/postinstall/lib/TIBCOpostinstallutility.jar"/>
			</classpath>
		</java>		
		<java classname="com.tibco.postinstall.util.TIBCOMigrateProductTra" jvm="${tibco.java.home.esc}/bin/java">
			<arg value="${tibco.home}"/>
			<arg value="TRA"/>
			<arg value="tibco.class.path.extended"/>
			<arg value="append"/>
			<arg value="bin/domainutilitycmd.tra"/>
			<arg value="${psp}"/>

			<classpath>
				<pathelement path="${tibco.tra.home.esc}/lib/install/TIBCOInstallerUtility.jar${psp}${tibco.home.esc}/tools/postinstall/lib/TIBCOpostinstallutility.jar"/>
			</classpath>
		</java>		
		<java classname="com.tibco.postinstall.util.TIBCOMigrateProductTra" jvm="${tibco.java.home.esc}/bin/java">
			<arg value="${tibco.home}"/>
			<arg value="TRA"/>
			<arg value="java.property.TIBCO_PS_HOME"/>
			<arg value="append"/>
			<arg value="bin/domainutilitycmd.tra"/>
			<arg value="${psp}"/>

			<classpath>
				<pathelement path="${tibco.tra.home.esc}/lib/install/TIBCOInstallerUtility.jar${psp}${tibco.home.esc}/tools/postinstall/lib/TIBCOpostinstallutility.jar"/>
			</classpath>
		</java>		
	</target>

	<target name="restorePreviousDomainUtilityTra" if="domainutility.tra.prev.present">
		<echo message="Restoring ${tibco.tra.home.esc}/bin/domainutility.tra_prev as domainutility.tra"/>
		<copy file="${tibco.tra.home.esc}/bin/domainutility.tra_prev" tofile="${tibco.tra.home.esc}/bin/domainutility.tra" overwrite="true" verbose="true" />
	</target>

	<target name="restorePreviousDomainUtilityCmdTra" if="domainutilitycmd.tra.prev.present">
		<echo message="Restoring ${tibco.tra.home.esc}/bin/domainutilitycmd.tra_prev as domainutilitycmd.tra"/>
		<copy file="${tibco.tra.home.esc}/bin/domainutilitycmd.tra_prev" tofile="${tibco.tra.home.esc}/bin/domainutilitycmd.tra" overwrite="true" verbose="true" />
	</target>

	<target name="uninstall_init">
		<echo message="Pre-Uninstallation of TIBCO Runtime Agent" />
		<echo message="tibco.home=${tibco.home}"/>
		<echo message="tibco.home.esc=${tibco.home.esc}"/>
		<echo message="tibco.tra.home.esc=${tibco.tra.home.esc}"/>
	</target>

	<target name="pre-uninstall" depends="uninstall_init,checkOS,cleanOtherFilesWindows,cleanOtherFilesUnix">
		<echo message="Pre-Uninstallation of TIBCO Runtime Agent - Cleanup .tra files" />
		<macrodef name="clean.tra.tasks">
		<attribute name="file" />
		<attribute name="dest" />
		<sequential>
			<delete file="@{dest}/@{file}.tra" verbose="true" />
			<delete file="@{dest}/@{file}${tibco.wrapper.extension}" verbose="true" />
		</sequential>
		</macrodef>

		<delete file="${tibco.tra.home.esc}/bin/wrap${tibco.wrapper.extension}" verbose="true" />
		<delete file="${tibco.tra.home.esc}/bin/repository${tibco.wrapper.extension}" verbose="true" />
		<delete dir="${tibco.tra.home.esc}/icjava" verbose="true" />
		<delete file="${tibco.home.esc}/.seed.bin" verbose="true" />

		<clean.tra.tasks file="AppManage" dest="${tibco.tra.home.esc}/bin"/>
		<clean.tra.tasks file="AppStatusCheck" dest="${tibco.tra.home.esc}/bin"/>
		<clean.tra.tasks file="CorpRoleSynchronizer" dest="${tibco.tra.home.esc}/bin"/>
		<clean.tra.tasks file="CorpUserSynchronizer" dest="${tibco.tra.home.esc}/bin"/>
		<clean.tra.tasks file="DeleteInvalidUsers" dest="${tibco.tra.home.esc}/bin"/>
		<clean.tra.tasks file="ExportDomainSecurity" dest="${tibco.tra.home.esc}/bin"/>
		<clean.tra.tasks file="ImportDomainSecurity" dest="${tibco.tra.home.esc}/bin"/>
		<clean.tra.tasks file="MUILangChooser" dest="${tibco.tra.home.esc}/bin"/>
		<clean.tra.tasks file="MoveMachine" dest="${tibco.tra.home.esc}/bin"/>
		<clean.tra.tasks file="RedeployAllAppsForUser" dest="${tibco.tra.home.esc}/bin"/>
		<clean.tra.tasks file="RepoConvert" dest="${tibco.tra.home.esc}/bin"/>
		<clean.tra.tasks file="RepoCreateInstance" dest="${tibco.tra.home.esc}/bin"/>
		<clean.tra.tasks file="RepoDelete" dest="${tibco.tra.home.esc}/bin"/>
		<clean.tra.tasks file="RepoDeleteInstance" dest="${tibco.tra.home.esc}/bin"/>
		<clean.tra.tasks file="RepoDiff" dest="${tibco.tra.home.esc}/bin"/>
		<clean.tra.tasks file="RepoExport" dest="${tibco.tra.home.esc}/bin"/>
		<clean.tra.tasks file="RepoImport" dest="${tibco.tra.home.esc}/bin"/>
		<clean.tra.tasks file="RepoListInstances" dest="${tibco.tra.home.esc}/bin"/>
		<clean.tra.tasks file="RepoPing" dest="${tibco.tra.home.esc}/bin"/>
		<clean.tra.tasks file="RepoRename" dest="${tibco.tra.home.esc}/bin"/>
		<clean.tra.tasks file="ae2xsd" dest="${tibco.tra.home.esc}/bin"/>
		<clean.tra.tasks file="buildear" dest="${tibco.tra.home.esc}/bin"/>
		<clean.tra.tasks file="domainutility" dest="${tibco.tra.home.esc}/bin"/>
		<clean.tra.tasks file="domainutilitycmd" dest="${tibco.tra.home.esc}/bin"/>
		<clean.tra.tasks file="obfuscate" dest="${tibco.tra.home.esc}/bin"/>
		<clean.tra.tasks file="seed" dest="${tibco.tra.home.esc}/bin"/>
		<clean.tra.tasks file="tra" dest="${tibco.tra.home.esc}/bin"/>
		<clean.tra.tasks file="traDBConfig" dest="${tibco.tra.home.esc}/bin"/>
		<clean.tra.tasks file="traUpgradeManager" dest="${tibco.tra.home.esc}/bin"/>
		<clean.tra.tasks file="tramodify" dest="${tibco.tra.home.esc}/bin"/>

	</target>

	<target name="cleanOtherFilesWindows" if="tibco.os.windows">
		<echo message="Pre-Uninstallation of TIBCO Runtime Agent - Cleanup .bat and other files" />
		<echo message="tibco.home=${tibco.home}"/>
		<echo message="tibco.home.esc=${tibco.home.esc}"/>
		<echo message="tibco.tra.home.esc=${tibco.tra.home.esc}"/>

		<macrodef name="clean.otherFilesWindows.tasks">
		<attribute name="file" />
		<attribute name="dest" />
		<attribute name="ext" />
		<sequential>
			<delete file="@{dest}/@{file}.@{ext}" verbose="true" />
		</sequential>
		</macrodef>

		<clean.otherFilesWindows.tasks file="gwrap" dest="${tibco.tra.home.esc}/bin" ext="exe"/>
		<clean.otherFilesWindows.tasks file="pwrap" dest="${tibco.tra.home.esc}/bin" ext="exe"/>
		<clean.otherFilesWindows.tasks file="ae2xsd" dest="${tibco.tra.home.esc}/bin" ext="bat"/>
		<clean.otherFilesWindows.tasks file="RepoConvert" dest="${tibco.tra.home.esc}/bin" ext="bat"/>
		<clean.otherFilesWindows.tasks file="RepoCreateInstance" dest="${tibco.tra.home.esc}/bin" ext="bat"/>
		<clean.otherFilesWindows.tasks file="RepoRename" dest="${tibco.tra.home.esc}/bin" ext="bat"/>
		<clean.otherFilesWindows.tasks file="RepoPing" dest="${tibco.tra.home.esc}/bin" ext="bat"/>
		<clean.otherFilesWindows.tasks file="RepoListInstances" dest="${tibco.tra.home.esc}/bin" ext="bat"/>
		<clean.otherFilesWindows.tasks file="RepoImport" dest="${tibco.tra.home.esc}/bin" ext="bat"/>
		<clean.otherFilesWindows.tasks file="RepoExport" dest="${tibco.tra.home.esc}/bin" ext="bat"/>
		<clean.otherFilesWindows.tasks file="RepoDiff" dest="${tibco.tra.home.esc}/bin" ext="bat"/>
		<clean.otherFilesWindows.tasks file="RepoDeleteInstance" dest="${tibco.tra.home.esc}/bin" ext="bat"/>
		<clean.otherFilesWindows.tasks file="RepoDelete" dest="${tibco.tra.home.esc}/bin" ext="bat"/>

		<clean.otherFilesWindows.tasks file="schemas" dest="${tibco.tra.home.esc}/bin" ext="xml"/>

		<clean.otherFilesWindows.tasks file="adaptercplustra" dest="${tibco.tra.home.esc}/template/domainutility" ext="template"/>
		<clean.otherFilesWindows.tasks file="adaptertra" dest="${tibco.tra.home.esc}/template/domainutility" ext="template"/>
		<clean.otherFilesWindows.tasks file="hawkagentcfg" dest="${tibco.tra.home.esc}/template/domainutility" ext="template"/>
		<clean.otherFilesWindows.tasks file="hawkagenttra" dest="${tibco.tra.home.esc}/template/domainutility" ext="template"/>
		<clean.otherFilesWindows.tasks file="jruntra" dest="${tibco.tra.home.esc}/template/domainutility" ext="template"/>
		<clean.otherFilesWindows.tasks file="tomcattra" dest="${tibco.tra.home.esc}/template/domainutility" ext="template"/>
	</target>

	<target name="cleanOtherFilesUnix" if="tibco.os.unix">
		<echo message="Pre-Uninstallation of TIBCO Runtime Agent - Cleanup .sh and other files" />
		<echo message="tibco.home=${tibco.home}"/>
		<echo message="tibco.home.esc=${tibco.home.esc}"/>
		<echo message="tibco.tra.home.esc=${tibco.tra.home.esc}"/>

		<macrodef name="clean.otherFilesUnix.tasks">
		<attribute name="file" />
		<attribute name="dest" />
		<attribute name="ext" />
		<sequential>
			<delete file="@{dest}/@{file}.@{ext}" verbose="true" />
		</sequential>
		</macrodef>

		<clean.otherFilesUnix.tasks file="ae2xsd" dest="${tibco.tra.home.esc}/bin" ext="sh"/>

		<clean.otherFilesUnix.tasks file="schemas" dest="${tibco.tra.home.esc}/bin" ext="xml"/>

		<clean.otherFilesUnix.tasks file="adaptercplustra" dest="${tibco.tra.home.esc}/template/domainutility" ext="template"/>
		<clean.otherFilesUnix.tasks file="adaptertra" dest="${tibco.tra.home.esc}/template/domainutility" ext="template"/>
		<clean.otherFilesUnix.tasks file="hawkagentcfg" dest="${tibco.tra.home.esc}/template/domainutility" ext="template"/>
		<clean.otherFilesUnix.tasks file="hawkagenttra" dest="${tibco.tra.home.esc}/template/domainutility" ext="template"/>
		<clean.otherFilesUnix.tasks file="jruntra" dest="${tibco.tra.home.esc}/template/domainutility" ext="template"/>
		<clean.otherFilesUnix.tasks file="tomcattra" dest="${tibco.tra.home.esc}/template/domainutility" ext="template"/>
	</target>

	<target name="isSELinuxInstalled" if="tibco.os.linux">
		<available property="se.linux.installed" file="/usr/sbin/getenforce"/>
	</target>

	<target name="getSELinuxStatus" depends="isSELinuxInstalled" if="se.linux.installed">
		<exec executable="/usr/sbin/getenforce" outputproperty="se.linux.status" failifexecutionfails="false"/>

		<condition property="se.linux.enabled">
        	<matches pattern="Enforcing" string="${se.linux.status}"/>
        </condition>
	</target>

	<target name="changeContextSELinux" if="se.linux.enabled">
		<exec executable="chcon" failifexecutionfails="false">
			<arg value="-t"/>
			<arg value="texrel_shlib_t"/>
			<arg value="${tibco.jvm.lib.client.esc}"/>
		</exec>
		<exec executable="chcon" failifexecutionfails="false">
			<arg value="-t"/>
			<arg value="texrel_shlib_t"/>
			<arg value="${tibco.jvm.lib.server.esc}"/>
		</exec>
	</target>
	
	<target name="checkOS" >
		<condition property="tibco.os.windows">
			<os family="windows" />
		</condition>
		<condition property="tibco.os.unix">
			<os family="unix" />
		</condition>        
		<condition property="tibco.os.linux">
		    <os name="Linux" />
		</condition>
		<condition property="wrapper" value="pwrap">
			<isset property="tibco.os.windows"/>
		</condition>        
		<condition property="guiwrap" value="gwrap">
			<isset property="tibco.os.windows"/>
		</condition>
		<condition property="wrapper" value="wrap">
			<isset property="tibco.os.unix"/>
		</condition>        
		<condition property="guiwrap" value="wrap">
			<isset property="tibco.os.unix"/>
		</condition>
	</target>
</project>
