 [
          {
            "ScoreID": "1253072",
            "AdjudicativeStatus": "DENIED",
            "ReceiptNumber": "WAC1420650867",
            "PetitionInformation": {
              "ReceiptNumber": "WAC1420650867",
              "PetitionVisaType": "1B1",
              "PetitionType": "I129",
              "ReceiptDate": "2014-07-23-04:00",
              "RecordTimeStamp": "2018-04-27T10:14:46-04:00",
              "OrganizationDataSource": "Petition",
              "OrganizationName": "IBM INDIA PRIVATE LTD",
              "Address": {
                "AddressID": "329444998",
                "StreetFullText": "P O BOX 12195",
                "StreetExtensionText": "N/A",
                "LocationCityName": "DURHAM",
                "LocationPostalCode": "27709",
                "LocationStateName": "NC",
                "LocationCountryName": {
                  "nil": true
                }
              },
              "DolEtaCaseNumber": {
                "nil": true
              }
            },
            "VIBEScoreResult": {
              "Score": "RED",
              "ScoreRunTimeStamp": "2018-09-26T09:01:10-04:00",
              "Matched": "Yes",
              "ConfidenceFactor": "10"
            },
            "VibePreDefinedCompanyScore": {
              "OverrideScore": "RED",
              "OverrideScoreSource": "HQSCOPS",
              "ScoreValidUntil": "2019-06-01T23:59:59-04:00",
              "OrganizationRelationship": "CASE: TRY IN JUNE",
              "Comment": "testing prod bug"
            },
            "DNBMatchedBranchInformation": null,
            "DNBMatchedCompanyInformation": {
              "OrganizationName": "IBM India Private Limited",
              "Address": {
                "AddressID": "329498375",
                "StreetFullText": "3039 CORNWALLIS RD",
                "StreetExtensionText": {
                  "nil": true
                },
                "LocationCityName": "DURHAM",
                "LocationPostalCode": "277090125",
                "LocationStateName": "NC",
                "LocationCountryName": "USA"
              },
              "LocationType": "Single Location",
              "OrganizationPhone": {
                "TelephoneNumberFullID": "1-(919) 543-5243"
              },
              "OrganizationDUNSNumber": "965533149",
              "GlobalUltimateDUNSNumber": "650676737",
              "GlobalUltimateCompanyName": "IBM INDIA PRIVATE LIMITED",
              "RelationshipToGlobal": "Is a subsidiary site"
            },
            "DNBDetailedCompanyInformation": {
              "CEOName": "Maggie Murray",
              "LegalStatusCode": "corporation",
              "ImportExport": "Not available or None",
              "NumberOfRelatedEntities": 193,
              "NumberOfEmployeesInUSA": "100 (Actual figure)",
              "NumberOfEmployeesWorldWide": "100 (Actual figure)",
              "SevereRisk": "No",
              "OutOfBusinessIndicator": false,
              "NAICCodes": {
                "NAIC1": null,
                "NAIC2": null,
                "NAIC3": null,
                "NAIC4": null,
                "NAIC5": null,
                "NAIC6": null
              },
              "TradeStyleCodes": null
            },
            "DNBCompanyExecutiveBio": {
              "Executive1": null,
              "Executive2": null,
              "Executive3": null
            },
            "DNBCompanyFinancialInformation": {
              "GrossAnualIncome": "8444430 | (Modeled)"
            }
          },
          {
            "ScoreID": "1253062",
            "AdjudicativeStatus": "DENIED",
            "ReceiptNumber": "WAC1420650867",
            "PetitionInformation": {
              "ReceiptNumber": "WAC1420650867",
              "PetitionVisaType": "1B1",
              "PetitionType": "I129",
              "ReceiptDate": "2014-07-23-04:00",
              "RecordTimeStamp": "2018-04-27T10:14:46-04:00",
              "OrganizationDataSource": "Petition",
              "OrganizationName": "IBM INDIA PRIVATE LTD",
              "Address": {
                "AddressID": "329444998",
                "StreetFullText": "P O BOX 12195",
                "StreetExtensionText": "N/A",
                "LocationCityName": "DURHAM",
                "LocationPostalCode": "27709",
                "LocationStateName": "NC",
                "LocationCountryName": {
                  "nil": true
                }
              },
              "DolEtaCaseNumber": {
                "nil": true
              }
            },
            "VIBEScoreResult": {
              "Score": "RED",
              "ScoreRunTimeStamp": "2018-09-18T23:01:49-04:00",
              "Matched": "Yes",
              "ConfidenceFactor": "10"
            },
            "VibePreDefinedCompanyScore": {
              "OverrideScore": "RED",
              "OverrideScoreSource": "HQSCOPS",
              "ScoreValidUntil": "2019-06-01T23:59:59-04:00",
              "OrganizationRelationship": "CASE: TRY IN JUNE",
              "Comment": "testing prod bug"
            },
            "DNBMatchedBranchInformation": null,
            "DNBMatchedCompanyInformation": {
              "OrganizationName": "IBM India Private Limited",
              "Address": {
                "AddressID": "329498271",
                "StreetFullText": "3039 Cornwallis Rd",
                "StreetExtensionText": {
                  "nil": true
                },
                "LocationCityName": "Durham",
                "LocationPostalCode": "277090125",
                "LocationStateName": "NC",
                "LocationCountryName": "USA"
              },
              "LocationType": "Single Location",
              "OrganizationPhone": {
                "TelephoneNumberFullID": "0001-(919) 543-5243"
              },
              "OrganizationDUNSNumber": "965533149",
              "GlobalUltimateDUNSNumber": "650676737",
              "GlobalUltimateCompanyName": "IBM India Private Limited",
              "RelationshipToGlobal": "Is a subsidiary site",
              "ForeignRelationshipIndicator": "Yes",
              "OwnershipStatus": "Not Applicable"
            },
            "DNBDetailedCompanyInformation": {
              "CEOName": "Maggie Murray",
              "LegalStatusCode": "corporation",
              "ImportExport": "Not available or None",
              "NumberOfRelatedEntities": 193,
              "NumberOfCorroboratingSources": 2,
              "TotalTradePayments": 11,
              "NumberOfEmployeesInUSA": "100 (Actual figure)",
              "NumberOfEmployeesWorldWide": "100 (Actual figure)",
              "YearEstablished": 1999,
              "ManagementControlYear": 1999,
              "SevereRisk": "No",
              "HistoryType": "Incomplete History",
              "OutOfBusinessIndicator": false,
              "NAICCodes": {
                "NAIC1": "541511-Custom Computer Programming Services",
                "NAIC2": null,
                "NAIC3": null,
                "NAIC4": null,
                "NAIC5": null,
                "NAIC6": null
              },
              "TradeStyleCodes": null,
              "NonProfitIndicator": "No"
            },
            "DNBCompanyExecutiveBio": {
              "Executive1": "Maggie Murray, Manager",
              "Executive2": null,
              "Executive3": null
            },
            "DNBCompanyFinancialInformation": {
              "GrossAnualIncome": "8444430 | (Estimated)",
              "FinancialStressScore": 3
            }
          },
          {
            "ScoreID": "1253059",
            "AdjudicativeStatus": "DENIED",
            "ReceiptNumber": "WAC1420650867",
            "PetitionInformation": {
              "ReceiptNumber": "WAC1420650867",
              "PetitionVisaType": "1B1",
              "PetitionType": "I129",
              "ReceiptDate": "2014-07-23-04:00",
              "RecordTimeStamp": "2018-04-27T10:14:46-04:00",
              "OrganizationDataSource": "Petition",
              "OrganizationName": "IBM INDIA PRIVATE LTD",
              "Address": {
                "AddressID": "329444998",
                "StreetFullText": "P O BOX 12195",
                "StreetExtensionText": "N/A",
                "LocationCityName": "DURHAM",
                "LocationPostalCode": "27709",
                "LocationStateName": "NC",
                "LocationCountryName": {
                  "nil": true
                }
              },
              "DolEtaCaseNumber": {
                "nil": true
              }
            },
            "VIBEScoreResult": {
              "Score": "RED",
              "ScoreRunTimeStamp": "2018-09-13T15:54:55-04:00",
              "Matched": "Yes",
              "ConfidenceFactor": "10"
            },
            "VibePreDefinedCompanyScore": {
              "OverrideScore": "RED",
              "OverrideScoreSource": "HQSCOPS",
              "ScoreValidUntil": "2019-06-01T23:59:59-04:00",
              "OrganizationRelationship": "CASE: TRY IN JUNE",
              "Comment": "testing prod bug"
            },
            "DNBMatchedBranchInformation": null,
            "DNBMatchedCompanyInformation": {
              "OrganizationName": "IBM India Private Limited",
              "Address": {
                "AddressID": "329498271",
                "StreetFullText": "3039 Cornwallis Rd",
                "StreetExtensionText": {
                  "nil": true
                },
                "LocationCityName": "Durham",
                "LocationPostalCode": "277090125",
                "LocationStateName": "NC",
                "LocationCountryName": "USA"
              },
              "LocationType": "Single Location",
              "OrganizationPhone": {
                "TelephoneNumberFullID": "0001-(919) 543-5243"
              },
              "OrganizationDUNSNumber": "965533149",
              "GlobalUltimateDUNSNumber": "650676737",
              "GlobalUltimateCompanyName": "IBM India Private Limited",
              "RelationshipToGlobal": "Is a subsidiary site",
              "ForeignRelationshipIndicator": "Yes",
              "OwnershipStatus": "Not Applicable"
            },
            "DNBDetailedCompanyInformation": {
              "CEOName": "Maggie Murray",
              "LegalStatusCode": "corporation",
              "ImportExport": "Not available or None",
              "NumberOfRelatedEntities": 193,
              "NumberOfCorroboratingSources": 2,
              "TotalTradePayments": 11,
              "NumberOfEmployeesInUSA": "100 (Actual figure)",
              "NumberOfEmployeesWorldWide": "100 (Actual figure)",
              "YearEstablished": 1999,
              "ManagementControlYear": 1999,
              "SevereRisk": "No",
              "HistoryType": "Incomplete History",
              "OutOfBusinessIndicator": false,
              "NAICCodes": {
                "NAIC1": "541511-Custom Computer Programming Services",
                "NAIC2": null,
                "NAIC3": null,
                "NAIC4": null,
                "NAIC5": null,
                "NAIC6": null
              },
              "TradeStyleCodes": null,
              "NonProfitIndicator": "No"
            },
            "DNBCompanyExecutiveBio": {
              "Executive1": "Maggie Murray, Manager",
              "Executive2": null,
              "Executive3": null
            },
            "DNBCompanyFinancialInformation": {
              "GrossAnualIncome": "8444430 | (Estimated)",
              "FinancialStressScore": 3
            }
          },
          {
            "ScoreID": "1000091",
            "AdjudicativeStatus": "DENIED",
            "ReceiptNumber": "WAC1420650867",
            "PetitionInformation": {
              "ReceiptNumber": "WAC1420650867",
              "PetitionVisaType": "1B1",
              "PetitionType": "I129",
              "ReceiptDate": "2014-07-23-04:00",
              "RecordTimeStamp": "2018-04-27T10:14:46-04:00",
              "OrganizationDataSource": "Petition",
              "OrganizationName": "IBM INDIA PRIVATE LTD",
              "Address": {
                "AddressID": "329444998",
                "StreetFullText": "P O BOX 12195",
                "StreetExtensionText": "N/A",
                "LocationCityName": "DURHAM",
                "LocationPostalCode": "27709",
                "LocationStateName": "NC",
                "LocationCountryName": {
                  "nil": true
                }
              },
              "DolEtaCaseNumber": {
                "nil": true
              }
            },
            "VIBEScoreResult": {
              "Score": "GREEN",
              "ScoreRunTimeStamp": "2018-08-25T18:53:01-04:00",
              "Matched": "Yes",
              "ConfidenceFactor": "10"
            },
            "DNBMatchedBranchInformation": null,
            "DNBMatchedCompanyInformation": {
              "OrganizationName": "IBM India Private Limited",
              "Address": {
                "AddressID": "329416209",
                "StreetFullText": "3039 Cornwallis Rd",
                "StreetExtensionText": {
                  "nil": true
                },
                "LocationCityName": "Durham",
                "LocationPostalCode": "277090125",
                "LocationStateName": "NC",
                "LocationCountryName": "US"
              },
              "LocationType": "Single Location",
              "OrganizationPhone": {
                "TelephoneNumberFullID": "0001-(919) 543-5243"
              },
              "OrganizationDUNSNumber": "965533149",
              "GlobalUltimateDUNSNumber": "650676737",
              "GlobalUltimateCompanyName": "IBM India Private Limited",
              "RelationshipToGlobal": "Is a subsidiary site",
              "ForeignRelationshipIndicator": "Yes",
              "OwnershipStatus": "Not Applicable"
            },
            "DNBDetailedCompanyInformation": {
              "CEOName": "Maggie Murray",
              "LegalStatusCode": "corporation",
              "ImportExport": "Not available or None",
              "NumberOfRelatedEntities": 193,
              "NumberOfCorroboratingSources": 2,
              "TotalTradePayments": 11,
              "NumberOfEmployeesInUSA": "100 (Actual figure)",
              "NumberOfEmployeesWorldWide": "100 (Actual figure)",
              "YearEstablished": 1999,
              "ManagementControlYear": 1999,
              "SevereRisk": "No",
              "HistoryType": "Incomplete History",
              "OutOfBusinessIndicator": false,
              "NAICCodes": {
                "NAIC1": "541511-Custom Computer Programming Services",
                "NAIC2": null,
                "NAIC3": null,
                "NAIC4": null,
                "NAIC5": null,
                "NAIC6": null
              },
              "TradeStyleCodes": null,
              "NonProfitIndicator": "No"
            },
            "DNBCompanyExecutiveBio": {
              "Executive1": "Maggie Murray, Manager",
              "Executive2": null,
              "Executive3": null
            },
            "DNBCompanyFinancialInformation": {
              "GrossAnualIncome": "8444430 | (Estimated)",
              "FinancialStressScore": 3
            }
          },
          {
            "ScoreID": "1000072",
            "AdjudicativeStatus": "DENIED",
            "ReceiptNumber": "WAC1420650867",
            "PetitionInformation": {
              "ReceiptNumber": "WAC1420650867",
              "PetitionVisaType": "1B1",
              "PetitionType": "I129",
              "ReceiptDate": "2014-07-23-04:00",
              "RecordTimeStamp": "2018-04-27T10:14:46-04:00",
              "OrganizationDataSource": "Petition",
              "OrganizationName": "IBM INDIA PRIVATE LTD",
              "Address": {
                "AddressID": "329444998",
                "StreetFullText": "P O BOX 12195",
                "StreetExtensionText": "N/A",
                "LocationCityName": "DURHAM",
                "LocationPostalCode": "27709",
                "LocationStateName": "NC",
                "LocationCountryName": {
                  "nil": true
                }
              },
              "DolEtaCaseNumber": {
                "nil": true
              }
            },
            "VIBEScoreResult": {
              "Score": "GREEN",
              "ScoreRunTimeStamp": "2018-08-25T18:52:58-04:00",
              "Matched": "Yes",
              "ConfidenceFactor": "10"
            },
            "DNBMatchedBranchInformation": null,
            "DNBMatchedCompanyInformation": {
              "OrganizationName": "IBM India Private Limited",
              "Address": {
                "AddressID": "329416209",
                "StreetFullText": "3039 Cornwallis Rd",
                "StreetExtensionText": {
                  "nil": true
                },
                "LocationCityName": "Durham",
                "LocationPostalCode": "277090125",
                "LocationStateName": "NC",
                "LocationCountryName": "US"
              },
              "LocationType": "Single Location",
              "OrganizationPhone": {
                "TelephoneNumberFullID": "0001-(919) 543-5243"
              },
              "OrganizationDUNSNumber": "965533149",
              "GlobalUltimateDUNSNumber": "650676737",
              "GlobalUltimateCompanyName": "IBM India Private Limited",
              "RelationshipToGlobal": "Is a subsidiary site",
              "ForeignRelationshipIndicator": "Yes",
              "OwnershipStatus": "Not Applicable"
            },
            "DNBDetailedCompanyInformation": {
              "CEOName": "Maggie Murray",
              "LegalStatusCode": "corporation",
              "ImportExport": "Not available or None",
              "NumberOfRelatedEntities": 193,
              "NumberOfCorroboratingSources": 2,
              "TotalTradePayments": 11,
              "NumberOfEmployeesInUSA": "100 (Actual figure)",
              "NumberOfEmployeesWorldWide": "100 (Actual figure)",
              "YearEstablished": 1999,
              "ManagementControlYear": 1999,
              "SevereRisk": "No",
              "HistoryType": "Incomplete History",
              "OutOfBusinessIndicator": false,
              "NAICCodes": {
                "NAIC1": "541511-Custom Computer Programming Services",
                "NAIC2": null,
                "NAIC3": null,
                "NAIC4": null,
                "NAIC5": null,
                "NAIC6": null
              },
              "TradeStyleCodes": null,
              "NonProfitIndicator": "No"
            },
            "DNBCompanyExecutiveBio": {
              "Executive1": "Maggie Murray, Manager",
              "Executive2": null,
              "Executive3": null
            },
            "DNBCompanyFinancialInformation": {
              "GrossAnualIncome": "8444430 | (Estimated)",
              "FinancialStressScore": 3
            }
          },
          {
            "ScoreID": "992887",
            "AdjudicativeStatus": "DENIED",
            "ReceiptNumber": "WAC1420650867",
            "PetitionInformation": {
              "ReceiptNumber": "WAC1420650867",
              "PetitionVisaType": "1B1",
              "PetitionType": "I129",
              "ReceiptDate": "2014-07-23-04:00",
              "RecordTimeStamp": "2018-04-27T10:14:46-04:00",
              "OrganizationDataSource": "Petition",
              "OrganizationName": "IBM INDIA PRIVATE LTD",
              "Address": {
                "AddressID": "329444998",
                "StreetFullText": "P O BOX 12195",
                "StreetExtensionText": "N/A",
                "LocationCityName": "DURHAM",
                "LocationPostalCode": "27709",
                "LocationStateName": "NC",
                "LocationCountryName": {
                  "nil": true
                }
              },
              "DolEtaCaseNumber": {
                "nil": true
              }
            },
            "VIBEScoreResult": {
              "Score": "GREEN",
              "ScoreRunTimeStamp": "2018-08-25T18:08:47-04:00",
              "Matched": "Yes",
              "ConfidenceFactor": "10"
            },
            "DNBMatchedBranchInformation": null,
            "DNBMatchedCompanyInformation": {
              "OrganizationName": "IBM India Private Limited",
              "Address": {
                "AddressID": "329416209",
                "StreetFullText": "3039 Cornwallis Rd",
                "StreetExtensionText": {
                  "nil": true
                },
                "LocationCityName": "Durham",
                "LocationPostalCode": "277090125",
                "LocationStateName": "NC",
                "LocationCountryName": "US"
              },
              "LocationType": "Single Location",
              "OrganizationPhone": {
                "TelephoneNumberFullID": "0001-(919) 543-5243"
              },
              "OrganizationDUNSNumber": "965533149",
              "GlobalUltimateDUNSNumber": "650676737",
              "GlobalUltimateCompanyName": "IBM India Private Limited",
              "RelationshipToGlobal": "Is a subsidiary site",
              "ForeignRelationshipIndicator": "Yes",
              "OwnershipStatus": "Not Applicable"
            },
            "DNBDetailedCompanyInformation": {
              "CEOName": "Maggie Murray",
              "LegalStatusCode": "corporation",
              "ImportExport": "Not available or None",
              "NumberOfRelatedEntities": 193,
              "NumberOfCorroboratingSources": 2,
              "TotalTradePayments": 11,
              "NumberOfEmployeesInUSA": "100 (Actual figure)",
              "NumberOfEmployeesWorldWide": "100 (Actual figure)",
              "YearEstablished": 1999,
              "ManagementControlYear": 1999,
              "SevereRisk": "No",
              "HistoryType": "Incomplete History",
              "OutOfBusinessIndicator": false,
              "NAICCodes": {
                "NAIC1": "541511-Custom Computer Programming Services",
                "NAIC2": null,
                "NAIC3": null,
                "NAIC4": null,
                "NAIC5": null,
                "NAIC6": null
              },
              "TradeStyleCodes": null,
              "NonProfitIndicator": "No"
            },
            "DNBCompanyExecutiveBio": {
              "Executive1": "Maggie Murray, Manager",
              "Executive2": null,
              "Executive3": null
            },
            "DNBCompanyFinancialInformation": {
              "GrossAnualIncome": "8444430 | (Estimated)",
              "FinancialStressScore": 3
            }
          },
          {
            "ScoreID": "991677",
            "AdjudicativeStatus": "DENIED",
            "ReceiptNumber": "WAC1420650867",
            "PetitionInformation": {
              "ReceiptNumber": "WAC1420650867",
              "PetitionVisaType": "1B1",
              "PetitionType": "I129",
              "ReceiptDate": "2014-07-23-04:00",
              "RecordTimeStamp": "2018-04-27T10:14:46-04:00",
              "OrganizationDataSource": "Petition",
              "OrganizationName": "IBM INDIA PRIVATE LTD",
              "Address": {
                "AddressID": "329444998",
                "StreetFullText": "P O BOX 12195",
                "StreetExtensionText": "N/A",
                "LocationCityName": "DURHAM",
                "LocationPostalCode": "27709",
                "LocationStateName": "NC",
                "LocationCountryName": {
                  "nil": true
                }
              },
              "DolEtaCaseNumber": {
                "nil": true
              }
            },
            "VIBEScoreResult": {
              "Score": "GREEN",
              "ScoreRunTimeStamp": "2018-08-25T17:57:26-04:00",
              "Matched": "Yes",
              "ConfidenceFactor": "10"
            },
            "DNBMatchedBranchInformation": null,
            "DNBMatchedCompanyInformation": {
              "OrganizationName": "IBM India Private Limited",
              "Address": {
                "AddressID": "329416209",
                "StreetFullText": "3039 Cornwallis Rd",
                "StreetExtensionText": {
                  "nil": true
                },
                "LocationCityName": "Durham",
                "LocationPostalCode": "277090125",
                "LocationStateName": "NC",
                "LocationCountryName": "US"
              },
              "LocationType": "Single Location",
              "OrganizationPhone": {
                "TelephoneNumberFullID": "0001-(919) 543-5243"
              },
              "OrganizationDUNSNumber": "965533149",
              "GlobalUltimateDUNSNumber": "650676737",
              "GlobalUltimateCompanyName": "IBM India Private Limited",
              "RelationshipToGlobal": "Is a subsidiary site",
              "ForeignRelationshipIndicator": "Yes",
              "OwnershipStatus": "Not Applicable"
            },
            "DNBDetailedCompanyInformation": {
              "CEOName": "Maggie Murray",
              "LegalStatusCode": "corporation",
              "ImportExport": "Not available or None",
              "NumberOfRelatedEntities": 193,
              "NumberOfCorroboratingSources": 2,
              "TotalTradePayments": 11,
              "NumberOfEmployeesInUSA": "100 (Actual figure)",
              "NumberOfEmployeesWorldWide": "100 (Actual figure)",
              "YearEstablished": 1999,
              "ManagementControlYear": 1999,
              "SevereRisk": "No",
              "HistoryType": "Incomplete History",
              "OutOfBusinessIndicator": false,
              "NAICCodes": {
                "NAIC1": "541511-Custom Computer Programming Services",
                "NAIC2": null,
                "NAIC3": null,
                "NAIC4": null,
                "NAIC5": null,
                "NAIC6": null
              },
              "TradeStyleCodes": null,
              "NonProfitIndicator": "No"
            },
            "DNBCompanyExecutiveBio": {
              "Executive1": "Maggie Murray, Manager",
              "Executive2": null,
              "Executive3": null
            },
            "DNBCompanyFinancialInformation": {
              "GrossAnualIncome": "8444430 | (Estimated)",
              "FinancialStressScore": 3
            }
          },
          {
            "ScoreID": "103679",
            "AdjudicativeStatus": "DENIED",
            "ReceiptNumber": "WAC1420650867",
            "PetitionInformation": {
              "ReceiptNumber": "WAC1420650867",
              "PetitionVisaType": "1B1",
              "PetitionType": "I129",
              "ReceiptDate": "2014-07-23-04:00",
              "RecordTimeStamp": "2018-04-27T10:14:46-04:00",
              "OrganizationDataSource": "Petition",
              "OrganizationName": "IBM INDIA PRIVATE LTD",
              "Address": {
                "AddressID": "329444998",
                "StreetFullText": "P O BOX 12195",
                "StreetExtensionText": "N/A",
                "LocationCityName": "DURHAM",
                "LocationPostalCode": "27709",
                "LocationStateName": "NC",
                "LocationCountryName": {
                  "nil": true
                }
              },
              "DolEtaCaseNumber": {
                "nil": true
              }
            },
            "VIBEScoreResult": {
              "Score": "RED",
              "ScoreRunTimeStamp": "2015-09-22T02:03:54-04:00",
              "Matched": "Yes",
              "ConfidenceFactor": "8"
            },
            "VibePreDefinedCompanyScore": {
              "OverrideScore": "RED",
              "OverrideScoreSource": "HQSCOPS",
              "ScoreValidUntil": "2017-02-01T10:35:40-05:00",
              "OrganizationRelationship": "FDNS456LUUTEST",
              "Comment": "test 0620\r\nadd comment not mature yet 01/30"
            },
            "DNBMatchedBranchInformation": null,
            "DNBMatchedCompanyInformation": {
              "OrganizationName": "International Business Machines Corporation",
              "Address": {
                "AddressID": "329405082",
                "StreetFullText": "New Orchard Rd",
                "StreetExtensionText": {
                  "nil": true
                },
                "LocationCityName": "Armonk",
                "LocationPostalCode": "10504",
                "LocationStateName": "NY",
                "LocationCountryName": "US"
              },
              "LocationType": "HQ Location",
              "OrganizationPhone": {
                "TelephoneNumberFullID": "0001-(914) 499-1900"
              },
              "OrganizationDUNSNumber": "001368083",
              "GlobalUltimateDUNSNumber": "001368083",
              "GlobalUltimateCompanyName": "International Business Machines Corporation",
              "RelationshipToGlobal": "Not a subsidiary site",
              "ForeignRelationshipIndicator": "Yes",
              "OwnershipStatus": "Owns Space"
            },
            "DNBDetailedCompanyInformation": {
              "CEOName": "Virginia M Rometty",
              "LegalStatusCode": "corporation",
              "ImportExport": "Import/Export",
              "NumberOfRelatedEntities": 2371,
              "NumberOfCorroboratingSources": 3,
              "TotalTradePayments": 874,
              "NumberOfEmployeesInUSA": "850 (Actual figure)",
              "NumberOfEmployeesWorldWide": "850 (Actual figure)",
              "YearEstablished": 1911,
              "ManagementControlYear": 1911,
              "SevereRisk": "No",
              "HistoryType": "Clear History",
              "OutOfBusinessIndicator": false,
              "NAICCodes": {
                "NAIC1": "541512-Computer Systems Design Services",
                "NAIC2": "541511-Custom Computer Programming Services",
                "NAIC3": "334112-Computer Storage Device Manufacturing",
                "NAIC4": "334111-Electronic Computer Manufacturing",
                "NAIC5": "334413-Semiconductor and Related Device Manufacturing",
                "NAIC6": null
              },
              "TradeStyleCodes": {
                "TradeStyle1": "IBM"
              }
            },
            "DNBCompanyExecutiveBio": {
              "Executive1": "Virginia M Rometty, President",
              "Executive2": "Kevin Reardon, Owner",
              "Executive3": "Samuel J Palmisano, Chairman of the Board"
            },
            "DNBCompanyFinancialInformation": {
              "GrossAnualIncome": "106916000000 | (Actual Value)",
              "FinancialStressScore": 2
            }
          }
        ]