<?xml version="1.0" encoding="UTF-8"?>
<repository xmlns:xsi="http://www.w3.org/2000/10/XMLSchema-instance" xsi:schemaLocation="http://www.tibco.com/namespaces/Repository Repository.xsd" xmlns="http://www.tibco.com/namespaces/Repository">
	<myAdapter:adapter xmlns="http://www.tibco.com/namespaces/AESDK" xmlns:myAdapter="http://www.tibco.com/namespaces/myAdapter" globalName="ClarifyAdapter30/Instance0/ClarifyAdapter">
		<instanceId>Instance0</instanceId>
		<startup>
			<defaultStartup>active</defaultStartup>
			<hasClassMicroAgent>true</hasClassMicroAgent>
		</startup>
		<deployment>
			<sessions>
				<messaging>
					<rvCmSession isRef="true">adapter/ClarifyAdapter30/Instance0/ClarifyAdapterRVCM_Instance0</rvCmSession>
				</messaging>
			</sessions>
			<producers>
				<rvCmPublisher isRef="true">adapter/ClarifyAdapter30/Instance0/publisher1</rvCmPublisher>
			</producers>
			<consumers>
				<rvCmSubscriber isRef="true">adapter/ClarifyAdapter30/Instance0/subscriber1</rvCmSubscriber>
			</consumers>
		</deployment>
		<timers>
			<timer>
				<name>_timer</name>
				<session isRef="true">adapter/ClarifyAdapter30/Instance0/ClarifyAdapterRVCM_Instance0</session>
				<interval>3000</interval>
				<repeating>true</repeating>
			</timer>
		</timers>
		<reporting>
			<fileSink>
				<fileName>../log/ClarifyError.log</fileName>
				<fileCount>3</fileCount>
				<fileLimit>50000</fileLimit>
				<appendMode>false</appendMode>
				<role>
					<name>errorRole</name>
				</role>
				<role>
					<name>warnRole</name>
				</role>
			</fileSink>
			<fileSink>
				<fileName>../log/ClarifyDebug.log</fileName>
				<fileCount>3</fileCount>
				<fileLimit>50000</fileLimit>
				<appendMode>false</appendMode>
				<role>
					<name>debugRole</name>
				</role>
			</fileSink>
			<stdioSink>
				<ioName>stdout</ioName>
				<role>
					<name>debugRole</name>
				</role>
				<role>
					<name>errorRole</name>
				</role>
			</stdioSink>
		</reporting>
		<metadata>
			<loadUrl isRef="true" type="class">ClarifyAdapter30/schema</loadUrl>
		</metadata>
		<Clarify xmlns="http://www.tibco.com/namespaces/myAdapter">
			<AutoDispatch>true</AutoDispatch>
			<Password>sa</Password>
			<SQLLogFilename>ClarifySQL.log</SQLLogFilename>
			<SQLLogging>true</SQLLogging>
			<ServerName>TEST</ServerName>
			<RetainOldMessage>false</RetainOldMessage>
			<CacheKey/>
			<UserName>sa</UserName>
			<MaxCacheObjNum>10</MaxCacheObjNum>
			<DatabaseName>ORCL8</DatabaseName>
			<Cache/>
		</Clarify>
	</myAdapter:adapter>
	<producer xmlns="http://www.tibco.com/namespaces/AEService" objectType="endpoint.RVCMPublisher" globalName="adapter/ClarifyAdapter30/Instance0/publisher1">
		<subject>CLARIFY.ADAPTER.PUBLISHER</subject>
		<session isRef="true">adapter/ClarifyAdapter30/Instance0/ClarifyAdapterRVCM_Instance0</session>
		<replySubject/>
		<wireFormat/>
		<messageTimeout>99</messageTimeout>
		<class isRef="true">any</class>
	</producer>
	<consumer xmlns="http://www.tibco.com/namespaces/AEService" objectType="endpoint.RVSubscriber" globalName="adapter/ClarifyAdapter30/Instance0/subscriber1">
		<subject>CLARIFY.ADAPTER.SUBSCRIBER</subject>
		<session isRef="true">adapter/ClarifyAdapter30/Instance0/ClarifyAdapterRVCM_Instance0</session>
		<wireFormat/>
		<class isRef="true">any</class>
	</consumer>
	<rvCmSession xmlns="http://www.tibco.com/namespaces/AEService" objectType="session.RVCM" globalName="adapter/ClarifyAdapter30/Instance0/ClarifyAdapterRVCM_Instance0">
		<service/>
		<network/>
		<daemon/>
		<cmName>ClarifyAdapter_Instance0</cmName>
		<ledgerFile>ClarifyAdapter_Instance0.ldg</ledgerFile>
		<defaultTimeLimit>0</defaultTimeLimit>
		<requireOldMessages>true</requireOldMessages>
	</rvCmSession>
	<scalar xmlns="http://www.tibco.com/namespaces/AESchema" name="i8" family="ae" globalName="i8">
		<javaClass>java.lang.Long</javaClass>
	</scalar>
	<scalar xmlns="http://www.tibco.com/namespaces/AESchema" name="void" family="ae" globalName="void"/>
	<scalar xmlns="http://www.tibco.com/namespaces/AESchema" name="any" family="ae" globalName="any"/>
	<scalar xmlns="http://www.tibco.com/namespaces/AESchema" name="boolean" family="ae" globalName="boolean">
		<javaClass>java.lang.Boolean</javaClass>
	</scalar>
	<scalar xmlns="http://www.tibco.com/namespaces/AESchema" name="string" family="ae" globalName="string">
		<javaClass>java.lang.String</javaClass>
	</scalar>
	<class xmlns="http://www.tibco.com/namespaces/AESchema" name="condition" family="ae" globalName="ClarifyAdapter30/schema/condition">
		<attribute>
			<name>field_name</name>
			<attributeType isRef="true">string</attributeType>
		</attribute>
		<attribute>
			<name>cond_op</name>
			<attributeType isRef="true">string</attributeType>
		</attribute>
		<attribute>
			<name>field_value</name>
			<attributeType isRef="true">string</attributeType>
		</attribute>
	</class>
	<class xmlns="http://www.tibco.com/namespaces/AESchema" name="create_case" family="ae" globalName="ClarifyAdapter30/schema/create_case">
		<attribute>
			<name>call_type</name>
			<attributeType isRef="true">string</attributeType>
			<default>Problem</default>
		</attribute>
		<attribute>
			<name>response_priority</name>
			<attributeType isRef="true">string</attributeType>
			<default>Medium</default>
		</attribute>
		<attribute>
			<name>response_severity</name>
			<attributeType isRef="true">string</attributeType>
			<default>Medium</default>
		</attribute>
		<attribute>
			<name>serial_no</name>
			<attributeType isRef="true">string</attributeType>
		</attribute>
		<attribute>
			<name>site_id</name>
			<attributeType isRef="true">string</attributeType>
		</attribute>
		<attribute>
			<name>contact_first_name</name>
			<attributeType isRef="true">string</attributeType>
		</attribute>
		<attribute>
			<name>contact_last_name</name>
			<attributeType isRef="true">string</attributeType>
		</attribute>
		<attribute>
			<name>contact_phone</name>
			<attributeType isRef="true">string</attributeType>
		</attribute>
		<attribute>
			<name>contract_id</name>
			<attributeType isRef="true">string</attributeType>
		</attribute>
		<attribute>
			<name>title</name>
			<attributeType isRef="true">string</attributeType>
		</attribute>
		<attribute>
			<name>history</name>
			<attributeType isRef="true">string</attributeType>
		</attribute>
		<attribute>
			<name>queue_title</name>
			<attributeType isRef="true">string</attributeType>
			<default>default</default>
		</attribute>
		<attribute>
			<name>customized</name>
			<attributeType isRef="true">ClarifyAdapter30/schema/sequence[opObject]</attributeType>
		</attribute>
	</class>
	<class xmlns="http://www.tibco.com/namespaces/AESchema" name="create_demand_dtl" family="ae" globalName="ClarifyAdapter30/schema/create_demand_dtl">
		<attribute>
			<name>is_site_part</name>
			<attributeType isRef="true">boolean</attributeType>
		</attribute>
		<attribute>
			<name>header_id</name>
			<attributeType isRef="true">string</attributeType>
		</attribute>
		<attribute>
			<name>bin_name</name>
			<attributeType isRef="true">string</attributeType>
		</attribute>
		<attribute>
			<name>part_num</name>
			<attributeType isRef="true">string</attributeType>
		</attribute>
		<attribute>
			<name>mod_level</name>
			<attributeType isRef="true">string</attributeType>
		</attribute>
		<attribute>
			<name>serial_no</name>
			<attributeType isRef="true">string</attributeType>
		</attribute>
		<attribute>
			<name>request_type</name>
			<attributeType isRef="true">string</attributeType>
			<default>Please Specify</default>
		</attribute>
		<attribute>
			<name>priority</name>
			<attributeType isRef="true">string</attributeType>
			<default>Please Specify</default>
		</attribute>
		<attribute>
			<name>po_number</name>
			<attributeType isRef="true">string</attributeType>
		</attribute>
		<attribute>
			<name>ship_via</name>
			<attributeType isRef="true">string</attributeType>
			<default>Please Specify</default>
		</attribute>
		<attribute>
			<name>detail_notes</name>
			<attributeType isRef="true">string</attributeType>
		</attribute>
		<attribute>
			<name>queue_title</name>
			<attributeType isRef="true">string</attributeType>
			<default>default</default>
		</attribute>
		<attribute>
			<name>customized</name>
			<attributeType isRef="true">ClarifyAdapter30/schema/sequence[opObject]</attributeType>
		</attribute>
	</class>
	<class xmlns="http://www.tibco.com/namespaces/AESchema" name="create_demand_hdr" family="ae" globalName="ClarifyAdapter30/schema/create_demand_hdr">
		<attribute>
			<name>site_id</name>
			<attributeType isRef="true">string</attributeType>
		</attribute>
		<attribute>
			<name>priority</name>
			<attributeType isRef="true">string</attributeType>
			<default>Please Specify</default>
		</attribute>
		<attribute>
			<name>pay_method</name>
			<attributeType isRef="true">string</attributeType>
			<default>Please Specify</default>
		</attribute>
		<attribute>
			<name>pay_term</name>
			<attributeType isRef="true">string</attributeType>
			<default>Please Specify</default>
		</attribute>
		<attribute>
			<name>customized</name>
			<attributeType isRef="true">ClarifyAdapter30/schema/sequence[opObject]</attributeType>
		</attribute>
	</class>
	<class xmlns="http://www.tibco.com/namespaces/AESchema" name="create_subcase" family="ae" globalName="ClarifyAdapter30/schema/create_subcase">
		<attribute>
			<name>case_id</name>
			<attributeType isRef="true">string</attributeType>
		</attribute>
		<attribute>
			<name>title</name>
			<attributeType isRef="true">string</attributeType>
		</attribute>
		<attribute>
			<name>num_of_days</name>
			<attributeType isRef="true">i8</attributeType>
		</attribute>
		<attribute>
			<name>num_of_hours</name>
			<attributeType isRef="true">i8</attributeType>
		</attribute>
		<attribute>
			<name>queue_title</name>
			<attributeType isRef="true">string</attributeType>
			<default>default</default>
		</attribute>
		<attribute>
			<name>customized</name>
			<attributeType isRef="true">ClarifyAdapter30/schema/sequence[opObject]</attributeType>
		</attribute>
	</class>
	<class xmlns="http://www.tibco.com/namespaces/AESchema" name="field" family="ae" globalName="ClarifyAdapter30/schema/field">
		<attribute>
			<name>name</name>
			<attributeType isRef="true">string</attributeType>
		</attribute>
		<attribute>
			<name>value</name>
			<attributeType isRef="true">any</attributeType>
		</attribute>
	</class>
	<class xmlns="http://www.tibco.com/namespaces/AESchema" name="incomingEvent" family="ae" globalName="ClarifyAdapter30/schema/incomingEvent">
		<attribute>
			<name>schema</name>
			<attributeType isRef="true">any</attributeType>
		</attribute>
		<attribute>
			<name>name</name>
			<attributeType isRef="true">string</attributeType>
		</attribute>
	</class>
	<class xmlns="http://www.tibco.com/namespaces/AESchema" name="map_entry" family="ae" globalName="ClarifyAdapter30/schema/map_entry">
		<attribute>
			<name>entry_name</name>
			<attributeType isRef="true">string</attributeType>
		</attribute>
		<attribute>
			<name>object_name</name>
			<attributeType isRef="true">string</attributeType>
		</attribute>
		<attribute>
			<name>relation_name</name>
			<attributeType isRef="true">string</attributeType>
		</attribute>
		<attribute>
			<name>conds</name>
			<attributeType isRef="true">ClarifyAdapter30/schema/sequence[condition]</attributeType>
		</attribute>
		<attribute>
			<name>orders</name>
			<attributeType isRef="true">ClarifyAdapter30/schema/sequence[order]</attributeType>
		</attribute>
		<attribute>
			<name>parent_entry</name>
			<attributeType isRef="true">string</attributeType>
		</attribute>
	</class>
	<class xmlns="http://www.tibco.com/namespaces/AESchema" name="opObject" family="ae" globalName="ClarifyAdapter30/schema/opObject">
		<attribute>
			<name>op_type</name>
			<attributeType isRef="true">string</attributeType>
		</attribute>
		<attribute>
			<name>identifier</name>
			<attributeType isRef="true">string</attributeType>
		</attribute>
		<attribute>
			<name>name</name>
			<attributeType isRef="true">string</attributeType>
		</attribute>
		<attribute>
			<name>fields</name>
			<attributeType isRef="true">ClarifyAdapter30/schema/sequence[field]</attributeType>
		</attribute>
		<attribute>
			<name>ref_relations</name>
			<attributeType isRef="true">ClarifyAdapter30/schema/sequence[relation]</attributeType>
		</attribute>
		<attribute>
			<name>keys</name>
			<attributeType isRef="true">ClarifyAdapter30/schema/sequence[condition]</attributeType>
		</attribute>
		<attribute>
			<name>trav_relation</name>
			<attributeType isRef="true">ClarifyAdapter30/schema/relation</attributeType>
		</attribute>
	</class>
	<class xmlns="http://www.tibco.com/namespaces/AESchema" name="order" family="ae" globalName="ClarifyAdapter30/schema/order">
		<attribute>
			<name>field_name</name>
			<attributeType isRef="true">string</attributeType>
		</attribute>
		<attribute>
			<name>desc</name>
			<attributeType isRef="true">boolean</attributeType>
			<default>false</default>
		</attribute>
	</class>
	<class xmlns="http://www.tibco.com/namespaces/AESchema" name="query" family="ae" globalName="ClarifyAdapter30/schema/query">
		<operation>
			<name>query</name>
			<returnType isRef="true">void</returnType>
			<parameter>
				<name>map</name>
				<parameterType isRef="true">ClarifyAdapter30/schema/sequence[map_entry]</parameterType>
				<direction>in</direction>
			</parameter>
			<parameter>
				<name>result</name>
				<parameterType isRef="true">ClarifyAdapter30/schema/sequence[result_col]</parameterType>
				<direction>inout</direction>
			</parameter>
			<raises>
				<name>RPC_SERVER_EXCEPTION</name>
				<raisesType isRef="true">string</raisesType>
			</raises>
		</operation>
	</class>
	<class xmlns="http://www.tibco.com/namespaces/AESchema" name="relation" family="ae" globalName="ClarifyAdapter30/schema/relation">
		<attribute>
			<name>name</name>
			<attributeType isRef="true">string</attributeType>
		</attribute>
		<attribute>
			<name>parent_identifier</name>
			<attributeType isRef="true">string</attributeType>
		</attribute>
	</class>
	<class xmlns="http://www.tibco.com/namespaces/AESchema" name="result_col" family="ae" globalName="ClarifyAdapter30/schema/result_col">
		<attribute>
			<name>entry_name</name>
			<attributeType isRef="true">string</attributeType>
		</attribute>
		<attribute>
			<name>object_name</name>
			<attributeType isRef="true">string</attributeType>
		</attribute>
		<attribute>
			<name>fieldList</name>
			<attributeType isRef="true">sequence[string]</attributeType>
		</attribute>
		<attribute>
			<name>result</name>
			<attributeType isRef="true">sequence[any]</attributeType>
		</attribute>
	</class>
	<class xmlns="http://www.tibco.com/namespaces/AESchema" name="transactionalOp" family="ae" globalName="ClarifyAdapter30/schema/transactionalOp">
		<operation>
			<name>transactionalOp</name>
			<returnType isRef="true">boolean</returnType>
			<parameter>
				<name>opObjects</name>
				<parameterType isRef="true">ClarifyAdapter30/schema/sequence[opObject]</parameterType>
				<direction>in</direction>
			</parameter>
			<raises>
				<name>RPC_SERVER_EXCEPTION</name>
				<raisesType isRef="true">string</raisesType>
			</raises>
		</operation>
	</class>
	<class xmlns="http://www.tibco.com/namespaces/AESchema" name="workflow" family="ae" globalName="ClarifyAdapter30/schema/workflow">
		<operation>
			<name>create_demand_hdr</name>
			<returnType isRef="true">string</returnType>
			<parameter>
				<name>site_id</name>
				<parameterType isRef="true">string</parameterType>
				<direction>in</direction>
			</parameter>
			<parameter>
				<name>priority</name>
				<parameterType isRef="true">string</parameterType>
				<direction>in</direction>
				<default>Please Specify</default>
			</parameter>
			<parameter>
				<name>pay_method</name>
				<parameterType isRef="true">string</parameterType>
				<direction>in</direction>
				<default>Please Specify</default>
			</parameter>
			<parameter>
				<name>pay_term</name>
				<parameterType isRef="true">string</parameterType>
				<direction>in</direction>
				<default>Please Specify</default>
			</parameter>
			<raises>
				<name>RPC_SERVER_EXCEPTION</name>
				<raisesType isRef="true">string</raisesType>
			</raises>
		</operation>
		<operation>
			<name>dispatch_demand_dtl</name>
			<returnType isRef="true">boolean</returnType>
			<parameter>
				<name>detail_number</name>
				<parameterType isRef="true">string</parameterType>
				<direction>in</direction>
			</parameter>
			<parameter>
				<name>queue_title</name>
				<parameterType isRef="true">string</parameterType>
				<direction>in</direction>
			</parameter>
			<raises>
				<name>RPC_SERVER_EXCEPTION</name>
				<raisesType isRef="true">string</raisesType>
			</raises>
		</operation>
		<operation>
			<name>dispatch_probdesc</name>
			<returnType isRef="true">boolean</returnType>
			<parameter>
				<name>id_number</name>
				<parameterType isRef="true">string</parameterType>
				<direction>in</direction>
			</parameter>
			<parameter>
				<name>queue_title</name>
				<parameterType isRef="true">string</parameterType>
				<direction>in</direction>
			</parameter>
			<raises>
				<name>RPC_SERVER_EXCEPTION</name>
				<raisesType isRef="true">string</raisesType>
			</raises>
		</operation>
		<operation>
			<name>close_case</name>
			<returnType isRef="true">boolean</returnType>
			<parameter>
				<name>id_number</name>
				<parameterType isRef="true">string</parameterType>
				<direction>in</direction>
			</parameter>
			<raises>
				<name>RPC_SERVER_EXCEPTION</name>
				<raisesType isRef="true">string</raisesType>
			</raises>
		</operation>
		<operation>
			<name>create_demand_dtl</name>
			<returnType isRef="true">sequence[string]</returnType>
			<parameter>
				<name>is_site_part</name>
				<parameterType isRef="true">boolean</parameterType>
				<direction>in</direction>
			</parameter>
			<parameter>
				<name>header_id</name>
				<parameterType isRef="true">string</parameterType>
				<direction>in</direction>
			</parameter>
			<parameter>
				<name>bin_name</name>
				<parameterType isRef="true">string</parameterType>
				<direction>in</direction>
			</parameter>
			<parameter>
				<name>part_num</name>
				<parameterType isRef="true">string</parameterType>
				<direction>in</direction>
			</parameter>
			<parameter>
				<name>mod_level</name>
				<parameterType isRef="true">string</parameterType>
				<direction>in</direction>
			</parameter>
			<parameter>
				<name>serial_no</name>
				<parameterType isRef="true">string</parameterType>
				<direction>in</direction>
			</parameter>
			<parameter>
				<name>request_type</name>
				<parameterType isRef="true">string</parameterType>
				<direction>in</direction>
				<default>Please Specify</default>
			</parameter>
			<parameter>
				<name>priority</name>
				<parameterType isRef="true">string</parameterType>
				<direction>in</direction>
				<default>Please Specify</default>
			</parameter>
			<parameter>
				<name>po_number</name>
				<parameterType isRef="true">string</parameterType>
				<direction>in</direction>
			</parameter>
			<parameter>
				<name>ship_via</name>
				<parameterType isRef="true">string</parameterType>
				<direction>in</direction>
				<default>Please Specify</default>
			</parameter>
			<parameter>
				<name>detail_notes</name>
				<parameterType isRef="true">string</parameterType>
				<direction>in</direction>
			</parameter>
			<parameter>
				<name>queue_title</name>
				<parameterType isRef="true">string</parameterType>
				<direction>in</direction>
				<default>default</default>
			</parameter>
			<raises>
				<name>RPC_SERVER_EXCEPTION</name>
				<raisesType isRef="true">string</raisesType>
			</raises>
		</operation>
		<operation>
			<name>dispatch_bug</name>
			<returnType isRef="true">boolean</returnType>
			<parameter>
				<name>id_number</name>
				<parameterType isRef="true">string</parameterType>
				<direction>in</direction>
			</parameter>
			<parameter>
				<name>queue_title</name>
				<parameterType isRef="true">string</parameterType>
				<direction>in</direction>
			</parameter>
			<raises>
				<name>RPC_SERVER_EXCEPTION</name>
				<raisesType isRef="true">string</raisesType>
			</raises>
		</operation>
		<operation>
			<name>dispatch_case</name>
			<returnType isRef="true">boolean</returnType>
			<parameter>
				<name>id_number</name>
				<parameterType isRef="true">string</parameterType>
				<direction>in</direction>
			</parameter>
			<parameter>
				<name>queue_title</name>
				<parameterType isRef="true">string</parameterType>
				<direction>in</direction>
			</parameter>
			<raises>
				<name>RPC_SERVER_EXCEPTION</name>
				<raisesType isRef="true">string</raisesType>
			</raises>
		</operation>
		<operation>
			<name>dispatch_subcase</name>
			<returnType isRef="true">boolean</returnType>
			<parameter>
				<name>id_number</name>
				<parameterType isRef="true">string</parameterType>
				<direction>in</direction>
			</parameter>
			<parameter>
				<name>queue_title</name>
				<parameterType isRef="true">string</parameterType>
				<direction>in</direction>
			</parameter>
			<raises>
				<name>RPC_SERVER_EXCEPTION</name>
				<raisesType isRef="true">string</raisesType>
			</raises>
		</operation>
		<operation>
			<name>create_case</name>
			<returnType isRef="true">string</returnType>
			<parameter>
				<name>call_type</name>
				<parameterType isRef="true">string</parameterType>
				<direction>in</direction>
				<default>Problem</default>
			</parameter>
			<parameter>
				<name>response_priority</name>
				<parameterType isRef="true">string</parameterType>
				<direction>in</direction>
				<default>Medium</default>
			</parameter>
			<parameter>
				<name>response_severity</name>
				<parameterType isRef="true">string</parameterType>
				<direction>in</direction>
				<default>Medium</default>
			</parameter>
			<parameter>
				<name>serial_no</name>
				<parameterType isRef="true">string</parameterType>
				<direction>in</direction>
			</parameter>
			<parameter>
				<name>site_id</name>
				<parameterType isRef="true">string</parameterType>
				<direction>in</direction>
			</parameter>
			<parameter>
				<name>contact_first_name</name>
				<parameterType isRef="true">string</parameterType>
				<direction>in</direction>
			</parameter>
			<parameter>
				<name>contact_last_name</name>
				<parameterType isRef="true">string</parameterType>
				<direction>in</direction>
			</parameter>
			<parameter>
				<name>contact_phone</name>
				<parameterType isRef="true">string</parameterType>
				<direction>in</direction>
			</parameter>
			<parameter>
				<name>contract_id</name>
				<parameterType isRef="true">string</parameterType>
				<direction>in</direction>
			</parameter>
			<parameter>
				<name>title</name>
				<parameterType isRef="true">string</parameterType>
				<direction>in</direction>
			</parameter>
			<parameter>
				<name>history</name>
				<parameterType isRef="true">string</parameterType>
				<direction>in</direction>
			</parameter>
			<parameter>
				<name>queue_title</name>
				<parameterType isRef="true">string</parameterType>
				<direction>in</direction>
				<default>default</default>
			</parameter>
			<raises>
				<name>RPC_SERVER_EXCEPTION</name>
				<raisesType isRef="true">string</raisesType>
			</raises>
		</operation>
		<operation>
			<name>close_subcase</name>
			<returnType isRef="true">boolean</returnType>
			<parameter>
				<name>id_number</name>
				<parameterType isRef="true">string</parameterType>
				<direction>in</direction>
			</parameter>
			<raises>
				<name>RPC_SERVER_EXCEPTION</name>
				<raisesType isRef="true">string</raisesType>
			</raises>
		</operation>
		<operation>
			<name>log_bug</name>
			<returnType isRef="true">boolean</returnType>
			<parameter>
				<name>id_number</name>
				<parameterType isRef="true">string</parameterType>
				<direction>in</direction>
			</parameter>
			<parameter>
				<name>note</name>
				<parameterType isRef="true">string</parameterType>
				<direction>in</direction>
			</parameter>
			<raises>
				<name>RPC_SERVER_EXCEPTION</name>
				<raisesType isRef="true">string</raisesType>
			</raises>
		</operation>
		<operation>
			<name>create_subcase</name>
			<returnType isRef="true">string</returnType>
			<parameter>
				<name>case_id</name>
				<parameterType isRef="true">string</parameterType>
				<direction>in</direction>
			</parameter>
			<parameter>
				<name>title</name>
				<parameterType isRef="true">string</parameterType>
				<direction>in</direction>
			</parameter>
			<parameter>
				<name>num_of_days</name>
				<parameterType isRef="true">i8</parameterType>
				<direction>in</direction>
			</parameter>
			<parameter>
				<name>num_of_hours</name>
				<parameterType isRef="true">i8</parameterType>
				<direction>in</direction>
			</parameter>
			<parameter>
				<name>queue_title</name>
				<parameterType isRef="true">string</parameterType>
				<direction>in</direction>
				<default>default</default>
			</parameter>
			<raises>
				<name>RPC_SERVER_EXCEPTION</name>
				<raisesType isRef="true">string</raisesType>
			</raises>
		</operation>
		<operation>
			<name>log_case</name>
			<returnType isRef="true">boolean</returnType>
			<parameter>
				<name>id_number</name>
				<parameterType isRef="true">string</parameterType>
				<direction>in</direction>
			</parameter>
			<parameter>
				<name>note</name>
				<parameterType isRef="true">string</parameterType>
				<direction>in</direction>
			</parameter>
			<raises>
				<name>RPC_SERVER_EXCEPTION</name>
				<raisesType isRef="true">string</raisesType>
			</raises>
		</operation>
		<operation>
			<name>change_subcase</name>
			<returnType isRef="true">boolean</returnType>
			<parameter>
				<name>id_number</name>
				<parameterType isRef="true">string</parameterType>
				<direction>in</direction>
			</parameter>
			<parameter>
				<name>status</name>
				<parameterType isRef="true">string</parameterType>
				<direction>in</direction>
			</parameter>
			<raises>
				<name>RPC_SERVER_EXCEPTION</name>
				<raisesType isRef="true">string</raisesType>
			</raises>
		</operation>
		<operation>
			<name>log_subcase</name>
			<returnType isRef="true">boolean</returnType>
			<parameter>
				<name>id_number</name>
				<parameterType isRef="true">string</parameterType>
				<direction>in</direction>
			</parameter>
			<parameter>
				<name>note</name>
				<parameterType isRef="true">string</parameterType>
				<direction>in</direction>
			</parameter>
			<raises>
				<name>RPC_SERVER_EXCEPTION</name>
				<raisesType isRef="true">string</raisesType>
			</raises>
		</operation>
		<operation>
			<name>change_case</name>
			<returnType isRef="true">boolean</returnType>
			<parameter>
				<name>id_number</name>
				<parameterType isRef="true">string</parameterType>
				<direction>in</direction>
			</parameter>
			<parameter>
				<name>status</name>
				<parameterType isRef="true">string</parameterType>
				<direction>in</direction>
			</parameter>
			<raises>
				<name>RPC_SERVER_EXCEPTION</name>
				<raisesType isRef="true">string</raisesType>
			</raises>
		</operation>
	</class>
	<class xmlns="http://www.tibco.com/namespaces/AESchema" name="Dual" family="ae" globalName="ClarifyAdapter30/schema/Dual">
		<attribute>
			<name>unionClass</name>
			<attributeType isRef="true" type="union">ClarifyAdapter30/schema/UnionClass</attributeType>
		</attribute>
	</class>
	<sequence xmlns="http://www.tibco.com/namespaces/AESchema" name="sequence[string]" family="ae" globalName="sequence[string]">
		<maxLength>0</maxLength>
		<elementType isRef="true">string</elementType>
	</sequence>
	<sequence xmlns="http://www.tibco.com/namespaces/AESchema" name="sequence[condition]" family="ae" globalName="ClarifyAdapter30/schema/sequence[condition]">
		<maxLength>0</maxLength>
		<elementType isRef="true">ClarifyAdapter30/schema/condition</elementType>
	</sequence>
	<sequence xmlns="http://www.tibco.com/namespaces/AESchema" name="sequence[field]" family="ae" globalName="ClarifyAdapter30/schema/sequence[field]">
		<maxLength>0</maxLength>
		<elementType isRef="true">ClarifyAdapter30/schema/field</elementType>
	</sequence>
	<sequence xmlns="http://www.tibco.com/namespaces/AESchema" name="sequence[relation]" family="ae" globalName="ClarifyAdapter30/schema/sequence[relation]">
		<maxLength>0</maxLength>
		<elementType isRef="true">ClarifyAdapter30/schema/relation</elementType>
	</sequence>
	<sequence xmlns="http://www.tibco.com/namespaces/AESchema" name="sequence[any]" family="ae" globalName="sequence[any]">
		<maxLength>0</maxLength>
		<elementType isRef="true">any</elementType>
	</sequence>
	<sequence xmlns="http://www.tibco.com/namespaces/AESchema" name="sequence[map_entry]" family="ae" globalName="ClarifyAdapter30/schema/sequence[map_entry]">
		<maxLength>0</maxLength>
		<elementType isRef="true">ClarifyAdapter30/schema/map_entry</elementType>
	</sequence>
	<sequence xmlns="http://www.tibco.com/namespaces/AESchema" name="sequence[opObject]" family="ae" globalName="ClarifyAdapter30/schema/sequence[opObject]">
		<maxLength>0</maxLength>
		<elementType isRef="true">ClarifyAdapter30/schema/opObject</elementType>
	</sequence>
	<sequence xmlns="http://www.tibco.com/namespaces/AESchema" name="sequence[result_col]" family="ae" globalName="ClarifyAdapter30/schema/sequence[result_col]">
		<maxLength>0</maxLength>
		<elementType isRef="true">ClarifyAdapter30/schema/result_col</elementType>
	</sequence>
	<sequence xmlns="http://www.tibco.com/namespaces/AESchema" name="sequence[order]" family="ae" globalName="ClarifyAdapter30/schema/sequence[order]">
		<maxLength>0</maxLength>
		<elementType isRef="true">ClarifyAdapter30/schema/order</elementType>
	</sequence>
	<association xmlns="http://www.tibco.com/namespaces/AESchema" name="one" family="ae" globalName="ClarifyAdapter30/schema/sampleAssociation">
		<endpoint>
			<roleName>rolepp1</roleName>
			<endpointType>REFERENCE</endpointType>
			<endpointClass isRef="true">ClarifyAdapter30/schema/order</endpointClass>
			<minMultiplicity>1</minMultiplicity>
			<maxMultiplicity>1</maxMultiplicity>
			<isNavigable>true</isNavigable>
			<keyField>day</keyField>
		</endpoint>
		<endpoint>
			<roleName>rolec1</roleName>
			<endpointType>REFERENCE</endpointType>
			<endpointClass isRef="true">ClarifyAdapter30/schema/relation</endpointClass>
			<minMultiplicity>1</minMultiplicity>
			<maxMultiplicity>-1</maxMultiplicity>
			<isNavigable>true</isNavigable>
			<keyField>day</keyField>
		</endpoint>
	</association>
	<union xmlns="http://www.tibco.com/namespaces/AESchema" name="UnionClass" family="ae" globalName="ClarifyAdapter30/schema/UnionClass">
		<unionMember>
			<name>member2</name>
			<memberType isRef="true">ClarifyAdapter30/schema/relation</memberType>
		</unionMember>
		<unionMember>
			<name>member1</name>
			<memberType isRef="true">ClarifyAdapter30/schema/order</memberType>
			<extendedProperties>
				<helper-type>Order</helper-type>
			</extendedProperties>
		</unionMember>
		<extendedProperties>
			<helper>OrderOrLine</helper>
		</extendedProperties>
	</union>
</repository>
