<?xml version="1.0" encoding="UTF-8" standalone="no"?>
<installcomponents>
    <assemblyProperties displayName="TIBCO Rendezvous Runtime"/>
    <wizardAction class="com.tibco.installer.wizard.action.TIBCOWindowsRegGetKeyValueWizardAction" sequence="post-selection">
        <property hive="HKEY_LOCAL_MACHINE"/>
        <property key="SYSTEM\CurrentControlSet\Control\Session Manager\Environment"/>
        <property valueName="Path"/>
        <property variableToSet="my.path"/>
    </wizardAction>
    <wizardAction class="com.tibco.installer.wizard.action.TIBCOWindowsRegGetKeyValueWizardAction" sequence="post-selection">
        <property hive="HKEY_LOCAL_MACHINE"/>
        <property key="SYSTEM\CurrentControlSet\Control\Session Manager\Environment"/>
        <property valueName="CLASSPATH"/>
        <property variableToSet="my.classpath"/>
    </wizardAction>
    <wizardAction class="com.tibco.installer.wizard.action.TIBCORunExternalClassWizardAction" sequence="post-selection">
        <condition class="com.tibco.installer.wizard.condition.TIBCOCheckPlatformWizardCondition">
            <property mustBeMet="true"/>
            <property platform="windows"/>
        </condition>
        <property jarFile="rv_runtime.jar"/>
        <property classname="com.tibco.installer.product.rv_runtime.TIBCOCheckRVPathLimitExceededWizardAction"/>
    </wizardAction>
    <wizardAction class="com.tibco.installer.wizard.action.TIBCORunExternalClassWizardAction" sequence="post-selection">
        <condition class="com.tibco.installer.wizard.condition.TIBCOCheckPlatformWizardCondition">
            <property mustBeMet="true"/>
            <property platform="windows"/>
        </condition>
        <property jarFile="rv_runtime.jar"/>
        <property classname="com.tibco.installer.product.rv_runtime.TIBCORVCheckLockedFilesWizardAction"/>
    </wizardAction>
    <wizardAction class="com.tibco.installer.wizard.action.TIBCORVDependencyFailureWizardAction" sequence="post-selection">
        <condition class="com.tibco.installer.wizard.condition.TIBCOCheckPlatformWizardCondition">
            <property mustBeMet="true"/>
            <property platform="windows"/>
        </condition>
        <condition class="com.tibco.installer.wizard.condition.TIBCOStringComparisonWizardCondition">
            <property mustBeMet="true"/>
            <property stringToEvaluate="${V_fileislocked}"/>
            <property stringToCompareAgainst="true"/>
            <property caseSensitive="true"/>
        </condition>
    </wizardAction>
    <wizardAction class="com.tibco.installer.wizard.action.TIBCORunExternalClassWizardAction" sequence="install">
        <condition class="com.tibco.installer.wizard.condition.TIBCOCheckPlatformWizardCondition">
            <property mustBeMet="true"/>
            <property platform="windows"/>
        </condition>
        <property jarFile="rv_runtime.jar"/>
        <property classname="com.tibco.installer.product.rv_runtime.TIBCORVSetCorrectPaths"/>
    </wizardAction>
    <wizardAction class="com.tibco.installer.wizard.action.TIBCOWindowsRegSetKeyValueWizardAction" sequence="install">
        <property hive="HKEY_LOCAL_MACHINE"/>
        <property key="SYSTEM\CurrentControlSet\Control\Session Manager\Environment"/>
        <property valueName="Path"/>
        <property value="${my.path}"/>
        <property type="REG_EXPAND_SZ"/>
    </wizardAction>
    <wizardAction class="com.tibco.installer.wizard.action.TIBCOWindowsRegSetKeyValueWizardAction" sequence="install">
        <property hive="HKEY_LOCAL_MACHINE"/>
        <property key="SYSTEM\CurrentControlSet\Control\Session Manager\Environment"/>
        <property valueName="CLASSPATH"/>
        <property value="${my.classpath}"/>
        <property type="REG_EXPAND_SZ"/>
    </wizardAction>
    <wizardAction class="com.tibco.installer.wizard.action.TIBCOExecuteProcessWizardAction" sequence="install">
        <condition class="com.tibco.installer.wizard.condition.TIBCOCheckPlatformWizardCondition">
            <property mustBeMet="true"/>
            <property platform="windows"/>
        </condition>
        <property command="net"/>
        <property arguments="stop, &quot;TIB/Rendezvous Communications Daemon&quot;"/>
        <property workingDir="c:/"/>
        <property waitForCompletion="true"/>
        <property showProgress="true"/>
        <property description="Stopping Service TIB/Rendezvous Communications Daemon..."/>
    </wizardAction>
    <wizardAction class="com.tibco.installer.wizard.action.TIBCOExecuteProcessWizardAction" sequence="post-install">
        <condition class="com.tibco.installer.wizard.condition.TIBCOCheckPlatformWizardCondition">
            <property mustBeMet="true"/>
            <property platform="windows"/>
        </condition>
        <property command="${tibco.home}/tools/PersistEnvVars.exe"/>
        <property workingDir="c:/"/>
        <property waitForCompletion="true"/>
        <property showProgress="true"/>
        <property description="Updating Environment Variables Path and Classpath..."/>
    </wizardAction>
    <wizardAction class="com.tibco.installer.wizard.action.TIBCOWindowsRegCreateKeyWizardAction" sequence="post-install">
        <condition class="com.tibco.installer.wizard.condition.TIBCOWindowsRegKeyExistsWizardCondition">
            <property mustBeMet="false"/>
            <property hive="HKEY_LOCAL_MACHINE"/>
            <property key="SOFTWARE\\MicroSoft\\Windows\\CurrentVersion\\App Paths\\rvd.exe"/>
        </condition>
        <property hive="HKEY_LOCAL_MACHINE"/>
        <property parent="SOFTWARE"/>
        <property key="Microsoft\\Windows\\CurrentVersion\\App Paths\\rvd.exe"/>
    </wizardAction>
    <wizardAction class="com.tibco.installer.wizard.action.TIBCOWindowsRegSetKeyValueWizardAction" sequence="post-install">
        <property hive="HKEY_LOCAL_MACHINE"/>
        <property key="SOFTWARE\\MicroSoft\\Windows\\CurrentVersion\\App Paths\\rvd.exe"/>
        <property valueName=""/>
        <property value="${rv.home}\bin\rvd.exe"/>
        <property type="REG_SZ"/>
    </wizardAction>
    <wizardAction class="com.tibco.installer.wizard.action.TIBCOWindowsRegSetKeyValueWizardAction" sequence="post-install">
        <property hive="HKEY_LOCAL_MACHINE"/>
        <property key="SOFTWARE\\MicroSoft\\Windows\\CurrentVersion\\App Paths\\rvd.exe"/>
        <property valueName="Path"/>
        <property value="${rv.home}\bin"/>
        <property type="REG_SZ"/>
    </wizardAction>
    <wizardAction class="com.tibco.installer.wizard.action.TIBCORunExternalClassWizardAction" sequence="post-install">
        <property jarFile="rv_runtime.jar"/>
        <property classname="com.tibco.installer.product.rv_runtime.TIBCORVCheckPGMFilesExistWizardAction"/>
    </wizardAction>
    <wizardAction class="com.tibco.installer.wizard.action.TIBCORVProtocolSelectionPanelWizardAction" sequence="post-install">
        <condition class="com.tibco.installer.wizard.condition.TIBCOStringComparisonWizardCondition">
            <property mustBeMet="true"/>
            <property stringToEvaluate="${pgmrvdExists}"/>
            <property stringToCompareAgainst="true"/>
            <property caseSensitive="true"/>
        </condition>
    </wizardAction>
    <wizardAction class="com.tibco.installer.wizard.action.TIBCORunExternalClassWizardAction" sequence="post-install">
        <property jarFile="rv_runtime.jar"/>
        <property classname="com.tibco.installer.product.rv_runtime.TIBCORVProtocolPostTasks"/>
    </wizardAction>
    <wizardAction class="com.tibco.installer.wizard.action.TIBCORVSetUIDWizardAction" sequence="post-install"/>
    <wizardAction class="com.tibco.installer.wizard.action.TIBCOExecuteProcessWizardAction" sequence="post-install">
        <condition class="com.tibco.installer.wizard.condition.TIBCOCheckPlatformWizardCondition">
            <property mustBeMet="true"/>
            <property platform="windows"/>
        </condition>
        <property command="${rv.home}/bin/rvntsreg.exe"/>
        <property arguments="/i, rvd, $E{SystemRoot}, &quot;${rv.home}/bin&quot;"/>
        <property workingDir="c:/"/>
        <property waitForCompletion="true"/>
        <property showProgress="true"/>
        <property description="Registering RVD Daemon..."/>
    </wizardAction>
    <wizardAction class="com.tibco.installer.wizard.action.TIBCORVUnixSummaryWizardAction" sequence="post-install"/>
    <wizardAction class="com.tibco.installer.wizard.action.TIBCOExecuteProcessWizardAction" sequence="pre-uninstall">
        <condition class="com.tibco.installer.wizard.condition.TIBCOCheckPlatformWizardCondition">
            <property mustBeMet="true"/>
            <property platform="windows"/>
        </condition>
        <property command="net"/>
        <property arguments="stop, &quot;TIB/Rendezvous Communications Daemon&quot;"/>
        <property workingDir="c:/"/>
        <property waitForCompletion="true"/>
        <property showProgress="true"/>
        <property description="Stopping Service TIB/Rendezvous Communications Daemon..."/>
    </wizardAction>
    <wizardAction class="com.tibco.installer.wizard.action.TIBCOWindowsRegGetKeyValueWizardAction" sequence="uninstall">
        <property hive="HKEY_LOCAL_MACHINE"/>
        <property key="SYSTEM\CurrentControlSet\Control\Session Manager\Environment"/>
        <property valueName="Path"/>
        <property variableToSet="my.path"/>
    </wizardAction>
    <wizardAction class="com.tibco.installer.wizard.action.TIBCOWindowsRegGetKeyValueWizardAction" sequence="uninstall">
        <property hive="HKEY_LOCAL_MACHINE"/>
        <property key="SYSTEM\CurrentControlSet\Control\Session Manager\Environment"/>
        <property valueName="CLASSPATH"/>
        <property variableToSet="my.classpath"/>
    </wizardAction>
    <wizardAction class="com.tibco.installer.wizard.action.TIBCORunExternalClassWizardAction" sequence="uninstall">
        <condition class="com.tibco.installer.wizard.condition.TIBCOCheckPlatformWizardCondition">
            <property mustBeMet="true"/>
            <property platform="windows"/>
        </condition>
        <property jarFile="rv_runtime.jar"/>
        <property classname="com.tibco.installer.product.rv_runtime.TIBCORVUpdatePaths"/>
    </wizardAction>
    <wizardAction class="com.tibco.installer.wizard.action.TIBCOWindowsRegSetKeyValueWizardAction" sequence="uninstall">
        <property hive="HKEY_LOCAL_MACHINE"/>
        <property key="SYSTEM\CurrentControlSet\Control\Session Manager\Environment"/>
        <property valueName="Path"/>
        <property value="${my.path}"/>
        <property type="REG_EXPAND_SZ"/>
    </wizardAction>
    <wizardAction class="com.tibco.installer.wizard.action.TIBCOWindowsRegSetKeyValueWizardAction" sequence="uninstall">
        <property hive="HKEY_LOCAL_MACHINE"/>
        <property key="SYSTEM\CurrentControlSet\Control\Session Manager\Environment"/>
        <property valueName="CLASSPATH"/>
        <property value="${my.classpath}"/>
        <property type="REG_EXPAND_SZ"/>
    </wizardAction>
    <wizardAction class="com.tibco.installer.wizard.action.TIBCOWindowsRegDeleteKeyWizardAction" sequence="uninstall">
        <property hive="HKEY_LOCAL_MACHINE"/>
        <property parent="SOFTWARE"/>
        <property key="MicroSoft\\Windows\\CurrentVersion\\App Paths\\rvd.exe"/>
    </wizardAction>
    <wizardAction class="com.tibco.installer.wizard.action.TIBCOExecuteProcessWizardAction" sequence="uninstall">
        <condition class="com.tibco.installer.wizard.condition.TIBCOCheckPlatformWizardCondition">
            <property mustBeMet="true"/>
            <property platform="windows"/>
        </condition>
        <property command="${tibco.home}/tools/PersistEnvVars.exe"/>
        <property workingDir="c:/"/>
        <property waitForCompletion="true"/>
        <property showProgress="true"/>
        <property description="Updating Environment Variables Path and Classpath..."/>
    </wizardAction>
    <installcomponent buildType="formal" currenttimestamp="02-14-2014-12-11-PM" prefix="product_tibco" sizeinbytes="5432732" uid="rv_runtime" version="8.4.2.006">
        <file loc="bin/iniftst.exe" md5sum="f2fd1f61253dd707e53445ce2c3947a5" perm="555" sizeinbytes="246064" timestamp="1392157970000"/>
        <file loc="bin/tibrvcfg.bat" md5sum="563ce00917828a0885f3bc392c8cd0b2" perm="555" sizeinbytes="2112" timestamp="1392152373000"/>
        <file loc="bin/tibrvsend.exe" md5sum="5d51b21e94156b0860ef39a73790b75e" perm="555" sizeinbytes="402224" timestamp="1392158040000"/>
        <file loc="bin/rvntsreg.exe" md5sum="e1a0e18537a3f455ca677d9180b68efb" perm="555" sizeinbytes="76592" timestamp="1392157970000"/>
        <file loc="bin/tibrvlisten.exe" md5sum="f42cdbab0fa5497fb19b09bbaffc55bd" perm="555" sizeinbytes="405808" timestamp="1392158040000"/>
        <file loc="bin/rvntscfg.exe" md5sum="dd9666a1b37464e40dd5f46351fb86df" perm="555" sizeinbytes="85296" timestamp="1392157971000"/>
        <file loc="bin/rvlat.exe" md5sum="22120e56e75153b3473e808cb39b0907" perm="555" sizeinbytes="544048" timestamp="1392158032000"/>
        <file loc="bin/rvperfs.exe" md5sum="e90cb1a8846547e5f4a5e8a90cfc77f2" perm="555" sizeinbytes="537392" timestamp="1392158027000"/>
        <file loc="bin/rvrad.exe" md5sum="72f99ec0f3cd8e43a3cac840546b47fe" perm="555" sizeinbytes="627504" timestamp="1392158038000"/>
        <file loc="bin/rva.exe" md5sum="a3d677bffadfb9bddbb9201f0ec1eab1" perm="555" sizeinbytes="1122608" timestamp="1392158018000"/>
        <file loc="bin/rvlat.jar" md5sum="17daf445d6998ff8c059d055b442644b" perm="444" sizeinbytes="18933" timestamp="1392152361000"/>
        <file loc="bin/rvperfm.exe" md5sum="9118fe1779bfbd22109fd52bbb637b7b" perm="555" sizeinbytes="544048" timestamp="1392158028000"/>
        <file loc="bin/tibrvtkt.smp" md5sum="cb0718a52ff2cdec0ea1c9e14805bead" perm="444" sizeinbytes="836" timestamp="1392151812000"/>
        <file loc="bin/rvntsctl.exe" md5sum="47fd0cee984d8838e5e73c24262eb38f" perm="555" sizeinbytes="86320" timestamp="1392157971000"/>
        <file loc="mibs/TIBCO-MIB.txt" md5sum="c2def33006473bcfb32d15a517d32495" perm="444" sizeinbytes="1882" timestamp="1392152518000"/>
        <file loc="mibs/TIBCO-RVTRACE-MIB.txt" md5sum="8fbb54f60ef4ac6ab8d9a44092fee217" perm="444" sizeinbytes="19645" timestamp="1392152518000"/>
        <file loc="lib/rvconfig.jar" md5sum="52dda38756f93bf953e56bfe6e319f2c" perm="444" sizeinbytes="176097" timestamp="1392406245000"/>
        <file loc="lib/tibrvjweb.jar" md5sum="0f766cb2b43264f723cdd397badb543e" perm="444" sizeinbytes="108689" timestamp="1392406186000"/>
        <file loc="lib/tibrvjsd.jar" md5sum="d3f5616d479968da29dcf1b7cc0e5cba" perm="444" sizeinbytes="133707" timestamp="1392406197000"/>
        <file loc="lib/tibrvnative.jar" md5sum="170d83815d48b07a71edf5ef198e48ed" perm="444" sizeinbytes="71477" timestamp="1392152326000"/>
        <file loc="lib/tibrvj.jar" md5sum="c6341c570ee02e992d3cd2aff922fd83" perm="444" sizeinbytes="132715" timestamp="1392406185000"/>
        <file loc="lib/tibrvnativesd.jar" md5sum="ffb39ff7185ba476fb4964d7de458264" perm="444" sizeinbytes="72351" timestamp="1392152326000"/>
    </installcomponent>
    <directorylist>
        <dir loc="bin" perm="664" sizeinbytes="4703881"/>
        <dir loc="mibs" perm="664" sizeinbytes="25623"/>
        <dir loc="lib" perm="664" sizeinbytes="699132"/>
    </directorylist>
</installcomponents>
