<?xml version="1.0" encoding="UTF-8"?>
<feature
      id="com.tibco.tpcl.com.sun.jmx.remote.optional.feature"
      label="%featureName"
      version="1.0.200.005"
      provider-name="%providerName">

   <description>
      %description
   </description>

   <copyright>
      %copyright
   </copyright>

   <license url="%licenseURL">
      %license
   </license>

   <requires>
      <import feature="com.tibco.tpcl.javax.system.exports.feature" version="5.0.100" match="compatible"/>
      <import feature="com.tibco.tpcl.javax.system.exports.sun.feature" version="5.0.0" match="compatible"/>
   </requires>

   <plugin
         id="com.tibco.tpcl.com.sun.jmx.remote.optional"
         download-size="0"
         install-size="0"
         version="1.0.200.004"/>

</feature>
