<?xml version="1.0" encoding="UTF-8"?>
<feature
      id="com.tibco.security.tibcrypt.feature"
      label="%featureName"
      version="2.16.0.005"
      provider-name="%providerName">

   <description>
      %description
   </description>

   <copyright>
      %copyright
   </copyright>

   <license url="%licenseURL">
      %license
   </license>

   <requires>
      <import feature="com.tibco.tpcl.javax.system.exports.feature" version="5.0.300"/>
      <import feature="com.tibco.tpcl.org.slf4j.log4j12.feature" version="1.6.100"/>
   </requires>

   <plugin
         id="com.tibco.security.tibcrypt"
         download-size="0"
         install-size="0"
         version="2.16.0.005"
         unpack="false"/>

</feature>
