<?xml version="1.0" encoding="UTF-8"?>
<feature
      id="com.tibco.tpcl.javax.system.exports.feature"
      label="%featureName"
      version="5.0.100.007"
      provider-name="%providerName">

   <description>
      %description
   </description>

   <copyright>
      %copyright
   </copyright>

   <license url="%licenseURL">
      %license
   </license>

   <!-- for the OSGi JAXP factory support -->

   <requires>
      <import feature="com.tibco.tpcl.org.eclipse.equinox.feature" version="3.2.0"/>
   </requires>

   <plugin
         id="com.tibco.tpcl.javax.system.exports"
         download-size="0"
         install-size="0"
         version="5.0.100.005"/>

   <plugin
         id="com.tibco.tpcl.javax.osgi.factories"
         download-size="0"
         install-size="0"
         version="1.0.0.005"
         unpack="false"/>

</feature>
