<?xml version="1.0" encoding="UTF-8"?>
<feature
      id="com.tibco.tpcl.org.springframework.context.feature"
      label="%featureName"
      version="2.5.6.001"
      provider-name="%providerName">

   <description>
      %description
   </description>

   <copyright>
      %copyright
   </copyright>

   <license url="%licenseURL">
      %license
   </license>

   <requires>
      <import feature="com.tibco.tpcl.org.springframework.minimum.feature" version="2.5.6" match="compatible"/>
   </requires>

   <plugin
         id="com.tibco.tpcl.org.springframework.context"
         download-size="0"
         install-size="0"
         version="2.5.6.001"/>

   <plugin
         id="com.tibco.tpcl.org.springframework.context-support"
         download-size="0"
         install-size="0"
         version="2.5.6.001"/>

</feature>
