<?xml version="1.0" encoding="UTF-8"?>
<feature
      id="com.tibco.tpcl.org.apache.commons.logging.over.slf4j.feature"
      label="%featureName"
      version="1.5.2.007"
      provider-name="%providerName">

   <description>
      %description
   </description>

   <copyright>
      %copyright
   </copyright>

   <license url="%licenseURL">
      %license
   </license>

   <requires>
      <import feature="com.tibco.tpcl.org.slf4j.log4j12.feature" version="1.5.100"/>
   </requires>

   <plugin
         id="com.tibco.tpcl.org.apache.commons.logging.over.slf4j"
         download-size="0"
         install-size="0"
         version="1.5.2.005"/>

</feature>
