<?xml version="1.0" encoding="UTF-8"?>
<feature
      id="com.tibco.hawk.tpcl.feature"
      label="TIBCO Hawk TPCL Feature"
      version="4.9.0.001"
      provider-name="TIBCO Software Inc.">

   <description url="http://www.tibco.com/hawk/description">
      [Enter Feature Description here.]
   </description>

   <copyright url="http://www.tibco.com/hawk/copyright">
      [Enter Copyright Description here.]
   </copyright>

   <license url="http://www.tibco.com/hawk/license">
      [Enter License Description here.]
   </license>


   <requires>
      <import feature="com.tibco.tpcl.javax.system.exports.feature" version="5.0.100" match="compatible"/>
   </requires>

   <plugin
         id="com.tibco.hawk.tpcl.com.oroinc.text"
         download-size="0"
         install-size="0"
         version="1.1.0.001"/>

   <plugin
         id="com.tibco.hawk.tpcl.jclass.chart"
         download-size="0"
         install-size="0"
         version="1.0.0.001"/>

   <plugin
         id="com.tibco.hawk.tpcl.com.objectshare.gf"
         download-size="0"
         install-size="0"
         version="1.0.0.001"/>



</feature>
