<?xml version="1.0" encoding="UTF-8"?>
<PasswordPolicy xmlns="http://xsd.tns.tibco.com/security/passwordpolicy/2005"
	 xmlns:xsi="http://www.w3.org/2001/XMLSchema-instance" 
	 xsi:schemaLocation="http://xsd.tns.tibco.com/security/passwordpolicy/2005 ../xsd/PasswordPolicy.xsd"
	 PolicyName="NormalPolicy" SaveHashMode="false">
	<PasswordLength Min="6"/>
	<PasswordComplexity MinRequirement="3">
		<Requirement>Numbers</Requirement>
		<Requirement>SpecialCharacters</Requirement>
		<Requirement>UpperCase</Requirement>
		<Requirement>LowerCase</Requirement>
	</PasswordComplexity>
</PasswordPolicy>
