<?xml version="1.0" encoding="UTF-8"?>
<PasswordPolicy xmlns="http://xsd.tns.tibco.com/security/passwordpolicy/2005" 
xmlns:xsi="http://www.w3.org/2001/XMLSchema-instance" 
xsi:schemaLocation="http://xsd.tns.tibco.com/security/passwordpolicy/2005 ../xsd/PasswordPolicy.xsd"
PolicyName="StrongPolicy" SaveHashMode="true">
	<PasswordLength Min="8"/>
	<PasswordComplexity MinRequirement="3" 
		ContainCurrentPassword="true" ContainUserId="true" NoSpace="true">
		<Requirement>Numbers</Requirement>
		<Requirement>SpecialCharacters</Requirement>
		<Requirement>UpperCase</Requirement>
		<Requirement>LowerCase</Requirement>
	</PasswordComplexity>
	<PasswordAging Max="90"/>
	<ForceInitialPasswordChange>true</ForceInitialPasswordChange>
	<AccountLockout>5</AccountLockout>
	<PasswordHistory>5</PasswordHistory>
</PasswordPolicy>
