<?xml version="1.0" encoding="utf-8"?>
<WebWorksHelpBook version="5.0" name="Palette Reference" context="tib_Designer_palettes" locale="en" xmlns="urn:WebWorks-Help-Book-Files-Schema">
  <CommonWordsToSkip minlen="3">
    a about after all also am an and another any are as at
    be because been before being between both but by
    came can come copyright corp corporation could
    did do does
    each etc
    for from
    get goes got
    had has have he her here him himself his how
    if in inc into is it its
    let like
    make many me might more most much must my
    never nor not now
    of off on one only or other our out over own
    reserved rights
    said same see set shall she should since so some still such
    take than that the their them then there these they this those though through to too
    under us use
    very
    was way we well were what when where which while who why will with would
    yes yet you your
   </CommonWordsToSkip>
  <ScoringPrefs>
    <meta name="keywords" weight="100" />
    <meta name="description" weight="50" />
    <meta name="summary" weight="50" />
    <title weight="20" />
    <h1 weight="15" />
    <h2 weight="10" />
    <caption weight="10" />
    <h3 weight="7" />
    <th weight="5" />
    <h4 weight="5" />
    <h5 weight="4" />
    <h6 weight="3" />
    <h7 weight="2" />
  </ScoringPrefs>
  <DocumentInfo>
    <Document title="TIBCO Designer™" href="title.1.1.htm" />
    <Document title="Important Information" href="copyrigh.htm" />
    <Document title="Figures" href="LOF.htm" />
    <Document title="Tables" href="LOT.htm" />
    <Document title="Preface" href="preface.4.1.htm" />
    <Document title="Changes from the Previous Release of this Guide" href="preface.4.2.htm" />
    <Document title="Related Documentation" href="preface.4.3.htm" />
    <Document title="Typographical Conventions" href="preface.4.4.htm" />
    <Document title="Connecting with TIBCO Resources" href="preface.4.5.htm" />
    <Document title="General Palette" href="palette.5.01.htm" />
    <Document title="Introduction" href="palette.5.02.htm" />
    <Document title="AliasLibrary" href="palette.5.03.htm" />
    <Document title="Enterprise Archive" href="palette.5.04.htm" />
    <Document title="Folder" href="palette.5.05.htm" />
    <Document title="Generic Image Resource" href="palette.5.06.htm" />
    <Document title="Identity" href="palette.5.07.htm" />
    <Document title="LibraryBuilder" href="palette.5.08.htm" />
    <Document title="Task List" href="palette.5.09.htm" />
    <Document title="Text Document" href="palette.5.10.htm" />
    <Document title="XML Tools Palette" href="palette.5.11.htm" />
    <Document title="Introduction to XML" href="palette.5.12.htm" />
    <Document title="Getting Started with the XML Tools Palette" href="palette.5.13.htm" />
    <Document title="Schema" href="palette.5.14.htm" />
    <Document title="XML Schema Exercises" href="palette.5.15.htm" />
    <Document title="DTD" href="palette.5.16.htm" />
    <Document title="DTD Exercise" href="palette.5.17.htm" />
    <Document title="Instance" href="palette.5.18.htm" />
    <Document title="XML Instance Exercise" href="palette.5.19.htm" />
    <Document title="Adapter Resources Palette" href="palette.5.20.htm" />
    <Document title="Specifying Generic Adapter Configurations" href="palette.5.21.htm" />
    <Document title="Generic Adapter Configuration Reference" href="palette.5.22.htm" />
    <Document title="Services Reference" href="palette.5.23.htm" />
    <Document title="Custom Log Sink Reference" href="palette.5.24.htm" />
    <Document title="Sessions Reference" href="palette.5.25.htm" />
    <Document title="Transaction Control and Advisory Reference" href="palette.5.26.htm" />
    <Document title="Folder Reference" href="palette.5.27.htm" />
    <Document title="Endpoint Reference" href="palette.5.28.htm" />
    <Document title="Adapter Schema Palette" href="palette.5.29.htm" />
    <Document title="Understanding Schema Management" href="palette.5.30.htm" />
    <Document title="TIBCO Designer Schema Reference" href="palette.5.31.htm" />
    <Document title="Schema Resource Reference" href="palette.5.32.htm" />
    <Document title="TIBCO Designer Adapter Schema Folders" href="palette.5.33.htm" />
    <Document title="Repository Palette" href="palette.5.34.htm" />
    <Document title="Introduction" href="palette.5.35.htm" />
    <Document title="Navigating the Repository Hierarchy" href="palette.5.36.htm" />
    <Document title="Managing Repository Instances" href="palette.5.37.htm" />
    <Document title="Managing Repository Content" href="palette.5.38.htm" />
    <Document title="Menus and Toolbar Icons" href="palette.5.39.htm" />
  </DocumentInfo>
  <TopicMap>
    <Topic name="ae.alias.library.helpurl" href="palette.5.03.htm" />
    <Topic name="ae.designerfolder.helpurl" href="palette.5.05.htm#1713404" />
    <Topic name="ae.resimage.factory.helpurl" href="palette.5.06.htm" />
    <Topic name="ae.resimage.helpurl" href="palette.5.06.htm" />
    <Topic name="ae.resicon.helpurl" href="palette.5.06.htm" />
    <Topic name="ae.ssl.identity.helpurl" href="palette.5.07.htm" />
    <Topic name="ae.project.library.builder.resource.helpurl" href="palette.5.08.htm" />
    <Topic name="ae.tasks.tasklist.helpurl" href="palette.5.09.htm" />
    <Topic name="ae.textdoc.helpurl" href="palette.5.10.htm" />
    <Topic name="com.tibco.xml.ui.turbo.XSDSchemaSharedResource.helpurl" href="palette.5.14.htm" />
    <Topic name="com.tibco.xml.ui.turbo.DTDSchemaSharedResource.helpurl" href="palette.5.16.htm" />
    <Topic name="com.tibco.xml.ui.turbo.XIInstanceResource.helpurl" href="palette.5.18.htm" />
    <Topic name="transformation.plugin.resource.helpurl" href="palette.5.21.htm#1682905" />
    <Topic name="aa.generic.adptconfig.helpurl" href="palette.5.22.htm" />
    <Topic name="gac.operations.publisher.helpurl" href="palette.5.23.htm#1683193" />
    <Topic name="gac.operations.subscriber.helpurl" href="palette.5.23.htm#1683299" />
    <Topic name="gac.operations.client.helpurl" href="palette.5.23.htm#1683397" />
    <Topic name="gac.operations.server.helpurl" href="palette.5.23.htm#1683491" />
    <Topic name="aa.logsink.factory.helpurl" href="palette.5.24.htm#1683777" />
    <Topic name="aa.logsink.file.helpurl" href="palette.5.24.htm#1683805" />
    <Topic name="aa.logsink.stdio.helpurl" href="palette.5.24.htm#1683857" />
    <Topic name="aa.logsink.network.helpurl" href="palette.5.24.htm#1683875" />
    <Topic name="aa.logsink.hawk.helpurl" href="palette.5.24.htm#1683907" />
    <Topic name="ae.sessions.factory.helpurl" href="palette.5.25.htm" />
    <Topic name="ae.sessions.rvsession.helpurl" href="palette.5.25.htm#1683998" />
    <Topic name="ae.sessions.rvasession.helpurl" href="palette.5.25.htm#1684039" />
    <Topic name="ae.sessions.rvcmsession.helpurl" href="palette.5.25.htm#1684071" />
    <Topic name="ae.sessions.rvcmqsession.helpurl" href="palette.5.25.htm#1684152" />
    <Topic name="ae.sessions.txsession.helpurl" href="palette.5.25.htm#1684232" />
    <Topic name="ae.sessions.jmssession.helpurl" href="palette.5.25.htm#1684286" />
    <Topic name="aa.txcontrolpool.helpurl" href="palette.5.26.htm#1684540" />
    <Topic name="aa.txcontrolpool.factory.helpurl" href="palette.5.26.htm#1684540" />
    <Topic name="aa.txcontrolpool.dbcontrol.helpurl" href="palette.5.26.htm#1684574" />
    <Topic name="aa.txcontrolpool.odbccontrol.helpurl" href="palette.5.26.htm#1684612" />
    <Topic name="aa.txcontrolpool.nullcontrol.helpurl" href="palette.5.26.htm#1684634" />
    <Topic name="aa.txcontrolpool.simplecontrol.helpurl" href="palette.5.26.htm#1684648" />
    <Topic name="aa.txcontrolpool.xacontrol.helpurl" href="palette.5.26.htm#1684666" />
    <Topic name="aa.txcontrolpool.mtscontrol.helpurl" href="palette.5.26.htm#1684680" />
    <Topic name="aa.advisory.helpurl" href="palette.5.26.htm#1684694" />
    <Topic name="aa.adapter.services.folder.helpurl" href="palette.5.27.htm#1684753" />
    <Topic name="aa.advancedfolder.helpurl" href="palette.5.27.htm#1684759" />
    <Topic name="aa.logsinksfolder.helpurl" href="palette.5.27.htm#1684765" />
    <Topic name="aa.sessionsfolder.helpurl" href="palette.5.27.htm#1684779" />
    <Topic name="aa.timersfolder.helpurl" href="palette.5.27.htm#1684791" />
    <Topic name="aa.txcontrolsfolder.helpurl" href="palette.5.27.htm#1684801" />
    <Topic name="aa.advisoriesfolder.helpurl" href="palette.5.27.htm#1684811" />
    <Topic name="aa.metadataurlfolder.helpurl" href="palette.5.27.htm#1684820" />
    <Topic name="aa.loadurl.helpurl" href="palette.5.27.htm#1684830" />
    <Topic name="ae.endpoint.rvPublisher.helpurl" href="palette.5.28.htm#1684903" />
    <Topic name="ae.endpoint.rvCmPublisher.helpurl" href="palette.5.28.htm#1684935" />
    <Topic name="ae.endpoint.rvTxPublisher.helpurl" href="palette.5.28.htm#1684975" />
    <Topic name="ae.endpoint.jmsPublisher.helpurl" href="palette.5.28.htm#1685010" />
    <Topic name="ae.endpoint.rvSubscriber.helpurl" href="palette.5.28.htm#1685088" />
    <Topic name="ae.endpoint.rvCmSubscriber.helpurl" href="palette.5.28.htm#1685088" />
    <Topic name="ae.endpoint.rvCmqSubscriber.helpurl" href="palette.5.28.htm#1685088" />
    <Topic name="ae.endpoint.rvTxSubscriber.helpurl" href="palette.5.28.htm#1685088" />
    <Topic name="ae.endpoint.jmsSubscriber.helpurl" href="palette.5.28.htm#1685120" />
    <Topic name="ae.endpoint.jmsRpcClient.helpurl" href="palette.5.28.htm#1685153" />
    <Topic name="ae.endpoint.rvCmRpcClient.helpurl" href="palette.5.28.htm#1685153" />
    <Topic name="ae.endpoint.rvRpcClient.helpurl" href="palette.5.28.htm#1685153" />
    <Topic name="ae.endpoint.client.helpurl" href="palette.5.28.htm#1685153" />
    <Topic name="ae.endpoint.jmsRpcServer.helpurl" href="palette.5.28.htm#1685219" />
    <Topic name="ae.endpoint.rvCmqRpcServer.helpurl" href="palette.5.28.htm#1685219" />
    <Topic name="ae.endpoint.rvCmRpcServer.helpurl" href="palette.5.28.htm#1685219" />
    <Topic name="ae.endpoint.server.helpurl" href="palette.5.28.htm#1685219" />
    <Topic name="ae.endpoint.rvRpcServer.helpurl" href="palette.5.28.htm#1685219" />
    <Topic name="ae.timer.helpurl" href="palette.5.28.htm#1685275" />
    <Topic name="ae.timer.timer_res.helpurl" href="palette.5.28.htm#1685275" />
    <Topic name="ae.metadata.aeschema" href="palette.5.30.htm#1686208" />
    <Topic name="ae.metadata.class.type.helpurl" href="palette.5.31.htm#1686395" />
    <Topic name="ae.metadata.union.type.helpurl" href="palette.5.31.htm#1686459" />
    <Topic name="ae.metadata.sequence.type.helpurl" href="palette.5.31.htm#1686477" />
    <Topic name="ae.metadata.scalar.type.helpurl" href="palette.5.31.htm#1686493" />
    <Topic name="ae.metadata.rpcclass.type.helpurl" href="palette.5.31.htm#1686505" />
    <Topic name="ae.metadata.operation.type.helpurl" href="palette.5.31.htm#1686550" />
    <Topic name="ae.metadata.operation.paramsfolder.helpurl" href="palette.5.31.htm#1686585" />
    <Topic name="ae.metadata.operation.exceptionsfolder.helpurl" href="palette.5.31.htm#1686605" />
    <Topic name="ae.metadata.class.rpcfield.helpurl" href="palette.5.31.htm#1686613" />
    <Topic name="ae.metadata.sequence.rpcfield.helpurl" href="palette.5.31.htm#1686631" />
    <Topic name="ae.metadata.scalar.rpcfield.helpurl" href="palette.5.31.htm#1686649" />
    <Topic name="ae.metadata.union.rpcfield.helpurl" href="palette.5.31.htm#1686667" />
    <Topic name="ae.metadata.association.helpurl" href="palette.5.31.htm#1686873" />
    <Topic name="ae.metadata.associationendpoint.helpurl" href="palette.5.31.htm#1686873" />
    <Topic name="ae.metadata.class.referencefield.helpurl" href="palette.5.32.htm#1686948" />
    <Topic name="ae.metadata.scalar.referencefield.helpurl" href="palette.5.32.htm#1686964" />
    <Topic name="ae.metadata.union.referencefield.helpurl" href="palette.5.32.htm#1686980" />
    <Topic name="ae.metadata.sequence.referencefield.helpurl" href="palette.5.32.htm#1686996" />
    <Topic name="ae.metadata.class.factory.helpurl" href="palette.5.32.htm#1687012" />
    <Topic name="ae.metadata.scalar.factory.helpurl" href="palette.5.32.htm#1687040" />
    <Topic name="ae.metadata.union.factory.helpurl" href="palette.5.32.htm#1687065" />
    <Topic name="ae.metadata.sequence.factory.helpurl" href="palette.5.32.htm#1687090" />
    <Topic name="ae.metadata.class.field.helpurl" href="palette.5.32.htm#1687115" />
    <Topic name="ae.metadata.scalar.field.helpurl" href="palette.5.32.htm#1687125" />
    <Topic name="ae.metadata.union.field.helpurl" href="palette.5.32.htm#1687135" />
    <Topic name="ae.metadata.sequence.field.helpurl" href="palette.5.32.htm#1687145" />
    <Topic name="folder.helpurl" href="palette.5.33.htm" />
    <Topic name="ae.repo.discovery.helpurl" href="palette.5.35.htm#1687678" />
    <Topic name="ae.repo.server.helpurl" href="palette.5.36.htm#1687819" />
    <Topic name="ae.repo.instance.helpurl" href="palette.5.36.htm#1687869" />
    <Topic name="ae.repo.directory.helpurl" href="palette.5.36.htm#1687881" />
    <Topic name="ae.repo.object.helpurl" href="palette.5.36.htm#1687886" />
  </TopicMap>
</WebWorksHelpBook>