<?xml version="1.0" encoding="utf-8"?>
<WebWorksHelpIX version="5.0" xmlns="urn:WebWorks-Help-Index-Schema">
  <g t="A" o="002">
    <i t="adapter endpoints">
      <j l="38#1686227" />
    </i>
    <i t="adapter schemas palette">
      <j l="39#1686370" />
    </i>
    <i t="adapters">
      <i t="configuring">
        <j l="38#1686184" />
      </i>
      <i t="creating">
        <j l="29#1682652" />
      </i>
    </i>
    <i t="Add Module button">
      <j l="24#1679941" />
    </i>
    <i t="Add Namespace button">
      <j l="22#1678472" />
    </i>
    <i t="adding">
      <j l="21#1676795" />
    </i>
    <i t="adding adapters">
      <j l="29#1682652" />
    </i>
    <i t="adding class fields">
      <j l="39#1686445" />
    </i>
    <i t="adding class union members">
      <j l="39#1686768" />
    </i>
    <i t="adding color to tags">
      <j l="26#1680765" />
    </i>
    <i t="adding new XML resource">
      <j l="21#1676795" />
    </i>
    <i t="adding operations">
      <j l="39#1686524" />
    </i>
    <i t="adding scalar union members">
      <j l="39#1686813" />
    </i>
    <i t="adding sequence union members">
      <j l="39#1686789" />
    </i>
    <i t="adding unions as union members">
      <j l="39#1686745" />
    </i>
    <i t="Advanced folder">
      <j l="35#1684759" />
    </i>
    <i t="Advanced pane">
      <i t="Notations tab">
        <j l="22#1678772" />
      </i>
    </i>
    <i t="Advanced panel">
      <j l="22#1678704" />
      <j l="24#1679982" />
    </i>
    <i t="advanced repository management">
      <j l="46#1688254" />
    </i>
    <i t="advisories">
      <j l="34#1684694" />
    </i>
    <i t="Advisories folder">
      <j l="35#1684811" />
    </i>
    <i t="aliases for attributes">
      <j l="26#1680750" />
    </i>
    <i t="aliases for elements">
      <j l="26#1680750" />
    </i>
    <i t="all content models">
      <j l="21#1677775" />
    </i>
    <i t="all occurrence indicators">
      <j l="21#1677754" />
    </i>
    <i t="appendmode attribute">
      <j l="32#1683826" />
    </i>
    <i t="association lists">
      <j l="46#1688303" />
    </i>
    <i t="associations">
      <j l="39#1686873" />
      <i t="types">
        <j l="39#1686878" />
      </i>
    </i>
    <i t="attributes">
      <j l="22#1720980" />
      <j l="29#1682812" />
      <j l="39#1686395" />
      <j l="46#1688303" />
      <i t="adding">
        <j l="39#1686410" />
      </i>
      <i t="aliases">
        <j l="26#1680750" />
      </i>
      <i t="declaring">
        <j l="22#1678345" />
      </i>
      <i t="hiding">
        <j l="26#1680730" />
      </i>
      <i t="inserting">
        <j l="26#1680551" />
      </i>
      <i t="promoted">
        <j l="26#1680780" />
        <j l="26#1680794" />
      </i>
    </i>
    <i t="Attributes panel">
      <j l="22#1678266" />
      <j l="22#1678273" />
      <j l="24#1679705" />
      <j l="24#1679712" />
    </i>
  </g>
  <g t="B" o="002">
    <i t="blue ellipsis icon">
      <j l="26#1680957" />
    </i>
    <i t="building content model">
      <i t="with reusables">
        <j l="24#1679655" />
      </i>
    </i>
    <i t="building content models">
      <i t="content model editor">
        <j l="22#1678222" />
        <j l="24#1679641" />
      </i>
      <i t="occurrence and sequence indicators">
        <j l="22#1678059" />
        <j l="24#1679498" />
      </i>
    </i>
    <i t="building documents">
      <j l="27#1681047" />
    </i>
  </g>
  <g t="C" o="002">
    <i t="changes from the previous release of TIBCO Designer Palette Reference">
      <j l="5" />
    </i>
    <i t="choice">
      <j l="21#1677729" />
    </i>
    <i t="class">
      <j l="39#1686378" />
      <j l="39#1686395" />
      <j l="39#1686505" />
      <i t="adding attributes">
        <j l="39#1686410" />
      </i>
    </i>
    <i t="class fields">
      <j l="39#1686445" />
    </i>
    <i t="class reference">
      <j l="39#1686768" />
    </i>
    <i t="client service">
      <j l="31#1683397" />
    </i>
    <i t="clients">
      <j l="36#1685153" />
    </i>
    <i t="cloning repository instances">
      <j l="45#1688048" />
    </i>
    <i t="cmname attribute">
      <j l="33#1684110" />
    </i>
    <i t="cmqname attribute">
      <j l="33#1684191" />
    </i>
    <i t="collapsing elements">
      <j l="26#1680726" />
    </i>
    <i t="collapsing markup view">
      <j l="26#1680957" />
    </i>
    <i t="color">
      <i t="adding to tags">
        <j l="26#1680765" />
      </i>
    </i>
    <i t="color options">
      <j l="26#1680772" />
    </i>
    <i t="comments">
      <j l="26#1680619" />
      <i t="inserting">
        <j l="26#1680551" />
      </i>
    </i>
    <i t="common table columns">
      <j l="21#1677220" />
      <j l="21#1677227" />
    </i>
    <i t="completed content model">
      <j l="22#1678168" />
    </i>
    <i t="Configuration panel">
      <j l="22#1718568" />
      <j l="24#1679351" />
      <j l="26#1680419" />
    </i>
    <i t="Configuration tab">
      <j l="30#1683056" />
    </i>
    <i t="configuring standard adapters">
      <j l="38#1686184" />
    </i>
    <i t="Constraints tab">
      <j l="22#1678625" />
    </i>
    <i t="content hints">
      <j l="26#1680833" />
      <j l="26#1680840" />
      <i t="as tool tip">
        <j l="26#1680652" />
      </i>
    </i>
    <i t="content model">
      <i t="diagram">
        <j l="21#1677675" />
        <j l="21#1677686" />
        <j l="22#1678258" />
      </i>
      <i t="editor">
        <j l="22#1678225" />
        <j l="24#1679648" />
      </i>
      <i t="example">
        <j l="22#1678168" />
        <j l="24#1679595" />
      </i>
      <i t="specifying data type">
        <j l="21#1677799" />
      </i>
    </i>
    <i t="content model diagram">
      <j l="21#1677678" />
      <j l="24#1679697" />
      <i t="modifying display">
        <j l="21#1677811" />
      </i>
      <i t="navigating">
        <j l="21#1677781" />
      </i>
    </i>
    <i t="Content model diagram">
      <j l="21#1677797" />
    </i>
    <i t="content model editor">
      <j l="22#1678222" />
      <j l="24#1679641" />
    </i>
    <i t="content panel">
      <j l="26#1680457" />
      <j l="26#1680484" />
      <j l="27#1681021" />
      <i t="edit area">
        <j l="26#1680817" />
      </i>
      <i t="tag area">
        <j l="26#1680486" />
      </i>
    </i>
    <i t="control pools">
      <i t="JDBC">
        <j l="34#1684574" />
      </i>
      <i t="MTS">
        <j l="34#1684680" />
      </i>
      <i t="Null">
        <j l="34#1684634" />
      </i>
      <i t="ODBC">
        <j l="34#1684612" />
      </i>
      <i t="XA">
        <j l="34#1684666" />
      </i>
    </i>
    <i t="creating internal parameter entities">
      <j l="24#1679995" />
    </i>
    <i t="creating local repository instances">
      <j l="45#1687934" />
    </i>
    <i t="creating repository instances">
      <j l="45#1687928" />
      <j l="45#1687965" />
    </i>
    <i t="custom adapters">
      <j l="38#1686196" />
    </i>
    <i t="custom log sinks">
      <j l="29#1682753" />
    </i>
    <i t="customer support">
      <j l="8#39302" />
    </i>
    <i t="customized view tag area">
      <j l="26#1680679" />
    </i>
    <i t="customizing documents">
      <j l="27#1681097" />
    </i>
  </g>
  <g t="D" o="002">
    <i t="daemon attribute">
      <j l="33#1684026" />
      <j l="33#1684098" />
      <j l="33#1684179" />
      <j l="33#1684260" />
    </i>
    <i t="data type">
      <i t="creating">
        <j l="22#1678861" />
      </i>
      <i t="specifying in content model panel">
        <j l="21#1677799" />
      </i>
    </i>
    <i t="data types panel">
      <j l="22#1678854" />
    </i>
    <i t="declaring attributes">
      <j l="22#1678345" />
    </i>
    <i t="defaulttimelimit attribute">
      <j l="33#1684135" />
    </i>
    <i t="defining external general entities">
      <j l="24#1680068" />
    </i>
    <i t="defining external unparsed entities">
      <j l="24#1680087" />
    </i>
    <i t="defining internal general entities">
      <j l="24#1680049" />
    </i>
    <i t="deleting items">
      <j l="29#1682864" />
    </i>
    <i t="deleting repository instances">
      <j l="45#1688097" />
    </i>
    <i t="directories">
      <j l="44#1687834" />
      <j l="46#1688233" />
    </i>
    <i t="Documentation">
      <j l="6" />
    </i>
    <i t="Documentation, Other TIBCO Product">
      <j l="6#24887" />
    </i>
    <i t="Documentation, TIBCO Designer">
      <j l="6#42167" />
    </i>
    <i t="document-building options">
      <j l="27#1681057" />
    </i>
    <i t="documents">
      <i t="customizing">
        <j l="27#1681097" />
      </i>
      <i t="modifying structure">
        <j l="26#1680622" />
      </i>
      <i t="navigating">
        <j l="26#1680655" />
      </i>
      <i t="populating">
        <j l="27#1681097" />
      </i>
    </i>
    <i t="DTD">
      <j l="24" />
    </i>
    <i t="DTD example, examples">
      <i t="DTD">
        <j l="25" />
      </i>
    </i>
  </g>
  <g t="E" o="002">
    <i t="element list">
      <j l="24#1679432" />
    </i>
    <i t="element/type list">
      <j l="22#1716538" />
    </i>
    <i t="element/types list">
      <j l="22#1677975" />
    </i>
    <i t="elements">
      <i t="aliases">
        <j l="26#1680750" />
      </i>
      <i t="collapsing">
        <j l="26#1680726" />
      </i>
      <i t="expanding">
        <j l="26#1680726" />
      </i>
      <i t="hiding s">
        <j l="26#1680730" />
      </i>
      <i t="inserting">
        <j l="26#1680551" />
      </i>
      <i t="promoted">
        <j l="26#1680780" />
        <j l="26#1680794" />
      </i>
    </i>
    <i t="elements panel list">
      <j l="24#1679428" />
    </i>
    <i t="elements/types list">
      <j l="22#1677971" />
    </i>
    <i t="endpoints">
      <j l="38#1686227" />
      <i t="overview">
        <j l="36#1684882" />
      </i>
    </i>
    <i t="entry constraints">
      <j l="26#1680642" />
    </i>
    <i t="enumeration tab">
      <j l="22#1678694" />
      <j l="24#1679964" />
      <i t="Properties pane">
        <j l="24#1679971" />
      </i>
    </i>
    <i t="Errors panel">
      <j l="24#1680177" />
      <j l="26#1680969" />
    </i>
    <i t="example">
      <i t="building simple schema">
        <j l="23#1679005" />
      </i>
      <i t="defining and deriving complex and simple types">
        <j l="23#1679201" />
      </i>
    </i>
    <i t="examples">
      <i t="building a content model">
        <j l="22#1678160" />
        <j l="24#1679587" />
      </i>
      <i t="creating a schema">
        <j l="21#1676864" />
      </i>
      <i t="creating a user-derived data type">
        <j l="22#1678909" />
      </i>
      <i t="creating or editing an attribute">
        <j l="22#1678336" />
        <j l="24#1679827" />
      </i>
      <i t="including declarations from another schema">
        <j l="22#1678513" />
        <j l="24#1679944" />
      </i>
      <i t="referencing an element from another namespace">
        <j l="22#1678476" />
      </i>
    </i>
    <i t="exception parameters">
      <j l="39#1686684" />
    </i>
    <i t="exceptions folder">
      <j l="39#1686605" />
    </i>
    <i t="expanding elements">
      <j l="26#1680726" />
    </i>
    <i t="expanding markup view">
      <j l="26#1680957" />
    </i>
    <i t="exporting and importing repository instances">
      <j l="46#1688165" />
    </i>
    <i t="exporting instances">
      <j l="46#1688183" />
    </i>
    <i t="exporting repository instances">
      <j l="45#1688097" />
      <j l="46#1688165" />
    </i>
    <i t="exporting to XML">
      <j l="47#1688514" />
    </i>
    <i t="external general entity">
      <j l="24#1680061" />
      <j l="24#1680068" />
    </i>
    <i t="external parameter entities">
      <j l="24#1680020" />
    </i>
    <i t="external unparsed entity">
      <j l="24#1680080" />
      <j l="24#1680087" />
    </i>
  </g>
  <g t="F" o="002">
    <i t="factory bar">
      <j l="26#1680598" />
      <j l="26#1680608" />
    </i>
    <i t="fields">
      <i t="type class">
        <j l="39#1686445" />
      </i>
      <i t="type scalar">
        <j l="39#1686493" />
      </i>
      <i t="type sequence">
        <j l="39#1686477" />
      </i>
      <i t="type union">
        <j l="39#1686459" />
      </i>
    </i>
    <i t="file sink">
      <j l="32#1683805" />
    </i>
    <i t="folders">
      <i t="Advanced">
        <j l="35#1684759" />
      </i>
      <i t="Advisories">
        <j l="35#1684811" />
      </i>
      <i t="Log Sinks">
        <j l="35#1684765" />
      </i>
    </i>
  </g>
  <g t="G" o="002">
    <i t="general entities">
      <j l="24#1680042" />
    </i>
    <i t="general entity">
      <j l="24#1680032" />
      <j l="24#1680049" />
      <j l="24#1680061" />
      <j l="24#1680068" />
    </i>
    <i t="generic adapter configuration">
      <j l="29#1682652" />
    </i>
    <i t="getting started">
      <i t="instance resources">
        <j l="21#1676940" />
      </i>
      <i t="schema and DTD resources">
        <j l="21#1676831" />
      </i>
      <i t="XML tools palette">
        <j l="21" />
      </i>
    </i>
    <i t="graphical view">
      <i t="schema">
        <j l="23#1679175" />
        <j l="25#1680378" />
      </i>
    </i>
  </g>
  <g t="H" o="002">
    <i t="hawk sink">
      <j l="32#1683907" />
    </i>
    <i t="hiding attributes">
      <j l="26#1680730" />
    </i>
    <i t="hiding elements">
      <j l="26#1680730" />
    </i>
  </g>
  <g t="I" o="002">
    <i t="identifying data">
      <i t="entry constraints">
        <j l="26#1680642" />
      </i>
    </i>
    <i t="importing an instance">
      <j l="46#1688203" />
    </i>
    <i t="importing namespace">
      <j l="22#1678479" />
    </i>
    <i t="importing repository instances">
      <j l="45#1688097" />
      <j l="46#1688165" />
    </i>
    <i t="importing XML files">
      <j l="47#1688524" />
    </i>
    <i t="Insert box">
      <j l="26#1680554" />
      <j l="26#1680561" />
    </i>
    <i t="inserting">
      <i t="attributes">
        <j l="26#1680551" />
      </i>
      <i t="elements">
        <j l="26#1680551" />
      </i>
    </i>
    <i t="inserting comments">
      <j l="26#1680551" />
      <j l="26#1680619" />
    </i>
    <i t="inserting processing instructions">
      <j l="26#1680551" />
    </i>
    <i t="instance">
      <j l="26" />
    </i>
    <i t="instance editing environment">
      <j l="21#1676952" />
    </i>
    <i t="instance resources">
      <i t="getting started">
        <j l="21#1676940" />
      </i>
    </i>
    <i t="internal general entities">
      <j l="24#1680042" />
    </i>
    <i t="internal general entity">
      <j l="24#1680049" />
    </i>
    <i t="internal parameter entities">
      <j l="24#1679655" />
    </i>
    <i t="internal parameter entity">
      <j l="24#1679995" />
    </i>
    <i t="introduction to XML">
      <j l="20" />
    </i>
    <i t="item right-button menu">
      <j l="26#1680692" />
    </i>
  </g>
  <g t="J" o="002">
    <i t="JDBC control pool">
      <j l="34#1684574" />
    </i>
  </g>
  <g t="L" o="002">
    <i t="ledgerfile attribute">
      <j l="33#1684122" />
    </i>
    <i t="legacy adapters">
      <j l="38#1686196" />
    </i>
    <i t="Load URL">
      <j l="35#1684830" />
    </i>
    <i t="local instance">
      <j l="44#1687826" />
    </i>
    <i t="local repository instances">
      <j l="45#1687934" />
    </i>
    <i t="locating repositories">
      <j l="43#1687702" />
    </i>
    <i t="log sinks">
      <i t="custom">
        <j l="29#1682753" />
      </i>
      <i t="folder">
        <j l="35#1684765" />
      </i>
      <i t="overview">
        <j l="32#1683777" />
      </i>
    </i>
    <i t="logging tab">
      <j l="30#1683094" />
    </i>
  </g>
  <g t="M" o="002">
    <i t="markup format">
      <j l="26#1680946" />
    </i>
    <i t="markup view">
      <i t="collapsing">
        <j l="26#1680957" />
      </i>
      <i t="expanding">
        <j l="26#1680957" />
      </i>
    </i>
    <i t="menu options">
      <j l="21#1677368" />
    </i>
    <i t="metadata">
      <j l="44#1687872" />
    </i>
    <i t="mixed content model">
      <j l="21#1677768" />
    </i>
    <i t="modifying attributes">
      <j l="46#1688303" />
    </i>
    <i t="modifying display of content model diagram">
      <j l="21#1677811" />
    </i>
    <i t="modifying document structure">
      <j l="26#1680622" />
    </i>
    <i t="monitoring tab">
      <j l="30#1683154" />
    </i>
    <i t="MTS control pool">
      <j l="34#1684680" />
    </i>
    <i t="multiplicity">
      <j l="39#1686887" />
    </i>
  </g>
  <g t="N" o="002">
    <i t="namespace">
      <j l="22#1678479" />
    </i>
    <i t="Namespaces tab">
      <j l="22#1678720" />
    </i>
    <i t="navigating content model diagram">
      <j l="21#1677781" />
    </i>
    <i t="navigating the document">
      <j l="26#1680655" />
    </i>
    <i t="Navigator bar">
      <j l="26#1680665" />
    </i>
    <i t="network attribute">
      <j l="33#1684021" />
      <j l="33#1684093" />
      <j l="33#1684174" />
      <j l="33#1684255" />
    </i>
    <i t="network sink">
      <j l="32#1683875" />
    </i>
    <i t="new data type">
      <j l="22#1678861" />
    </i>
    <i t="new resource">
      <j l="21#1676793" />
    </i>
    <i t="Notations tab">
      <j l="22#1678765" />
      <i t="Advanced pane">
        <j l="22#1678772" />
      </i>
    </i>
    <i t="Notes panel">
      <j l="22#1678954" />
      <j l="24#1680193" />
    </i>
    <i t="null control pool">
      <j l="34#1684634" />
    </i>
  </g>
  <g t="O" o="002">
    <i t="objects">
      <j l="44#1687834" />
      <j l="46#1688233" />
    </i>
    <i t="occurrence indicators">
      <j l="21#1677754" />
      <j l="22#1678059" />
      <j l="24#1679498" />
    </i>
    <i t="ODBC control pool">
      <j l="34#1684612" />
    </i>
    <i t="operation exceptions folder">
      <j l="39#1686605" />
    </i>
    <i t="operation parameter folder">
      <j l="39#1686585" />
    </i>
    <i t="operation parameters">
      <j l="39#1686578" />
    </i>
    <i t="operations">
      <j l="39#1686505" />
      <j l="39#1686524" />
      <j l="39#1686550" />
      <i t="defining">
        <j l="39#1686558" />
      </i>
      <i t="exception parameters">
        <j l="39#1686684" />
      </i>
      <i t="parameters">
        <j l="39#1686578" />
      </i>
    </i>
    <i t="optional and repeatable set of choices">
      <j l="21#1677743" />
    </i>
    <i t="Overview panel">
      <j l="22#1678374" />
      <j l="22#1678385" />
      <j l="24#1679864" />
      <j l="24#1679871" />
    </i>
    <i t="Overview tree">
      <j l="22#1678387" />
      <j l="24#1679877" />
    </i>
    <i t="overwriting traces">
      <j l="32#1683826" />
    </i>
  </g>
  <g t="P" o="002">
    <i t="panels">
      <j l="21#1677041" />
    </i>
    <i t="Parameter entities tab">
      <j l="24#1679985" />
    </i>
    <i t="parameter folder">
      <j l="39#1686585" />
    </i>
    <i t="parameters">
      <i t="type class">
        <j l="39#1686613" />
      </i>
      <i t="type scalar">
        <j l="39#1686649" />
      </i>
      <i t="type sequence">
        <j l="39#1686631" />
      </i>
      <i t="type union">
        <j l="39#1686667" />
      </i>
    </i>
    <i t="populating documents">
      <j l="27#1681097" />
    </i>
    <i t="processing instructions">
      <j l="24#1680142" />
      <i t="inserting">
        <j l="26#1680551" />
      </i>
    </i>
    <i t="projects">
      <j l="43#1687656" />
    </i>
    <i t="promoted attributes">
      <j l="26#1680780" />
      <j l="26#1680794" />
    </i>
    <i t="promoted elements">
      <j l="26#1680780" />
      <j l="26#1680794" />
    </i>
    <i t="properties">
      <j l="29#1682812" />
    </i>
    <i t="Properties pane">
      <i t="enumeration tab">
        <j l="24#1679971" />
      </i>
    </i>
    <i t="Properties panel">
      <j l="22#1678535" />
      <j l="24#1679961" />
    </i>
    <i t="Properties tab">
      <j l="22#1678551" />
    </i>
    <i t="publisher services">
      <j l="31#1683193" />
    </i>
    <i t="publishers">
      <i t="default time limit">
        <j l="33#1684138" />
        <j l="33#1684278" />
      </i>
    </i>
  </g>
  <g t="R" o="002">
    <i t="reading the content model diagram">
      <j l="21#1677678" />
    </i>
    <i t="referencing complex types in other schemas">
      <j l="23#1679326" />
    </i>
    <i t="referencing elements from another namespace">
      <j l="22#1678494" />
    </i>
    <i t="referencing parameter entities within a content mode">
      <j l="24#1680008" />
    </i>
    <i t="referencing reusable (internal) parameter entities">
      <j l="24#1679690" />
    </i>
    <i t="repositories">
      <j l="43#1687656" />
    </i>
    <i t="repository directories">
      <j l="46#1688233" />
    </i>
    <i t="repository directory">
      <j l="44#1687881" />
    </i>
    <i t="repository finder">
      <j l="43#1687678" />
      <j l="43#1687702" />
    </i>
    <i t="repository instance">
      <j l="44#1687869" />
      <j l="44#1687872" />
    </i>
    <i t="repository instances">
      <i t="cloning">
        <j l="45#1688048" />
      </i>
      <i t="creating">
        <j l="45#1687934" />
        <j l="45#1687965" />
      </i>
      <i t="exporting">
        <j l="45#1688097" />
        <j l="46#1688165" />
        <j l="46#1688183" />
      </i>
      <i t="importing">
        <j l="45#1688097" />
        <j l="46#1688165" />
      </i>
      <i t="locating">
        <j l="43#1687702" />
      </i>
      <i t="starting">
        <j l="45#1688124" />
      </i>
      <i t="stopping">
        <j l="45#1688124" />
      </i>
    </i>
    <i t="repository management">
      <j l="46#1688254" />
    </i>
    <i t="repository object">
      <j l="44#1687886" />
    </i>
    <i t="repository objects">
      <j l="46#1688233" />
      <i t="viewing">
        <j l="46#1688284" />
      </i>
    </i>
    <i t="repository palette">
      <j l="44#1687854" />
    </i>
    <i t="repository server">
      <j l="44#1687819" />
    </i>
    <i t="repository servers">
      <i t="locating">
        <j l="43#1687702" />
      </i>
      <i t="stopping">
        <j l="45#1688111" />
      </i>
    </i>
    <i t="request-response invocation service">
      <j l="31#1683397" />
    </i>
    <i t="request-response server">
      <j l="31#1683491" />
    </i>
    <i t="requireoldmessages attribute">
      <j l="33#1684141" />
    </i>
    <i t="resizing rows to allow for additional promotion">
      <j l="26#1680805" />
    </i>
    <i t="resource">
      <i t="creating">
        <j l="21#1676793" />
      </i>
    </i>
    <i t="reviewing schema">
      <j l="23#1679163" />
      <j l="25#1680367" />
    </i>
    <i t="right-button menu">
      <j l="26#1680635" />
    </i>
    <i t="row format (default view)">
      <j l="26#1680935" />
    </i>
    <i t="RPC class">
      <j l="39#1686524" />
    </i>
    <i t="rv publisher">
      <j l="36#1684903" />
    </i>
    <i t="rv session">
      <j l="33#1683998" />
    </i>
    <i t="rv tx publisher">
      <j l="36#1684975" />
    </i>
    <i t="rva session">
      <j l="33#1684039" />
    </i>
    <i t="rvcm publisher">
      <j l="36#1684935" />
    </i>
    <i t="rvcm session">
      <j l="33#1684071" />
    </i>
    <i t="rvcm sessions">
      <i t="defaultTimeLimit attribute">
        <j l="33#1684135" />
      </i>
      <i t="ledger files">
        <j l="33#1684122" />
      </i>
      <i t="rvCmSession attribute">
        <j l="33#1684135" />
      </i>
    </i>
    <i t="rvcmq session">
      <j l="33#1684152" />
    </i>
    <i t="rvtx session">
      <j l="33#1684286" />
    </i>
  </g>
  <g t="S" o="002">
    <i t="scalar fields">
      <j l="39#1686493" />
    </i>
    <i t="scalar reference">
      <j l="39#1686813" />
    </i>
    <i t="scalars">
      <j l="39#1686700" />
    </i>
    <i t="scheduleractivation attribute">
      <j l="33#1684214" />
    </i>
    <i t="schedulerheartbeat attribute">
      <j l="33#1684202" />
    </i>
    <i t="schedulerweight attribute">
      <j l="33#1684208" />
    </i>
    <i t="schema">
      <j l="22" />
      <i t="graphical view">
        <j l="23#1679175" />
        <j l="25#1680378" />
      </i>
      <i t="reviewing">
        <j l="23#1679163" />
        <j l="25#1680367" />
      </i>
    </i>
    <i t="schema and DTD resources">
      <i t="getting started">
        <j l="21#1676831" />
      </i>
    </i>
    <i t="Schema menu">
      <j l="22#1677962" />
      <j l="24#1679419" />
      <i t="schema and DTD resources">
        <j l="21#1677371" />
      </i>
    </i>
    <i t="Schema properties panel">
      <j l="22#1678926" />
      <j l="24#1680173" />
    </i>
    <i t="schemas">
      <i t="and tibco designer">
        <j l="38#1686253" />
      </i>
      <i t="basics">
        <j l="38#1686181" />
      </i>
      <i t="example">
        <j l="38#1686273" />
      </i>
      <i t="folder">
        <j l="39#1686357" />
      </i>
      <i t="overview">
        <j l="38#1686166" />
      </i>
    </i>
    <i t="selecting a hidden element to show">
      <j l="26#1680738" />
    </i>
    <i t="sequence">
      <j l="21#1677718" />
    </i>
    <i t="sequence fields">
      <j l="39#1686477" />
    </i>
    <i t="sequence indicators">
      <j l="22#1678059" />
      <j l="24#1679498" />
    </i>
    <i t="sequence reference">
      <j l="39#1686789" />
    </i>
    <i t="sequences">
      <j l="39#1686861" />
    </i>
    <i t="server service">
      <j l="31#1683491" />
    </i>
    <i t="server-based instance">
      <j l="44#1687823" />
    </i>
    <i t="servers">
      <j l="36#1685219" />
      <i t="stopping">
        <j l="45#1688111" />
      </i>
    </i>
    <i t="servers and instances">
      <j l="44#1687804" />
    </i>
    <i t="service attribute">
      <j l="33#1684016" />
      <j l="33#1684088" />
      <j l="33#1684169" />
      <j l="33#1684250" />
    </i>
    <i t="services">
      <i t="client">
        <j l="31#1683397" />
      </i>
      <i t="publisher">
        <j l="31#1683193" />
      </i>
      <i t="request-response">
        <j l="31#1683491" />
      </i>
      <i t="request-response invocation">
        <j l="31#1683397" />
      </i>
      <i t="server">
        <j l="31#1683491" />
      </i>
      <i t="subscriber">
        <j l="31#1683299" />
      </i>
    </i>
    <i t="sessions">
      <j l="29#1682684" />
    </i>
    <i t="sessions folder">
      <j l="35#1684779" />
    </i>
    <i t="setting a schema">
      <j l="26#1680445" />
    </i>
    <i t="Show as markup">
      <j l="26#1680928" />
    </i>
    <i t="Show as Rows">
      <j l="26#1680928" />
    </i>
    <i t="siblings displayed on navigator bar">
      <j l="26#1680675" />
    </i>
    <i t="simple control pool">
      <j l="34#1684648" />
    </i>
    <i t="sinks">
      <i t="file sink">
        <j l="32#1683805" />
      </i>
      <i t="hawk sink">
        <j l="32#1683907" />
      </i>
    </i>
    <i t="Source panel">
      <j l="22#1678997" />
      <j l="24#1680232" />
      <j l="26#1680985" />
    </i>
    <i t="Source view">
      <j l="23#1679188" />
      <j l="25#1680385" />
    </i>
    <i t="specifying additional repository information">
      <j l="45#1687990" />
    </i>
    <i t="specifying an alias">
      <j l="26#1680758" />
    </i>
    <i t="specifying data type in content model panel">
      <j l="21#1677799" />
    </i>
    <i t="specifying values for existing properties">
      <j l="29#1682867" />
    </i>
    <i t="standard adapter endpoints">
      <j l="38#1686227" />
    </i>
    <i t="standard adapters">
      <j l="38#1686184" />
    </i>
    <i t="starting repository instances">
      <j l="45#1688124" />
    </i>
    <i t="startup tab">
      <j l="30#1683138" />
    </i>
    <i t="statistics">
      <j l="22#1718568" />
      <j l="24#1679365" />
    </i>
    <i t="stdio sink">
      <j l="32#1683857" />
    </i>
    <i t="stopping repository instances">
      <j l="45#1688124" />
    </i>
    <i t="stopping repository servers">
      <j l="45#1688111" />
    </i>
    <i t="subscriber service">
      <j l="31#1683299" />
    </i>
    <i t="subscribers">
      <j l="36#1685120" />
    </i>
    <i t="support, contacting">
      <j l="8#39302" />
    </i>
  </g>
  <g t="T" o="002">
    <i t="tag area">
      <i t="customized view">
        <j l="26#1680679" />
      </i>
    </i>
    <i t="tags">
      <i t="adding color">
        <j l="26#1680765" />
      </i>
    </i>
    <i t="technical support">
      <j l="8#39302" />
    </i>
    <i t="terminology">
      <j l="29#1682805" />
      <j l="46#1688311" />
    </i>
    <i t="TIBCO Rendezvous">
      <j l="44#1687872" />
    </i>
    <i t="TIBCO_HOME">
      <j l="7#37287" />
    </i>
    <i t="timer">
      <j l="36#1685275" />
    </i>
    <i t="timers folder">
      <j l="35#1684791" />
    </i>
    <i t="toolbar">
      <j l="22#1677956" />
      <j l="24#1679413" />
      <j l="26#1680431" />
    </i>
    <i t="toolbar buttons">
      <j l="21#1677244" />
    </i>
    <i t="traces">
      <i t="maximum file size">
        <j l="32#1683823" />
      </i>
      <i t="number of rollover files">
        <j l="32#1683823" />
      </i>
      <i t="overwrite vs. append">
        <j l="32#1683826" />
      </i>
    </i>
    <i t="transaction controls">
      <j l="34#1684540" />
    </i>
    <i t="transaction controls folder">
      <j l="35#1684801" />
    </i>
    <i t="type right-button menu">
      <j l="26#1680692" />
    </i>
  </g>
  <g t="U" o="002">
    <i t="unacknowledged messages">
      <j l="33#1684144" />
    </i>
    <i t="understanding file count and file limit">
      <j l="32#1683840" />
    </i>
    <i t="union fields">
      <j l="39#1686459" />
    </i>
    <i t="union members">
      <j l="39#1686745" />
      <j l="39#1686768" />
      <j l="39#1686789" />
      <j l="39#1686813" />
    </i>
    <i t="union reference">
      <j l="39#1686745" />
    </i>
    <i t="unions">
      <j l="39#1686734" />
      <j l="39#1686738" />
    </i>
    <i t="unparsed entity">
      <j l="24#1680080" />
      <j l="24#1680087" />
    </i>
  </g>
  <g t="V" o="002">
    <i t="viewing attributes">
      <j l="46#1688284" />
    </i>
  </g>
  <g t="X" o="002">
    <i t="XA control pool">
      <j l="34#1684666" />
    </i>
    <i t="XML">
      <i t="introduction">
        <j l="20" />
      </i>
    </i>
    <i t="XML file">
      <j l="47#1688514" />
      <j l="47#1688524" />
    </i>
    <i t="XML instance editing environment">
      <j l="26#1680404" />
    </i>
    <i t="XML instance exercise">
      <j l="27" />
    </i>
    <i t="XML menu">
      <j l="26#1680437" />
    </i>
    <i t="XML menu (instance resources)">
      <j l="21#1677536" />
    </i>
    <i t="XML resource">
      <j l="21#1676795" />
    </i>
    <i t="XML schema exercises">
      <j l="23" />
    </i>
    <i t="XML tools palette">
      <i t="getting started">
        <j l="21" />
      </i>
    </i>
    <i t="XML tools palette resources">
      <i t="common table columns">
        <j l="21#1677227" />
      </i>
    </i>
  </g>
</WebWorksHelpIX>