<?xml version="1.0" encoding="utf-8"?>
<WebWorksHelpTOC version="5.0" xmlns="urn:WebWorks-Help-TOC-Schema">
  <i t="Figures" l="2" />
  <i t="Tables" l="3" />
  <i t="Preface" l="4">
    <i t="Changes from the Previous Release of this Guide" l="5" />
    <i t="Related Documentation" l="6">
      <i t="TIBCO Designer Documentation" l="6#42167" />
      <i t="Other TIBCO Product Documentation" l="6#24887" />
    </i>
    <i t="Typographical Conventions" l="7" />
    <i t="Connecting with TIBCO Resources" l="8">
      <i t="How to Join TIBCOmmunity" l="8#39327" />
      <i t="How to Access All TIBCO Documentation" l="8#39357" />
      <i t="How to Contact TIBCO Support" l="8#39302" />
    </i>
  </i>
  <i t="Chapter 1 General Palette" l="9">
    <i t="Introduction" l="10" />
    <i t="AliasLibrary" l="11" />
    <i t="Enterprise Archive" l="12" />
    <i t="Folder" l="13" />
    <i t="Generic Image Resource" l="14" />
    <i t="Identity" l="15">
      <i t="Certificate/Private Key Identity" l="15#1676016" />
      <i t="Identity File" l="15#1676020" />
      <i t="Username/ Password" l="15#1676024" />
    </i>
    <i t="LibraryBuilder" l="16" />
    <i t="Task List" l="17" />
    <i t="Text Document" l="18" />
  </i>
  <i t="Chapter 2 XML Tools Palette" l="19">
    <i t="Introduction to XML" l="20" />
    <i t="Getting Started with the XML Tools Palette" l="21">
      <i t="Creating a New Resource" l="21#1676793" />
      <i t="Features" l="21#1676817" />
      <i t="Getting Started with Schema and DTD Resources" l="21#1676831" />
      <i t="Getting Started with Instance Resources" l="21#1676940" />
      <i t="Panels" l="21#1677041" />
      <i t="Common Columns In Tables" l="21#1677220" />
      <i t="Toolbar Buttons" l="21#1677244" />
      <i t="Menu Options" l="21#1677368" />
      <i t="Content Model Diagram" l="21#1677675" />
    </i>
    <i t="Schema" l="22">
      <i t="Configuration Tab" l="22#1775252" />
      <i t="Schema Properties Panel" l="22#1718568" />
      <i t="Toolbar" l="22#1677956" />
      <i t="Schema Menu" l="22#1677962" />
      <i t="Elements/Types Panel" l="22#1677971" />
      <i t="Elements/Types List" l="22#1716533" />
      <i t="Content Model Diagram" l="22#1678258" />
      <i t="Attributes Panel" l="22#1678266" />
      <i t="Overview Panel" l="22#1678374" />
      <i t="Properties Panel" l="22#1678535" />
      <i t="Advanced Panel" l="22#1678704" />
      <i t="Simple Types Panel" l="22#1678854" />
      <i t="Schema Props Panel" l="22#1678926" />
      <i t="Validations Panel" l="22#1678938" />
      <i t="Component Doc Panel" l="22#1678954" />
      <i t="Source Panel" l="22#1678997" />
    </i>
    <i t="XML Schema Exercises" l="23">
      <i t="Exercise 1: Building a Simple Schema" l="23#1679005" />
      <i t="Exercise 2: Defining and Deriving Complex and Simple Types" l="23#1679201" />
    </i>
    <i t="DTD" l="24">
      <i t="Configuration Panel" l="24#1679351" />
      <i t="Toolbar" l="24#1679413" />
      <i t="Schema Menu" l="24#1679419" />
      <i t="Elements Panel" l="24#1679428" />
      <i t="The Element List" l="24#1679432" />
      <i t="The Content Model Diagram" l="24#1679697" />
      <i t="Attributes Panel" l="24#1679705" />
      <i t="Overview Panel" l="24#1679864" />
      <i t="Properties Panel" l="24#1679961" />
      <i t="Advanced Panel" l="24#1679982" />
      <i t="Schema Properties Panel" l="24#1680173" />
      <i t="Errors Panel" l="24#1680177" />
      <i t="Notes Panel" l="24#1680193" />
      <i t="Source Panel" l="24#1680232" />
    </i>
    <i t="DTD Exercise" l="25" />
    <i t="Instance" l="26">
      <i t="Configuration Panel" l="26#1680419" />
      <i t="Toolbar" l="26#1680431" />
      <i t="XML Menu" l="26#1680437" />
      <i t="Setting a Schema" l="26#1680445" />
      <i t="Content Panel" l="26#1680457" />
      <i t="Content Panel: Tag Area" l="26#1680486" />
      <i t="Content Panel: Edit Area" l="26#1680817" />
      <i t="Errors Panel" l="26#1680969" />
      <i t="Source Panel" l="26#1680985" />
    </i>
    <i t="XML Instance Exercise" l="27">
      <i t="Getting Started" l="27#1681006" />
      <i t="Building Your Document" l="27#1681047" />
      <i t="Customizing and Populating Your Document" l="27#1681097" />
    </i>
  </i>
  <i t="Chapter 3 Adapter Resources Palette" l="28">
    <i t="Specifying Generic Adapter Configurations" l="29">
      <i t="Overview" l="29#1682633" />
      <i t="Configuring a New Adapter Instance" l="29#1682652" />
      <i t="Adding Services to Your Adapter" l="29#1682684" />
      <i t="Advanced Adapter Configuration" l="29#1682730" />
      <i t="Adding Custom Log Sinks to Your Adapter" l="29#1682753" />
      <i t="Adding Extended Properties to Your Adapter" l="29#1682789" />
      <i t="Adding Custom Hawk Microagents to Your Adapter" l="29#1682873" />
      <i t="A Note on Global Variables" l="29#1682900" />
      <i t="Using a Message Filter" l="29#1682905" />
      <i t="Testing Your Adapter Using Adapter Tester" l="29#1682951" />
    </i>
    <i t="Generic Adapter Configuration Reference" l="30">
      <i t="Configuration Tab" l="30#1683056" />
      <i t="Logging Tab" l="30#1683094" />
      <i t="Startup Tab" l="30#1683138" />
      <i t="Monitoring Tab" l="30#1683154" />
    </i>
    <i t="Services Reference" l="31">
      <i t="Publication Service" l="31#1683193" />
      <i t="Subscription Service" l="31#1683299" />
      <i t="Request-Response Invocation Service" l="31#1683397" />
      <i t="Request-Response Service" l="31#1683491" />
    </i>
    <i t="Custom Log Sink Reference" l="32">
      <i t="Log Sinks Overview" l="32#1683777" />
      <i t="File Sink" l="32#1683805" />
      <i t="stdio Sink" l="32#1683857" />
      <i t="Network Sink" l="32#1683875" />
      <i t="Hawk Sink" l="32#1683907" />
      <i t="Adding Roles to Sinks" l="32#1683933" />
    </i>
    <i t="Sessions Reference" l="33">
      <i t="RV Session" l="33#1683998" />
      <i t="RVA Session" l="33#1684039" />
      <i t="RVCM Session" l="33#1684071" />
      <i t="RVCMQ Session" l="33#1684152" />
      <i t="RVTX Session" l="33#1684232" />
      <i t="JMS Session" l="33#1684286" />
    </i>
    <i t="Transaction Control and Advisory Reference" l="34">
      <i t="Transaction Controls" l="34#1684540" />
      <i t="Advisories" l="34#1684694" />
    </i>
    <i t="Folder Reference" l="35">
      <i t="Overview" l="35#1684739" />
      <i t="Adapter Services Folder" l="35#1684753" />
      <i t="Advanced Folder" l="35#1684759" />
      <i t="Log Sinks Folder" l="35#1684765" />
      <i t="Sessions Folder" l="35#1684779" />
      <i t="Timers Folder" l="35#1684791" />
      <i t="Transaction Controls Folder" l="35#1684801" />
      <i t="Advisories Folder" l="35#1684811" />
      <i t="Metadata URLs Folder" l="35#1684820" />
    </i>
    <i t="Endpoint Reference" l="36">
      <i t="Endpoints Overview" l="36#1684882" />
      <i t="Publisher Endpoints" l="36#1684886" />
      <i t="Subscriber Endpoints" l="36#1685076" />
      <i t="Client / Request-Response Invocation Service Endpoints" l="36#1685153" />
      <i t="Server / Request-Response Service Endpoints" l="36#1685219" />
      <i t="Timer" l="36#1685275" />
      <i t="Adding Schema to Endpoints" l="36#1685300" />
    </i>
  </i>
  <i t="Chapter 4 Adapter Schema Palette" l="37">
    <i t="Understanding Schema Management" l="38">
      <i t="Managing Schema for Standard Adapters With Custom Palettes" l="38#1686136" />
      <i t="Managing Schema for Adapters that Are Loaded Into GAC" l="38#1686153" />
      <i t="Managing Schema for Custom Adapters Created with the SDK" l="38#1686157" />
      <i t="How TIBCO Applications Use Schema Data" l="38#1686166" />
      <i t="Configuring Standard Adapter Endpoints and Schema" l="38#1686227" />
      <i t="Defining Custom Adapter Schema" l="38#1686273" />
    </i>
    <i t="TIBCO Designer Schema Reference" l="39">
      <i t="AESchemas Folder" l="39#1686357" />
      <i t="Adapter Schemas Palette" l="39#1686370" />
      <i t="Classes" l="39#1686378" />
      <i t="Defining a Class with Attributes" l="39#1686395" />
      <i t="Defining a Class with Operations" l="39#1686505" />
      <i t="Operations" l="39#1686550" />
      <i t="Scalars" l="39#1686700" />
      <i t="Unions" l="39#1686734" />
      <i t="Sequences" l="39#1686861" />
      <i t="Associations" l="39#1686873" />
    </i>
    <i t="Schema Resource Reference" l="40">
      <i t="Class Reference" l="40#1686948" />
      <i t="Scalar Reference" l="40#1686964" />
      <i t="Union Reference" l="40#1686980" />
      <i t="Sequence Reference" l="40#1686996" />
      <i t="Generic Class" l="40#1687012" />
      <i t="Generic Scalar" l="40#1687040" />
      <i t="Generic Union" l="40#1687065" />
      <i t="Generic Sequence" l="40#1687090" />
      <i t="Class Field" l="40#1687115" />
      <i t="Scalar Field" l="40#1687125" />
      <i t="Union Field" l="40#1687135" />
      <i t="Sequence Field" l="40#1687145" />
    </i>
    <i t="TIBCO Designer Adapter Schema Folders" l="41">
      <i t="Folder Resource" l="41#1687202" />
      <i t="AESchemas Folder" l="41#1687208" />
      <i t="Classes Folder" l="41#1687216" />
      <i t="Scalars Folder" l="41#1687219" />
      <i t="Unions Folder" l="41#1687228" />
      <i t="Sequences Folder" l="41#1687234" />
      <i t="Associations Folder" l="41#1687241" />
    </i>
  </i>
  <i t="Chapter 5 Repository Palette" l="42">
    <i t="Introduction" l="43">
      <i t="Projects and Repositories" l="43#1687656" />
      <i t="Showing the Repository Palette" l="43#1687672" />
      <i t="Repository Finder Tool" l="43#1687678" />
      <i t="Using Repository Finder to Locate Repositories" l="43#1687702" />
    </i>
    <i t="Navigating the Repository Hierarchy" l="44">
      <i t="Repository Palette" l="44#1687854" />
    </i>
    <i t="Managing Repository Instances" l="45">
      <i t="Creating Repository Instances" l="45#1687928" />
      <i t="Specifying Additional Repository Information" l="45#1687990" />
      <i t="Cloning Repository Instances" l="45#1688048" />
      <i t="Deleting Repository Instances" l="45#1688097" />
      <i t="Stopping a Repository Server" l="45#1688111" />
      <i t="Starting or Stopping a Repository Instance" l="45#1688124" />
    </i>
    <i t="Managing Repository Content" l="46">
      <i t="Exporting and Importing Repository Instances" l="46#1688165" />
      <i t="Adding TIBCO Repository Directories and Objects" l="46#1688233" />
      <i t="Advanced Repository Management" l="46#1688254" />
      <i t="Viewing Attributes of Repository Objects" l="46#1688284" />
      <i t="Modifying Attributes Inside Repository Objects" l="46#1688303" />
    </i>
    <i t="Menus and Toolbar Icons" l="47">
      <i t="Repository Server Menu" l="47#1688430" />
      <i t="Repository Instance Menu" l="47#1688457" />
      <i t="Toolbar Icons" l="47#1688503" />
    </i>
  </i>
</WebWorksHelpTOC>