<?xml version="1.0" encoding="UTF-8"?>
<feature
      id="com.tibco.tpcl.org.apache.commons.httpclient.feature"
      label="%featureName"
      version="3.1.100.004"
      provider-name="%providerName">

   <description>
      %description
   </description>

   <copyright>
      %copyright
   </copyright>

   <license url="%licenseURL">
      %license
   </license>

   <requires>
      <import feature="com.tibco.tpcl.javax.system.exports.feature" version="5.0.100"/>
      <import feature="com.tibco.tpcl.org.apache.commons.codec.feature" version="1.3.0"/>
      <import feature="com.tibco.tpcl.org.apache.commons.logging.over.slf4j.feature" version="1.5.2"/>
   </requires>

   <plugin
         id="com.tibco.tpcl.org.apache.commons.httpclient"
         download-size="0"
         install-size="0"
         version="3.1.100.003"/>

</feature>
