<?xml version="1.0" encoding="UTF-8" standalone="no"?>
<installcomponents>
    <assemblyProperties displayName="Third Party Core Libraries - XalanC" installLocation="${tpcl.home}"/>
    <installcomponent buildType="formal" currenttimestamp="10-23-2012-07-06-PM" prefix="product_tibco" sizeinbytes="9485304" uid="tpcl_xalanc" version="1.4.0.003">
        <file loc="bin/Xalan-C_1D.lib" md5sum="9dc782f85d1c956fd2da8f0f2407764a" perm="555" sizeinbytes="2229900" timestamp="1042487066000"/>
        <file loc="bin/Xalan-C_1.lib" md5sum="a8ee2b4b7d4ad7428c54e706d052052e" perm="555" sizeinbytes="2196768" timestamp="1042487830000"/>
        <file loc="bin/Xalan-C_1_4D.dll" md5sum="730fb0ccdb4e73a366b53bc2e0f6c6c8" perm="555" sizeinbytes="3301452" timestamp="1042487069000"/>
        <file loc="bin/Xalan-C_1_4.dll" md5sum="c12ab67d14131079cd6fdfad47ae1237" perm="555" sizeinbytes="1748992" timestamp="1042487860000"/>
    </installcomponent>
    <directorylist>
        <dir loc="bin" perm="664" sizeinbytes="9481208"/>
    </directorylist>
</installcomponents>
