<?xml version="1.0" encoding="UTF-8" standalone="no"?>
<installcomponents>
    <installcomponent buildType="formal" currenttimestamp="01-25-2010-09-47-AM" prefix="assembly_tibco" sizeinbytes="1126869.0" uid="com_tibco_tpcl_org_eclipse_equinox_feature" version="3.5.1.001">
        <file loc="features/com.tibco.tpcl.org.eclipse.equinox.feature_3.5.1.001/license.txt" perm="664" timestamp="1250533287000"/>
        <file loc="features/com.tibco.tpcl.org.eclipse.equinox.feature_3.5.1.001/feature.properties" perm="664" timestamp="1250533287000"/>
        <file loc="features/com.tibco.tpcl.org.eclipse.equinox.feature_3.5.1.001/feature.xml" perm="664" timestamp="1250533287000"/>
        <file loc="plugins/org.eclipse.osgi_3.5.1.R35x_v20090806.jar" perm="664" timestamp="1250533290000"/>
    </installcomponent>
    <directorylist>
        <dir loc="features" perm="664"/>
        <dir loc="features/com.tibco.tpcl.org.eclipse.equinox.feature_3.5.1.001" perm="664"/>
        <dir loc="plugins" perm="664"/>
    </directorylist>
</installcomponents>
