{ "DOL_DATA" : { "DOL_ETA_CLOB" : {"VISA_CLASS":"H-2A","TEMPNEED_JOBTITLE":"FARMWORKER","TEMPNEED_SOC":"45-2091","TEMPNEED_SOC_TITLE":"Agricultural Equipment Operators","TEMPNEED_FULLTIME":"Y","TEMPNEED_START":"01-SEP-17","TEMPNEED_END":"30-JUN-18","TEMPNEED_WKR_POS":"2","TEMPNEED_NATURE":"Seasonal","TEMPNEED_DESCRIPTION":"Samuel Ongstad is a commercial grain and bean farming operation in central North Dakota, which has a need for additional temporary farmworkers between the months of September and June of each year. Temporary workers are needed to start in the fall by operating farming equipment to harvest crops. Workers will then commence to haul crops to and from storage facilities throughout the winter months, as well as load and unload crops. Workers will also assist in much needed maintenance work on farm equipment and facility structures, which traditionally takes place in the winter months when most farm equipment lies dormant, as well as calibrate new farm equipment, haul fertilizer, seed and chemicals and prepare the fields for planting in the early spring months. Finally, at the end of the season workers will plant, fertilize and spray crops. By late June all of these duties have come to a close as the farm goes through the slow mid-summer dormancy period Therefore, additional temporary farmworkers are no longer needed by Samuel Ongstad until the following season.","CASE_NUMBER":"H-300-17178-227081","CASE_STATUS":"DETERMINATION ISSUED - CERTIFICATION EXPIRED","CASE_VALID_FROM":"01-SEP-17","CASE_VALID_TO":"30-JUN-18","EMP_BUSINESS_NAME":"SAMUEL ONGSTAD","EMP_TRADE_NAME":"N/A","EMP_ADDR1":"4135 25TH STREET NE","EMP_ADDR2":"N/A","EMP_CITY":"HARVEY","EMP_STATE":"ND","EMP_POSTCODE":"58341","EMP_COUNTRY":"UNITED STATES OF AMERICA","EMP_PROVINCE":"N/A","EMP_PHONE":"701-324-2935","EMP_FEIN":"721596358","EMP_NAICS":"111191","EMP_YEAREST":"1990","EMP_TYPE":"Individual Employer","EMPPOC_LASTNAME":"ONGSTAD","EMPPOC_FIRSTNAME":"SAMUEL","EMPPOC_MIDDLENAME":"N/A","EMPPOC_JOBTITLE":"OWNER","EMPPOC_ADDR1":"4135 25TH STREET NE","EMPPOC_ADDR2":"N/A","EMPPOC_CITY":"HARVEY","EMPPOC_STATE":"ND","EMPPOC_POSTCODE":"58341","EMPPOC_COUNTRY":"UNITED STATES OF AMERICA","EMPPOC_PROVINCE":"N/A","EMPPOC_PHONE":"701-324-2935","EMPPOC_EMAIL":"_N/A@stagemail.doleta.gov","ATTY_REPRESENT":"Y","ATTY_LASTNAME":"MCCUBBIN","ATTY_FIRSTNAME":"ROBERT","ATTY_MIDDLENAME":"GARRETT","ATTY_ADDR1":"1014 SOUTH AVE W","ATTY_ADDR2":"STE B","ATTY_CITY":"MISSOULA","ATTY_STATE":"MT","ATTY_POSTCODE":"59801","ATTY_COUNTRY":"UNITED STATES OF AMERICA","ATTY_PROVINCE":"N/A","ATTY_PHONE":"406-415-3100","ATTY_EMAIL":"ROBERT_H2VISACONSULTANTS.COM@stagemail.doleta.gov","ATTY_BIZNAME":"H2 VISA CONSULTANTS, LLC","ATTY_FEIN":"474932901","JOB_TITLE":"FARMWORKER","JOB_HOURSPERWK":"40","JOB_HOURSTART":"08:00 AM","JOB_HOUREND":"05:00 PM","JOB_SUPERVISOR":"N","JOB_DUTIES":"Operate farming equipment in order to harvest and haul grain crops. Load and unload grain. Haul seed, fertilizer and chemicals. Calibrating new farm equipment and preparing fields for spring planting. Till soil and plant crops. Shop work such as welding and work on facility structures. General servicing and maintenance of facility and farm equipment.","JOB_MINEDU":"None","JOB_MINOTHER":"N/A","JOB_MINEDUMAJOR":"N/A","JOB_MINSECDEGREE":"N","JOB_MINTRAINING":"N","JOB_MINEXP":"Y","JOB_MINEXPMONTHS":"6","JOB_MINEXPOCCU":"AGRICULTURAL EQUIPMENT OPERATION.","JOB_MINSPECIALREQ":"DRIVER''S LICENSE IN 30 DAYS.","JOB_ADDR1":"4135 25TH STREET NE, HARVEY","JOB_ADDR2":"N/A","JOB_CITY":"HARVEY","JOB_COUNTY":"WELLS","JOB_STATE":"ND","JOB_POSTCODE":"58341","JOB_MULITPLESITES":"N","WAGE_FROM":"13.79","WAGE_TO":"13.79","WAGE_PER":"Hour","WAGE_ADDITIONAL":"HOUSING AND TRANSPORTATION PROVIDED BY EMPLOYER.\n\nA GENERAL WORK WEEK IS MONDAY THROUGH FRIDAY FROM 8:00 AM TO 5:00 PM. HOWEVER, BECAUSE OF THE COMPLEXITY OF CROP CONDITIONS WORKERS MAY BE REQUESTED TO WORK LONG DAYS AS WELL AS ON SATURDAYS, SUNDAYS OR FEDERAL HOLIDAYS, DEPENDING UPON THE CONDITIONS OF THE COMMODITIES BEING PRODUCED. THEREFORE, HOURS ABOVE 40 PER WEEK MAY BE OFFERED BUT ARE NOT GUARANTEED. \n\nAPPLICANTS MAY BE OFFERED HIGHER THAN THE ADVERTISED WAGE RANGE DUE TO EXPERIENCE OR MERIT.","REC_SWANAME":"NORTH DAKOTA SWA","REC_JOBORDER":"505939","REC_JOBORDSTART":"26-JUN-17","REC_JOBORDEND":"28-JAN-18","REC_SUNDAYPAPER":"Y","REC_PAPERNAMES":"THE BISMARCK TRIBUNE","REC_ADDITIONAL":"N/A","DECLARE_AGREE_H2A":"Y","CASE_DETERM":"01-AUG-17","CASE_SUBMIT":"27-JUN-17","CHANGED_DATE":"01-JUL-18","LASTMOD_DATE":"01-JUL-18","SUBMIT_IPADDRESS":"72.175.59.174","RNUM":"30"}, "DOL_ETA_WORKSITES" : {"RESPONSECODE":"NO_DATA","RESPONSEMESSAGE":"No data available for this case.","DOLCASENUMBER":"H30017178227081"},"DOL_ETA_EMPLOYERS" : {"RESPONSECODE":"NO_DATA","RESPONSEMESSAGE":"No data available for this case.","DOLCASENUMBER":"H30017178227081"}} }