<?xml version="1.0" encoding="UTF-8" standalone="no"?>
<installcomponents>
    <wizardAction class="com.tibco.installer.wizard.action.TIBCODoStuffWithFilesWizardAction" sequence="post-selection">
        <condition class="com.tibco.installer.wizard.condition.TIBCOFileExistsWizardCondition">
            <property mustBeMet="true"/>
            <property filename="${tra.home.esc}/bin/domainutility.tra"/>
        </condition>
        <property sourceFile="${tra.home.esc}/bin/domainutility.tra"/>
        <property targetFile="${tra.home.esc}/bin/domainutility.tra_prev"/>
        <property fileAction="copy"/>
        <property overwriteExistingFile="true"/>
        <property showProgress="true"/>
        <property description="Saving previous version of domainutility.tra"/>
    </wizardAction>
    <wizardAction class="com.tibco.installer.wizard.action.TIBCODoStuffWithFilesWizardAction" sequence="post-selection">
        <condition class="com.tibco.installer.wizard.condition.TIBCOFileExistsWizardCondition">
            <property mustBeMet="true"/>
            <property filename="${tra.home.esc}/bin/domainutilitycmd.tra"/>
        </condition>
        <property sourceFile="${tra.home.esc}/bin/domainutilitycmd.tra"/>
        <property targetFile="${tra.home.esc}/bin/domainutilitycmd.tra_prev"/>
        <property fileAction="copy"/>
        <property overwriteExistingFile="true"/>
        <property showProgress="true"/>
        <property description="Saving previous version of domainutilitycmd.tra"/>
    </wizardAction>
    <assemblyProperties displayName="TIBCO Runtime Agent Common" installLocation="${tra.home}"/>
    <installcomponent buildType="formal" currenttimestamp="11-14-2012-11-15-AM" prefix="product_tibco" sizeinbytes="17650279" uid="tra_common" version="5.8.0.016">
        <file loc="doc/auth/javadoc/AuthAPI-javadoc.jar" md5sum="33e1f5d8b612fceb3636a9de95faa823" perm="644" sizeinbytes="86104" timestamp="1351892263000"/>
        <file loc="doc/auth/javadoc/AuthAPIimpl-javadoc.jar" md5sum="9c700a9ee52706e885567efe9a6f44be" perm="644" sizeinbytes="86104" timestamp="1351892264000"/>
        <file loc="schema/AEService.xsd" md5sum="6fdefdc9220ea58ab05d1bf076db8cd7" perm="644" sizeinbytes="26414" timestamp="1352260993000"/>
        <file loc="schema/AESchema.xsd" md5sum="b130b02d4a490b46642f24a0828b7d78" perm="644" sizeinbytes="21292" timestamp="1352260993000"/>
        <file loc="schema/AESDK.xsd" md5sum="a055d18a1b2cdcb731daee4430199e1a" perm="644" sizeinbytes="38433" timestamp="1352260993000"/>
        <file loc="schema/examples/myAdapter.xml" md5sum="804b9b0cd6fdaf4d8ec3ba80fbaac3d9" perm="644" sizeinbytes="31232" timestamp="1352260992000"/>
        <file loc="schema/examples/myAdapter.xsd" md5sum="9dfde9f8f60c0c1a13a14902dbabeeff" perm="644" sizeinbytes="1521" timestamp="1352260992000"/>
        <file loc="schema/genericAdapter.xsd" md5sum="277577ba171f0c3ed8f14133b8471952" perm="644" sizeinbytes="873" timestamp="1352260993000"/>
        <file loc="schema/apps/MessageBroker.xsd" md5sum="314cf4f6c5d28800708aa7a0898f8c88" perm="644" sizeinbytes="15910" timestamp="1352260992000"/>
        <file loc="schema/Repository.xsd" md5sum="2fc5ad1af8a32939fb43a8234b9550af" perm="644" sizeinbytes="4664" timestamp="1352260993000"/>
        <file loc="lib/TIBCOSecurityTomcat.jar" md5sum="475c12c1f10a0202bdbf52a40437783d" perm="555" sizeinbytes="20860" timestamp="1351270079000"/>
        <file loc="lib/TIBCOAuthAPI.jar" md5sum="813ce564df5520d2b7caa9abf4082222" perm="555" sizeinbytes="15858" timestamp="1352269482000"/>
        <file loc="lib/muitools.jar" md5sum="4238a40eda2780f21018b6a358d12006" perm="555" sizeinbytes="93084" timestamp="1350588645000"/>
        <file loc="lib/repository_mappers/TIBCOadaptermappers.jar" md5sum="2c3064facdd164c47c72e11fd647c1fb" perm="755" sizeinbytes="95899" timestamp="1352146068000"/>
        <file loc="lib/repository_mappers/designerobjectrepomapper.jar" md5sum="b0bbffebfd4c363ae5bca63b29f5607b" perm="555" sizeinbytes="18504" timestamp="1352919440000"/>
        <file loc="lib/tibcryptx_pswd.jar" md5sum="27dc218be3ed217aa6ea507f24ffab43" perm="555" sizeinbytes="108129" timestamp="1324321132000"/>
        <file loc="lib/auth.jar" md5sum="a918dbde38e9ee8812c9fe53dd36727a" perm="555" sizeinbytes="24357" timestamp="1285710046000"/>
        <file loc="lib/TIBCOUserAPI.jar" md5sum="c2bb282468d66efe674a92018568ec5f" perm="555" sizeinbytes="10684" timestamp="1352269482000"/>
        <file loc="lib/designerhelp.jar" md5sum="c2226f8b24fd93f2438f687d7c475999" perm="555" sizeinbytes="345" timestamp="1352919440000"/>
        <file loc="lib/filteredfiles.txt" md5sum="d246168416980f8cd6a4f07095986607" perm="644" sizeinbytes="559" timestamp="1352269481000"/>
        <file loc="lib/TIBqd.jar" md5sum="002e5ac9956fe3df3787f22c7f0d8320" perm="555" sizeinbytes="108547" timestamp="1014409710000"/>
        <file loc="lib/palettes/ad_palette.jar" md5sum="0d2e2a0b9dd7722a49268f5a4c9b4259" perm="555" sizeinbytes="541733" timestamp="1352919439000"/>
        <file loc="lib/palettes/cvsrcs.jar" md5sum="1fb2b04e1c311449010090e3602382be" perm="555" sizeinbytes="576" timestamp="1352919439000"/>
        <file loc="lib/palettes/designerpalettes.jar" md5sum="52a4fc8842acbaa31898fa4621292614" perm="555" sizeinbytes="3952235" timestamp="1352919440000"/>
        <file loc="lib/palettes/pvcsrcs.jar" md5sum="e8058414ede99a750c30d97cfca340b3" perm="555" sizeinbytes="582" timestamp="1352919440000"/>
        <file loc="lib/palettes/TurboPalette.jar" md5sum="c9550252d2619f81bf2906eb5a619905" perm="555" sizeinbytes="64139" timestamp="1284504149000"/>
        <file loc="lib/palettes/davstore.jar" md5sum="40c6664a5d2f56118baffcfd7d94e013" perm="555" sizeinbytes="254778" timestamp="1251937156000"/>
        <file loc="lib/palettes/clearcasercs.jar" md5sum="6c2517817e4002b3535d72d6d1ffc717" perm="555" sizeinbytes="608" timestamp="1352919439000"/>
        <file loc="lib/palettes/vssrcs.jar" md5sum="d9e952ee916eba9de723bb4683339e91" perm="555" sizeinbytes="613" timestamp="1352919440000"/>
        <file loc="lib/palettes/perforcercs.jar" md5sum="08e1a706e7c96ae2d6c4fb198117c903" perm="555" sizeinbytes="600" timestamp="1352919440000"/>
        <file loc="lib/TIBCrypt.jar" md5sum="bd73af72d298bc629a6257a3d84f188e" perm="555" sizeinbytes="381574" timestamp="1351268781000"/>
        <file loc="lib/AppManage.jar" md5sum="31a15a92a5b37e10c0cba44e173f7d26" perm="555" sizeinbytes="248660" timestamp="1352269479000"/>
        <file loc="lib/turbosdk.jar" md5sum="b88e644a76116dcc1d8808284b4db155" perm="555" sizeinbytes="3526214" timestamp="1284504142000"/>
        <file loc="lib/TIBCOAuthAPIimpl.jar" md5sum="37c66de25656507df20c76d65b5427c6" perm="555" sizeinbytes="42921" timestamp="1352269482000"/>
        <file loc="lib/TIBCOdesigner.jar" md5sum="29e367dd20065748a1273df9f62e2e5a" perm="555" sizeinbytes="2793301" timestamp="1352919440000"/>
        <file loc="lib/neo-common-util.jar" md5sum="597c0dc942d0509cc37db9ae91885ef0" perm="555" sizeinbytes="122949" timestamp="1315438553000"/>
        <file loc="lib/Deployment.jar" md5sum="13168741fbcbe8b273d08275624b38c9" perm="555" sizeinbytes="300983" timestamp="1352269480000"/>
        <file loc="lib/AuthAPI-javadoc.jar" md5sum="33e1f5d8b612fceb3636a9de95faa823" perm="555" sizeinbytes="86104" timestamp="1352269480000"/>
        <file loc="lib/tramodify.jar" md5sum="f344d97d27adc902e9c8f26d658f8b0f" perm="555" sizeinbytes="24121" timestamp="1078940820000"/>
        <file loc="lib/AuthAPIimpl-javadoc.jar" md5sum="9c700a9ee52706e885567efe9a6f44be" perm="555" sizeinbytes="86104" timestamp="1352269480000"/>
        <file loc="lib/TIBCOrt.jar" md5sum="cebdf60c6c3ba28a7603f51d84f15819" perm="555" sizeinbytes="4181636" timestamp="1352416951000"/>
        <file loc="config/security/NormalPolicy.xml" md5sum="a27b05ab5dc2c872c38de4972db3f716" perm="644" sizeinbytes="598" timestamp="1287024841000"/>
        <file loc="config/security/StrongPolicy.xml" md5sum="437ad629ec053715c92b4bb9bee26260" perm="644" sizeinbytes="825" timestamp="1287024841000"/>
        <file loc="config/security/PasswordPolicy.xsd" md5sum="a8101303912e342e40085d59fa0a8393" perm="644" sizeinbytes="5037" timestamp="1287024841000"/>
        <file loc="config/security/DefaultPolicy.xml" md5sum="469cd7010a69442462fd56bafa8332e5" perm="644" sizeinbytes="371" timestamp="1287024841000"/>
        <file loc="version.txt" md5sum="81437d6f63715852d0a82fd332a1d997" perm="444" sizeinbytes="2160" timestamp="1352878026000"/>
        <file loc="sample/auth/src/com/tibco/ext/sample/SampleAuthAPIUsage.java" md5sum="e1ace44dba8f6621b69fc3c47cb58ae2" perm="644" sizeinbytes="13379" timestamp="1352260985000"/>
        <file loc="sample/auth/bin/RunSample.tra_template" md5sum="8a0cc3f1b4c913c034a27f5307825e58" perm="555" sizeinbytes="2981" timestamp="1352260985000"/>
        <file loc="bin/buildear.tra_template" md5sum="4788f1971d4014e0166f427b0dfecef3" perm="644" sizeinbytes="3057" timestamp="1352919420000"/>
        <file loc="bin/RepoDelete.tra_template" md5sum="a53903ef481c91f7c7300b0615b064e1" perm="644" sizeinbytes="2400" timestamp="1352260981000"/>
        <file loc="bin/CorpUserSynchronizer.tra_template" md5sum="a3523a971623784c4b3aa0cd5874923e" perm="644" sizeinbytes="2344" timestamp="1352260981000"/>
        <file loc="bin/ae2xsd.tra_template" md5sum="223c482ab0605bcbd6895a90fbac467d" perm="644" sizeinbytes="1176" timestamp="1352416460000"/>
        <file loc="bin/RepoConvert.tra_template" md5sum="9b0a94c94304685bed22eae8882fffbc" perm="644" sizeinbytes="2634" timestamp="1352260981000"/>
        <file loc="bin/seed.tra_template" md5sum="e06a6433933233f6aeecb6b0561cd610" perm="644" sizeinbytes="1981" timestamp="1352260981000"/>
        <file loc="bin/traDBConfig.tra_template" md5sum="7b9d8ccee55d02dbc2b041f8e85f4814" perm="644" sizeinbytes="2121" timestamp="1352260981000"/>
        <file loc="bin/AppManage.tra_template" md5sum="acb7169f5eb5ef097dc19c29d46d0ac1" perm="644" sizeinbytes="2363" timestamp="1352260981000"/>
        <file loc="bin/RepoRename.tra_template" md5sum="310e894fda97f0470cc055c6fd970065" perm="644" sizeinbytes="2376" timestamp="1352260981000"/>
        <file loc="bin/DeleteInvalidUsers.tra_template" md5sum="bf17ea1d33b0dcb0f838b3ae776f88cc" perm="644" sizeinbytes="2348" timestamp="1352260981000"/>
        <file loc="bin/ImportDomainSecurity.tra_template" md5sum="8aed35072a816857bcec3733a26f5884" perm="644" sizeinbytes="2372" timestamp="1352260981000"/>
        <file loc="bin/RepoDeleteInstance.tra_template" md5sum="3540348a9a5d4d70a5f488610cee9248" perm="644" sizeinbytes="2394" timestamp="1352260981000"/>
        <file loc="bin/obfuscate.tra_template" md5sum="3b705a51e2b8765698b4ff41625c4033" perm="644" sizeinbytes="2158" timestamp="1352260982000"/>
        <file loc="bin/repoConvert.ini" md5sum="6cc3c6da90e373d3915da15013f7c143" perm="644" sizeinbytes="2526" timestamp="1352260981000"/>
        <file loc="bin/RepoPing.tra_template" md5sum="c48b9fd566b2dc5404e058d995e8a3f1" perm="644" sizeinbytes="2377" timestamp="1352260981000"/>
        <file loc="bin/RepoExport.tra_template" md5sum="edb2c05752183592f755b7686d6a9564" perm="644" sizeinbytes="2506" timestamp="1352260982000"/>
        <file loc="bin/domainutilitycmd.tra_template" md5sum="3a11f5b7119f224e56b7f6324a6606c1" perm="644" sizeinbytes="2886" timestamp="1352260981000"/>
        <file loc="bin/RepoDiff.tra_template" md5sum="b5b497e9af3e70ea3529ed60e02e177d" perm="644" sizeinbytes="2294" timestamp="1352260981000"/>
        <file loc="bin/namespace.ini" md5sum="02baf40010ff7791d35c0efd6fd621a5" perm="644" sizeinbytes="334" timestamp="1352260980000"/>
        <file loc="bin/tra.tra_template" md5sum="7cf2f2c5ef6a1dfb6b28049c178ac4c5" perm="644" sizeinbytes="1131" timestamp="1352416460000"/>
        <file loc="bin/tramodify.tra_template" md5sum="10fe3e8c588e2d40176b447c232aef7e" perm="644" sizeinbytes="3158" timestamp="1078940820000"/>
        <file loc="bin/RedeployAllAppsForUser.tra_template" md5sum="db4ef5e6491ce507e94cb449467224ba" perm="644" sizeinbytes="2374" timestamp="1352260982000"/>
        <file loc="bin/ExportDomainSecurity.tra_template" md5sum="9bdf63351538cf1b711614073aca7b0e" perm="644" sizeinbytes="2372" timestamp="1352260981000"/>
        <file loc="bin/domainutility.tra_template" md5sum="b8f4d9146cd5c1c3750f4185cff10108" perm="644" sizeinbytes="2968" timestamp="1352260981000"/>
        <file loc="bin/RepoCreateInstance.tra_template" md5sum="2c115fdf67f371d463a44a1ec0c35be3" perm="644" sizeinbytes="2381" timestamp="1352260981000"/>
        <file loc="bin/CorpRoleSynchronizer.tra_template" md5sum="bc7c23f700e55fdd9f612eace8dc6485" perm="644" sizeinbytes="2346" timestamp="1352260981000"/>
        <file loc="bin/traUpgradeManager.tra_template" md5sum="775df07be77af1b6636b9716ef24d7e3" perm="644" sizeinbytes="2119" timestamp="1352260981000"/>
        <file loc="bin/localInstanceInfo.ini" md5sum="8460e3688452f8cfe4948554929282ea" perm="644" sizeinbytes="2628" timestamp="1352260981000"/>
        <file loc="bin/RepoListInstances.tra_template" md5sum="221bcfba6e62500c256ae75a6b8845e0" perm="644" sizeinbytes="2386" timestamp="1352260981000"/>
        <file loc="bin/AppStatusCheck.tra_template" md5sum="cb1dca817d0d302df515335e853e9df9" perm="644" sizeinbytes="2357" timestamp="1352260981000"/>
        <file loc="bin/schemas.xml_template" md5sum="fb4fcffe34bb31203d16b7068f03eb77" perm="644" sizeinbytes="833" timestamp="1352260980000"/>
        <file loc="bin/RepoImport.tra_template" md5sum="f0b8e6b1dbd210dc1250b8c8759b07e8" perm="644" sizeinbytes="2506" timestamp="1352260982000"/>
        <file loc="bin/MUILangChooser.tra_template" md5sum="a1fbc6fb4420bd2315cd6214391c090c" perm="644" sizeinbytes="2266" timestamp="1350588539000"/>
        <file loc="bin/remoteInstanceInfo.ini" md5sum="c4c510b4c772231cc25874c06561588d" perm="644" sizeinbytes="1830" timestamp="1352260982000"/>
        <file loc="setup/post-install.xml" md5sum="96445e5ac862ac68a2aad49931e825b1" perm="644" sizeinbytes="34614" timestamp="1352416454000"/>
    </installcomponent>
    <directorylist>
        <dir loc="doc" perm="664" sizeinbytes="188592"/>
        <dir loc="doc/auth" perm="664" sizeinbytes="184496"/>
        <dir loc="doc/auth/javadoc" perm="664" sizeinbytes="176304"/>
        <dir isEmpty="true" loc="doc/auth/pdf" perm="664" sizeinbytes="4096"/>
        <dir loc="schema" perm="664" sizeinbytes="152627"/>
        <dir loc="schema/examples" perm="664" sizeinbytes="36849"/>
        <dir loc="schema/apps" perm="664" sizeinbytes="20006"/>
        <dir loc="lib" perm="664" sizeinbytes="17119545"/>
        <dir loc="lib/repository_mappers" perm="664" sizeinbytes="118499"/>
        <dir loc="lib/palettes" perm="664" sizeinbytes="4819960"/>
        <dir loc="config" perm="664" sizeinbytes="15023"/>
        <dir loc="config/security" perm="664" sizeinbytes="10927"/>
        <dir loc="sample" perm="664" sizeinbytes="49128"/>
        <dir loc="sample/auth" perm="664" sizeinbytes="45032"/>
        <dir loc="sample/auth/src" perm="664" sizeinbytes="33859"/>
        <dir loc="sample/auth/src/com" perm="664" sizeinbytes="29763"/>
        <dir loc="sample/auth/src/com/tibco" perm="664" sizeinbytes="25667"/>
        <dir loc="sample/auth/src/com/tibco/ext" perm="664" sizeinbytes="21571"/>
        <dir loc="sample/auth/src/com/tibco/ext/sample" perm="664" sizeinbytes="17475"/>
        <dir loc="sample/auth/bin" perm="664" sizeinbytes="7077"/>
        <dir loc="bin" perm="664" sizeinbytes="80398"/>
        <dir loc="setup" perm="664" sizeinbytes="38710"/>
    </directorylist>
</installcomponents>
