<?xml version="1.0" encoding="UTF-8" standalone="no"?>
<installcomponents>
    <assemblyProperties displayName="TIBCO Rendezvous Common"/>
    <wizardAction class="com.tibco.installer.wizard.action.TIBCORunExternalClassWizardAction" sequence="post-selection">
        <condition class="com.tibco.installer.wizard.condition.TIBCOCheckPlatformWizardCondition">
            <property mustBeMet="true"/>
            <property platform="windows"/>
        </condition>
        <property jarFile="rv_common.jar"/>
        <property classname="com.tibco.installer.product.rv_common.TIBCOCheckRVAlreadyExists"/>
    </wizardAction>
    <wizardAction class="com.tibco.installer.wizard.action.TIBCOProductAlreadyInstalledWizardAction" conditionOperator="AND" sequence="post-selection">
        <condition class="com.tibco.installer.wizard.condition.TIBCOCheckDependencyWizardCondition">
            <property mustBeMet="true"/>
            <property uid="Required_rv"/>
            <property parentid="rv"/>
            <property type="feature"/>
            <property version="8.4.0"/>
            <property mustBeInstalled="true"/>
        </condition>
        <condition class="com.tibco.installer.wizard.condition.TIBCOCheckDependencyWizardCondition">
            <property mustBeMet="false"/>
            <property uid="Required_rv"/>
            <property parentid="rv"/>
            <property type="feature"/>
            <property version="8.4.2"/>
            <property mustBeInstalled="true"/>
        </condition>
    </wizardAction>
    <wizardAction class="com.tibco.installer.wizard.action.TIBCORemoveWindowsShortcutWizardAction" sequence="post-install">
        <property shortcutFolder="TIBCO/${tibco.environment.name}/TIBCO Rendezvous 8.3"/>
        <property shortcutName="Readme"/>
    </wizardAction>
    <wizardAction class="com.tibco.installer.wizard.action.TIBCORemoveWindowsShortcutWizardAction" sequence="post-install">
        <property shortcutFolder="TIBCO/${tibco.environment.name}/TIBCO Rendezvous 8.3"/>
        <property shortcutName="Release Notes"/>
    </wizardAction>
    <wizardAction class="com.tibco.installer.wizard.action.TIBCORemoveWindowsShortcutWizardAction" sequence="post-install">
        <property shortcutFolder="TIBCO/${tibco.environment.name}/TIBCO Rendezvous 8.3"/>
        <property shortcutName="Universal Uninstaller"/>
    </wizardAction>
    <installcomponent buildType="formal" currenttimestamp="02-11-2014-10-50-PM" prefix="product_tibco" sizeinbytes="16624" uid="rv_common" version="8.4.2.005">
        <file loc=".uninstall/post-install.xml" md5sum="77f0bc9687ce4ed7193d58b61635a994" perm="444" sizeinbytes="8432" timestamp="1392150924000"/>
    </installcomponent>
    <directorylist>
        <dir loc=".uninstall" perm="664" sizeinbytes="12528"/>
    </directorylist>
</installcomponents>
