<?xml version="1.0" encoding="UTF-8" standalone="no"?>
<installcomponents>
    <assemblyProperties displayName="TIBCO Hawk Common" installLocation="${hawk.home}"/>
    <wizardAction class="com.tibco.installer.wizard.action.TIBCOCreateWindowsShortcutWizardAction" sequence="post-install">
        <property shortcutFolder="TIBCO/${tibco.environment.name}/TIBCO Hawk ${hawk.short.version}"/>
        <property shortcutName="Readme"/>
        <property shortcutTarget="${tibco.home}/release_notes/tib_hawk_4.9.0_readme.txt"/>
        <property shortcutArgs=""/>
        <property shortcutIcon=""/>
        <property shortcutWorkingDirectory="${hawk.home}"/>
    </wizardAction>
    <wizardAction class="com.tibco.installer.wizard.action.TIBCORemoveWindowsShortcutWizardAction" sequence="post-uninstall">
        <property shortcutFolder="TIBCO/${tibco.environment.name}/TIBCO Hawk ${hawk.short.version}"/>
        <property shortcutName="Readme"/>
    </wizardAction>
    <wizardAction class="com.tibco.installer.wizard.action.TIBCOJavaHomePanelWizardAction" sequence="post-selection">
        <condition class="com.tibco.installer.wizard.condition.TIBCOCheckDependencyWizardCondition">
            <property mustBeMet="false"/>
            <property uid="product_tibco_tibcojava"/>
            <property type="assembly"/>
            <property version="1.6.0"/>
            <property mustBeInstalled="false"/>
        </condition>
        <condition class="com.tibco.installer.wizard.condition.TIBCOCheckDependencyWizardCondition">
            <property mustBeMet="false"/>
            <property uid="product_tibco_tibcojava64"/>
            <property type="assembly"/>
            <property version="1.6.0"/>
            <property mustBeInstalled="false"/>
        </condition>
        <property bidirectional="True"/>
        <property displayName="TIBCO Java Home Dialog Wizard Action"/>
    </wizardAction>
    <wizardAction class="com.tibco.installer.wizard.action.TIBCODisplayNoticePanelWizardAction" sequence="post-selection">
        <condition class="com.tibco.installer.wizard.condition.TIBCOCheckDependencyWizardCondition">
            <property mustBeMet="false"/>
            <property uid="Runtime_rv"/>
            <property type="feature"/>
            <property version="8.1.0"/>
            <property mustBeInstalled="true"/>
        </condition>
        <property noticeMessageFile="prerequisite_page.html"/>
        <property title="No TIBCO Rendezvous installed"/>
    </wizardAction>
    <wizardAction class="com.tibco.installer.wizard.action.TIBCOCheckForInstallLoc" sequence="install">
        <property productAcronym="activespaces"/>
        <property minimumVersion="2.0.1"/>
        <property vpdUID="activespaces"/>
        <property productAssemblyUID="product_tibco_activespaces_runtime"/>
        <property productAssemblyMinVersion="2.0.1"/>
    </wizardAction>
    <wizardAction class="com.tibco.installer.wizard.action.TIBCOCheckForInstallLoc" sequence="install">
        <property productAcronym="RV"/>
        <property minimumVersion="8.1.0"/>
        <property vpdUID="tibrv"/>
        <property productAssemblyUID="product_tibco_rv_common"/>
        <property productAssemblyMinVersion="8.1.0"/>
    </wizardAction>
    <wizardAction class="com.tibco.installer.wizard.action.TIBCOCheckForInstallLoc" sequence="install">
        <property productAcronym="TRA"/>
        <property minimumVersion="5.7.0"/>
        <property vpdUID="TRA"/>
        <property productAssemblyUID="product_tibco_tra_platform"/>
        <property productAssemblyMinVersion="5.7.0"/>
    </wizardAction>
    <wizardAction class="com.tibco.installer.wizard.action.TIBCOCheckForInstallLoc" sequence="install">
        <property productAcronym="tpcl"/>
        <property minimumVersion="5.7.0"/>
        <property vpdUID="tpcl"/>
        <property productAssemblyUID="product_tibco_tpcl_common"/>
        <property productAssemblyMinVersion="5.7.0"/>
    </wizardAction>
    <wizardAction class="com.tibco.installer.wizard.action.TIBCOSetPathVariableWizardAction" sequence="install">
        <property variableToSet="TIBCO_HAWK_HOME"/>
        <property path="${hawk.home}"/>
    </wizardAction>
    <wizardAction class="com.tibco.installer.wizard.action.TIBCOSetPathVariableWizardAction" sequence="install">
        <property variableToSet="VERSION_MAJOR"/>
        <property path="${hawk.major.version}"/>
    </wizardAction>
    <wizardAction class="com.tibco.installer.wizard.action.TIBCOSetPathVariableWizardAction" sequence="install">
        <property variableToSet="VERSION_MINOR"/>
        <property path="${hawk.minor.version}"/>
    </wizardAction>
    <wizardAction class="com.tibco.installer.wizard.action.TIBCOSetPathVariableWizardAction" sequence="install">
        <property variableToSet="VERSION_MAINT"/>
        <property path="${hawk.maint.version}"/>
    </wizardAction>
    <wizardAction class="com.tibco.installer.wizard.action.TIBCOSetPathVariableWizardAction" sequence="install">
        <property variableToSet="TIBCO_HAWK_DOMAIN"/>
        <property path="${hawk.home}/domain"/>
    </wizardAction>
    <installcomponent buildType="formal" currenttimestamp="07-13-2012-11-10-PM" prefix="product_tibco" sizeinbytes="63883" uid="hawk_required_common" version="4.9.0.034">
        <file loc="setup/updateInstallProps.xml" md5sum="0bb033247e836b96f933cbc3389cf8e8" perm="644" sizeinbytes="7658" timestamp="1289969138000"/>
        <file loc="setup/install.properties_template" md5sum="7be0b41e22bca865d79eaa8d2373c998" perm="644" sizeinbytes="1292" timestamp="1289969138000"/>
        <file loc="setup/post-install.xml" md5sum="0800414f9f1050867f806fee822396e0" perm="644" sizeinbytes="46741" timestamp="1338780430000"/>
    </installcomponent>
    <directorylist>
        <dir loc="setup" perm="664" sizeinbytes="59787"/>
    </directorylist>
</installcomponents>
