<?xml version="1.0" encoding="UTF-8"?>
<project name="postInstall" default="postInstall" basedir=".">   
    <!--
    /*
     * Copyright (c) 2009-2010 TIBCO Software Inc.
     * All Rights Reserved.
     */
     
    This ant script is the post install script for TIBCO Hawk.
    It can also be used to create a new instance of Hawk domain.

    See http://wiki.tibco.com/ReleaseInstallWiki/UniversalInstallerPostInstall  
    -->           
    <property file="install.properties"/>   
         
    <!-- required variables -->   
    <fail unless="tibco.home.esc" message="tibco.home is not set."/>
        
    <import file="${tibco.home.esc}/tools/scripts/taskdef.xml"/>
            
    <condition property="tibco.config.mgmt.home.set" value="true">
       <not>
          <equals arg1="tibco.config.mgmt.home" arg2="%TIBCO_CONFIG_MGMT_HOME%"/>
       </not>
    </condition>        
    <fail unless="tibco.config.mgmt.home.set" message="tibco.config.mgmt.home is not set."/>    
    
    <fail unless="hawk.installation.path" message="hawk.installation.path is not set."/>
    <fail unless="hawk.version" message="hawk.version is not set."/>
                         
    <property name="tibco.hawk.version" value="${hawk.version}"/>
    <property name="tibco.hawk.install" value="${hawk.installation.path}"/>
    
    <property name="component.store.version" value="1.0.0"/>
    <property name="tibco.component.store.version" value="${component.store.version}"/>
    <property name="tibco.component.store" value="${tibco.home.esc}/components/shared/${tibco.component.store.version}"/>
    <property name="tibco.component.store.plugins" value="${tibco.home.esc}/components/shared/${tibco.component.store.version}/plugins"/>                          
   
    <target name="postInstall" depends="gatherInstallationInfo, setupInstance, setupPlugins, setupSamples">         
        <antcall target="runConfiguration"/>        
    </target>
    
    <target name="preUninstall" depends="gatherInstallationInfo, uninstallDaemon, uninstallSetup" />   
        
    <target name="usage" depends="usageCheckTibcoHome" />
    
    <target name="usageCheckTibcoHome" unless="tibco.home.esc">
        <fail unless="tibco.home.esc" message="tibco.home is not set."/>
    </target>
                
    <target name="setupTest" depends="checkOS, setupFsp, gatherInstallationInfo">
        <echo message="setup test ..." />       
        <echoproperties />
    </target>
    
    <target name="gatherInstallationInfo" depends="checkOS, setupFsp, setupJvmExtra" if="tibco.config.mgmt.home.set">
        <echo message="setup Hawk installation properties ..." />
        
        <property name="tibco.hawk.domain" value=""/>
        
        <path id="tmp.config.mgmt.home">
          <pathelement location="${tibco.config.mgmt.home}"/>
        </path>
        <pathconvert property="tibco.config.mgmt.home.esc" refid="tmp.config.mgmt.home"/>
        
        <path id="tmp.hawk.root">
          <pathelement location="${tibco.config.mgmt.home}/hawk"/>
        </path>
        <pathconvert property="tibco.hawk.root" refid="tmp.hawk.root"/>
        
        <path id="tmp.hawk.root.esc">
          <pathelement location="${tibco.config.mgmt.home}/hawk"/>
        </path>
        <pathconvert property="tibco.hawk.root.esc" refid="tmp.hawk.root.esc" dirsep="/"/>
 
        <echo message="tibco.home: ${tibco.home}" />       
        <echo message="tibco.config.mgmt.home ${tibco.config.mgmt.home}" />      
        <echo message="tibco.hawk.install ${tibco.hawk.install}" />      
        <echo message="tibco.hawk.root ${tibco.hawk.root}" />      
        <echo message="tibco.hawk.root.esc ${tibco.hawk.root.esc}" />              
                    
        <condition property="tibco.rv.install" value="${tibco.home.esc}/tibrv/8.2">
           <equals arg1="${tibrv.installation.path}" arg2="%TIBCO_RV_HOME_ESC%"/>
        </condition>
        <property name="tibco.rv.install" value="${tibrv.installation.path}"/>
        
        <property name="tibco.tpcl.install" value="${tibco.hawk.install}"/>   
        
       <condition property="hawk.product.feature.agent.installed" value="true">
          <equals arg1="${hawk.product.feature.agent}" arg2="installed"/>
       </condition>       
       <condition property="config.util.installed" value="true">
          <equals arg1="${hawk.product.feature.agent}" arg2="installed"/>
       </condition>       
       <condition property="hawk.product.feature.display.installed" value="true">
          <equals arg1="${hawk.product.feature.display}" arg2="installed"/>
       </condition>       
       <condition property="config.util.installed" value="true">
          <equals arg1="${hawk.product.feature.display}" arg2="installed"/>
       </condition>       
       <condition property="hawk.product.feature.event.installed" value="true">
          <equals arg1="${hawk.product.feature.event}" arg2="installed"/>
       </condition>       
       <condition property="config.util.installed" value="true">
          <equals arg1="${hawk.product.feature.event}" arg2="installed"/>
       </condition>       
       <condition property="hawk.product.feature.samples.installed" value="true">
          <equals arg1="${hawk.product.feature.samples}" arg2="installed"/>
       </condition>              
       <condition property="hawk.product.feature.nottra.installed" value="true">
           <not>
             <equals arg1="${hawk.product.feature.traonly}" arg2="installed"/>
           </not>       
       </condition>       
       
       <available file="${tibco.component.store.plugins}" property="hawk.product.component.store.installed"/>       
       <available file="${tibco.hawk.install}/bin/amiworkbench.tra" property="hawk.product.feature.util.installed"/>
    </target>
    
    <target name="setupInstance" if="tibco.config.mgmt.home.set">
       <echo message="setup Hawk instance ..." />
                     
       <antcall target="setupHawkRoot"/>          
        
       <available file="${tibco.hawk.install}/lib/microagent.http.jar" property="hawk.product.feature.plugin.installed"/>
       <available file="${tibco.hawk.install}/bin/mar.tra" property="hawk.product.feature.tra.installed"/>
       
       <antcall target="setupComponents"/>  
    </target>
    
    <target name="setupHMA" if="tibco.config.hawk.hma">  
        <subant target="postInstall">
            <fileset dir="." includes="post-install-hma-*.xml"/>
        </subant>
    </target>
    
    <target name="setupHawkRoot" depends="setupFolders, setupLib, setupTPCL" />
       
    <target name="updateSetup" depends="checkOS, setupFsp, gatherInstallationInfo" >
        <echo message="Update properties files..." />    
        <replace file="install.properties">
            <replacefilter token="%TIBCO_CONFIG_HOME%" value="${tibco.config.home}"/>              
            <replacefilter token="%TIBCO_CONFIG_MGMT_HOME%" value="${tibco.config.mgmt.home}"/>              
            <replacefilter token="\" value="\\"/>                    
        </replace>                
        <replace file="install.properties">
            <replacefilter token="\\\\" value="\\"/>                    
        </replace>                
    </target>      

    <target name="setupFolders" if="hawk.product.component.store.installed">
       <echo message="setup the Hawk home directory ..." />
     
       <mkdir dir="${tibco.hawk.root.esc}/bin" />
       <mkdir dir="${tibco.hawk.root.esc}/log" />    
    </target>
    <target name="updateHotfixLib">       
       <echo message="setup Hawk components hotfix jar files ..." />
        <copy todir="${tibco.hawk.install}/hotfix/lib" overwrite="true">
           <fileset dir="${tibco.component.store.plugins}"><include name="com.tibco.hawk.ami_4.9.0.009.jar"/></fileset>             
           <mergemapper to="ami.jar"/>
        </copy>
        <copy todir="${tibco.hawk.install}/hotfix/lib" overwrite="true">
           <fileset dir="${tibco.component.store.plugins}"><include name="com.tibco.hawk.console_4.9.0.017.jar"/></fileset>             
           <mergemapper to="console.jar"/>
        </copy>
    </target> 
    <target name="setupLib" if="hawk.product.component.store.installed">       
       <echo message="setup Hawk components jar files ..." />
        <copy todir="${tibco.hawk.install}/lib" overwrite="true">
           <fileset dir="${tibco.component.store.plugins}"><include name="com.tibco.hawk.util_4.9.0.*.jar"/></fileset>           
           <mergemapper to="util.jar"/>
        </copy>
        <copy todir="${tibco.hawk.install}/lib" overwrite="true">
           <fileset dir="${tibco.component.store.plugins}"><include name="com.tibco.hawk.talon_4.9.0.*.jar"/></fileset>            
           <mergemapper to="talon.jar"/>            
        </copy>
        <copy todir="${tibco.hawk.install}/lib" overwrite="true">
           <fileset dir="${tibco.component.store.plugins}"><include name="com.tibco.hawk.configobject_4.9.0.*.jar"/></fileset>             
           <mergemapper to="config.jar"/>
        </copy>
        <copy todir="${tibco.hawk.install}/lib" overwrite="true">
           <fileset dir="${tibco.component.store.plugins}"><include name="com.tibco.hawk.console_4.9.0.*.jar"/></fileset>             
           <mergemapper to="console.jar"/>
        </copy>
        <copy todir="${tibco.hawk.install}/lib" overwrite="true">
           <fileset dir="${tibco.component.store.plugins}"><include name="com.tibco.hawk.security_4.9.0.*.jar"/></fileset>             
           <mergemapper to="security.jar"/>
        </copy>
        <copy todir="${tibco.hawk.install}/lib" overwrite="true">
           <fileset dir="${tibco.component.store.plugins}"><include name="com.tibco.hawk.agent_4.9.0.*.jar"/></fileset>             
           <mergemapper to="agent.jar"/>
        </copy>
        <copy todir="${tibco.hawk.install}/lib" overwrite="true">
           <fileset dir="${tibco.component.store.plugins}"><include name="com.tibco.hawk.ami_4.9.0.*.jar"/></fileset>             
           <mergemapper to="ami.jar"/>
        </copy>
        <copy todir="${tibco.hawk.install}/lib" overwrite="true">
           <fileset dir="${tibco.component.store.plugins}"><include name="com.tibco.hawk.display_4.9.0.*.jar"/></fileset>             
           <mergemapper to="display.jar"/>
        </copy>
        <copy todir="${tibco.hawk.install}/lib" overwrite="true">
           <fileset dir="${tibco.component.store.plugins}"><include name="com.tibco.hawk.event_4.9.0.*.jar"/></fileset>             
           <mergemapper to="event.jar"/>
        </copy>
        <copy todir="${tibco.hawk.install}/lib" overwrite="true">
           <fileset dir="${tibco.component.store.plugins}"><include name="com.tibco.hawk.pmloader_4.9.0.*.jar"/></fileset>             
           <mergemapper to="pmloader.jar"/>
        </copy>
        <copy todir="${tibco.hawk.install}/lib" overwrite="true">
           <fileset dir="${tibco.component.store.plugins}"><include name="com.tibco.hawk.publisher_4.9.0.*.jar"/></fileset>             
           <mergemapper to="publisher.jar"/>
        </copy>
        <copy todir="${tibco.hawk.install}/lib" overwrite="true">
           <fileset dir="${tibco.component.store.plugins}"><include name="com.tibco.hawk.microagent.builtin_4.9.0.*.jar"/></fileset>             
           <mergemapper to="microagent.builtin.jar"/>
        </copy>
        <copy todir="${tibco.hawk.install}/lib" overwrite="true">
           <fileset dir="${tibco.component.store.plugins}"><include name="com.tibco.hawk.microagent.ems_4.9.0.*.jar"/></fileset>             
           <mergemapper to="hawkemshma.jar"/>
        </copy>
        <copy todir="${tibco.hawk.install}/lib" overwrite="true">
           <fileset dir="${tibco.component.store.plugins}"><include name="com.tibco.hawk.microagent.http_4.9.0.*.jar"/></fileset>             
           <mergemapper to="microagent.http.jar"/>
        </copy>
        <copy todir="${tibco.hawk.install}/lib" overwrite="true">
           <fileset dir="${tibco.component.store.plugins}"><include name="/com.tibco.hawk.microagent.jmx_4.9.0.*.jar"/></fileset>             
           <mergemapper to="microagent.jmx.jar"/>
        </copy>        
        <copy todir="${tibco.hawk.install}/lib" overwrite="true">
           <fileset dir="${tibco.component.store.plugins}"><include name="com.tibco.hawk.workbench_4.9.0.*.jar"/></fileset>             
           <mergemapper to="workbench.jar"/>
        </copy>                  
        <copy todir="${tibco.hawk.install}/lib" overwrite="true">
           <fileset dir="${tibco.component.store.plugins}"><include name="com.tibco.hawk.microagent.publisher_4.9.0.*.jar"/></fileset>             
           <mergemapper to="publisher.jar"/>
        </copy>                  
        <copy todir="${tibco.hawk.install}/lib" overwrite="true">
           <fileset dir="${tibco.component.store.plugins}"><include name="com.tibco.hawk.sample.spot_4.9.0.*.jar"/></fileset>             
           <mergemapper to="spot.jar"/>
        </copy>         
    </target>
      

    <target name="setupTPCL" if="hawk.product.component.store.installed">
       <echo message="setup tpcl jar files ..." />
       <!-- copy jms related jar files -->
       <copy todir="${tibco.tpcl.install}/lib" flatten="true">
         <fileset dir="${tibco.component.store.plugins}">
            <include name="**/*jms*.jar"/>
         </fileset>
       </copy>  
       <!-- copy log related jar files -->
       <copy todir="${tibco.tpcl.install}/lib" flatten="true">
         <fileset dir="${tibco.component.store.plugins}">
            <include name="**/*slf4j*.jar"/>
            <include name="**/*log4j*.jar"/>
         </fileset>
       </copy>  
       <!-- copy email related jar files -->
       <copy todir="${tibco.tpcl.install}/lib" flatten="true">
         <fileset dir="${tibco.component.store.plugins}">
            <include name="**/mail.jar"/>
         </fileset>
       </copy>  
       <copy todir="${tibco.tpcl.install}/lib" flatten="true">
         <fileset dir="${tibco.component.store.plugins}">
            <include name="**/activation.jar"/>
         </fileset>
       </copy>       
       <copy todir="${tibco.tpcl.install}/lib" flatten="true" overwrite="true">
         <fileset dir="${tibco.component.store.plugins}">
            <include name="**/com.tibco.security.tibcrypt*.jar"/>            
         </fileset>
         <mergemapper to="tibcrypt.jar"/>
       </copy>        
    </target>              
               
    <target name="setupPlugins" depends="setupEmsPlugins, setupHttpAdapter, setupAMXPlugins"/>    
    <target name="setupHttpAdapter" if="hawk.product.feature.plugin.installed">
       <echo message="Setting up HTTP adapter ..." />
       <unzip 
          src="${tibco.hawk.install}/lib/microagent.http.jar" 
          dest="${tibco.hawk.install}/adapters/http">         
       </unzip>
       <move todir="${tibco.hawk.install}/adapters/http/WEB-INF/classes">
           <fileset dir="${tibco.hawk.install}/adapters/http">
              <include name="COM/**/*" />
           </fileset> 
       </move>  
       <copy todir="${tibco.hawk.install}/adapters/http/WEB-INF/lib" flatten="true" overwrite="true">
         <fileset dir="${tibrv.installation.path}/lib">
            <include name="**/tibrvj.jar"/>            
         </fileset>
       </copy>      
       <copy todir="${tibco.hawk.install}/adapters/http/WEB-INF/lib" flatten="true">
         <fileset dir="${tibco.component.store.plugins}">
            <include name="**/*jms*.jar"/>
         </fileset>
       </copy>  
       <copy todir="${tibco.hawk.install}/adapters/http/WEB-INF/lib" flatten="true">
         <fileset dir="${tibco.component.store.plugins}">
            <include name="**/*slf4j*.jar"/>
            <include name="**/*log4j*.jar"/>
         </fileset>
       </copy>        
       <copy todir="${tibco.hawk.install}/adapters/http/WEB-INF/lib" flatten="true" overwrite="true">
         <fileset dir="${tibco.component.store.plugins}">
            <include name="**/com.tibco.security.tibcrypt*.jar"/>            
         </fileset>
         <mergemapper to="tibcrypt.jar"/>
       </copy>         
       <copy todir="${tibco.hawk.install}/adapters/http/WEB-INF/lib" flatten="true">
         <fileset dir="${tibco.hawk.install}/lib">
            <include name="**/util.jar"/>
            <include name="**/talon.jar"/>
            <include name="**/console.jar"/>
            <include name="**/ami.jar"/>
            <include name="**/publisher.jar"/>
            <include name="**/security.jar"/>
         </fileset>
       </copy>        
       <delete>
           <fileset dir="${tibco.hawk.install}/adapters/http">
              <include name="TIBCOHawk.war" />           
           </fileset> 
           <dirset dir="${tibco.hawk.install}/adapters/http">
              <include name="COM" />           
           </dirset> 
       </delete>             
       <antcall target="substituteVariables">
          <param name="out.file" value="${tibco.hawk.install}/adapters/http/WEB-INF/web.xml"/>
       </antcall>                                
   </target>                               
    <target name="setupEmsPlugins" if="hawk.product.feature.plugin.installed">
       <echo message="Setting up EMS Plugin ..." />
       <unzip 
          src="${tibco.hawk.install}/lib/hawkemshma.jar" 
          dest="${tibco.hawk.install}/plugin/ems">
            <patternset>
                <include name="samples/*"/>
                <include name="readme.*"/>
            </patternset>          
       </unzip>            
       <move todir="${tibco.hawk.install}/plugin/ems">
          <fileset dir="${tibco.hawk.install}/lib">
            <include name="hawkemshma.jar"/>
          </fileset>        
       </move>       
       <move todir="${tibco.hawk.install}/plugin/ems">
          <fileset dir="${tibco.hawk.install}/plugin/ems/samples">
            <include name="*"/>
          </fileset>        
       </move>       
       <delete>
           <dirset dir="${tibco.hawk.install}/plugin/ems">
              <include name="plugin" />           
              <include name="samples" />
           </dirset> 
       </delete>
       <antcall target="substituteVariables">
          <param name="out.file" value="${tibco.hawk.install}/plugin/ems/hawkemsadmin.hma"/>
       </antcall>         
   </target>               
   <target name="setupAMXPlugins" if="hawk.product.feature.plugin.installed">
       <echo message="Setting up Governance Microagents ..." />       
       <copy todir="${tibco.hawk.install}/lib" flatten="true" overwrite="true">
         <fileset dir="${tibco.component.store.plugins}">
            <include name="com.tibco.hawk.microagent.amx.hpa_1.0.*.jar"/>            
         </fileset>
         <mergemapper to="microagent.amx.jar"/>
       </copy>  
       <unzip 
          src="${tibco.hawk.install}/lib/microagent.amx.jar" 
          dest="${tibco.hawk.install}/plugin/amx">
            <patternset>
                <include name="samples/*"/>
                <include name="readme.*"/>
            </patternset>          
       </unzip>   
       <move todir="${tibco.hawk.install}/plugin/amx">
          <fileset dir="${tibco.hawk.install}/plugin/amx/samples">
            <include name="*"/>
          </fileset>        
       </move>    
       <antcall target="substituteVariables">
          <param name="out.file" value="${tibco.hawk.install}/plugin/amx/hawkamxhpa.hma"/>
       </antcall>        
       <antcall target="substituteVariables">
          <param name="out.file" value="${tibco.hawk.install}/plugin/amx/build.properties"/>
       </antcall> 
       
       <antcall target="substituteVariables">
          <param name="out.file" value="${tibco.hawk.install}/plugin/amx/AMXHostPluginConfig.xml"/>
       </antcall>                 
       <delete dir="${tibco.hawk.install}/plugin/amx/samples" />             
       <delete file="${tibco.hawk.install}/lib/microagent.amx.jar" />             
       <copy todir="${tibco.hawk.install}/lib" flatten="true" overwrite="true">
         <fileset dir="${tibco.component.store.plugins}">
            <include name="com.tibco.hawk.microagent.jvm_1.0.*.jar"/>            
         </fileset>
         <mergemapper to="microagent.jvm.jar"/>
       </copy>  
       <unzip 
          src="${tibco.hawk.install}/lib/microagent.jvm.jar" 
          dest="${tibco.hawk.install}/plugin/jvm">
            <patternset>
                <include name="samples/*"/>
                <include name="readme.*"/>
            </patternset>          
       </unzip>   
       <move todir="${tibco.hawk.install}/plugin/jvm">
          <fileset dir="${tibco.hawk.install}/plugin/jvm/samples">
            <include name="*"/>
          </fileset>        
       </move>    
       <antcall target="substituteVariables">
          <param name="out.file" value="${tibco.hawk.install}/plugin/jvm/hawkvm.hma"/>
       </antcall>               
       <delete dir="${tibco.hawk.install}/plugin/jvm/samples" />            
       <delete file="${tibco.hawk.install}/lib/microagent.jvm.jar" />             
       <copy todir="${tibco.hawk.install}/lib" flatten="true" overwrite="true">
         <fileset dir="${tibco.component.store.plugins}">
            <include name="com.tibco.hawk.microagent.commonlogging.publisher_1.0.*.jar"/>            
         </fileset>
         <mergemapper to="microagent.commonlogging.jar"/>
       </copy>  
       <unzip 
          src="${tibco.hawk.install}/lib/microagent.commonlogging.jar" 
          dest="${tibco.hawk.install}/plugin/commonlogging">
            <patternset>
                <include name="samples/*"/>
                <include name="readme.*"/>
            </patternset>          
       </unzip>   
       <move todir="${tibco.hawk.install}/plugin/commonlogging">
          <fileset dir="${tibco.hawk.install}/plugin/commonlogging/samples">
            <include name="*"/>
          </fileset>        
       </move>           
       <antcall target="substituteVariables">
          <param name="out.file" value="${tibco.hawk.install}/plugin/commonlogging/hawkcleventpublisher.hma"/>
       </antcall>               
       <antcall target="substituteVariables">
          <param name="out.file" value="${tibco.hawk.install}/plugin/commonlogging/JVMAndProcessInfoEventdefs.xml"/>
       </antcall>               
       <antcall target="substituteVariables">
          <param name="out.file" value="${tibco.hawk.install}/plugin/commonlogging/sampleEventdefs.xml"/>
       </antcall>               
       <delete dir="${tibco.hawk.install}/plugin/commonlogging/samples" />            
       <delete file="${tibco.hawk.install}/lib/microagent.commonlogging.jar" />             
    </target>  
           
    <target name="setupComponents" depends="setupWindowsComponents, setupUnixComponents" />
    <target name="setupWindowsShared" if="hawk.product.feature.shared.installed">
      <copy todir="${tibco.hawk.root.esc}/bin">
	      <fileset dir="${tibco.hawk.install}/bin">
	          <include name="*.dll"/>
	          <include name="*.exe"/>
	      </fileset>
      </copy>      
    </target>          
    <target name="setupWindowsAgent" if="hawk.product.feature.agent.installed">
       <echo message="setup Windows components ..." />
           
       <mkdir dir="${tibco.hawk.root.esc}/autoconfig" />
       <mkdir dir="${tibco.hawk.root.esc}/security" />      
       <mkdir dir="${tibco.hawk.root.esc}/cache" />
       <mkdir dir="${tibco.hawk.root.esc}/config" />    
       <mkdir dir="${tibco.hawk.root.esc}/plugin" />                                
       <copy todir="${tibco.hawk.root.esc}/autoconfig">
         <fileset dir="${tibco.hawk.install}/autoconfig">
           <include name="*.*"/>
         </fileset>
       </copy>       
       <copy todir="${tibco.hawk.root.esc}/config">
         <fileset dir="${tibco.hawk.install}/config">
            <include name="*.*"/>
         </fileset>
       </copy>          
      <copy file="${tibco.home.esc}/tools/wrapper/pwrap.exe" tofile="${tibco.hawk.root.esc}/bin/tibhawkagent.exe" failonerror="true"/>  
      <antcall target="updateTemplate">
         <param name="template.file" value="tibhawkagent.tra"/>
      </antcall>
      <replace file="${tibco.hawk.root.esc}/bin/tibhawkagent.tra">
         <replacefilter token="\" value="\\"/>                    
      </replace>          
      <antcall target="updateTemplate">
         <param name="template.file" value="hawkagent.cfg"/>
      </antcall>
      <antcall target="updateTemplate">
         <param name="template.file" value="hawkhma.cfg"/>
      </antcall>
      <antcall target="setupAgentServices"/>                       
    </target>      
    <target name="setupAgentServices"  if="hawk.product.feature.nottra.installed" >
      <exec executable="${tibco.hawk.root.esc}/bin/tibhawkagent.exe">
          <arg value="--uninstall"/>
          <arg value="--silent"/>
          <arg value="--propFile"/>
          <arg value="${tibco.hawk.root.esc}/bin/tibhawkagent.tra"/>
      </exec>    
      <exec executable="${tibco.hawk.root.esc}/bin/tibhawkhma.exe">
          <arg value="--remove"/>
      </exec>                                          
      <exec executable="${tibco.hawk.root.esc}/bin/tibhawkagent.exe">
          <arg value="--install"/>
          <arg value="--propFile"/>
          <arg value="${tibco.hawk.root.esc}/bin/tibhawkagent.tra"/>
      </exec>    
      <exec executable="${tibco.hawk.root.esc}/bin/tibhawkhma.exe">
          <arg value="--install"/>
          <arg value="-auto"/>
          <arg value="-interact"/>
      </exec>          
       <copy todir="${tibco.hawk.root.esc}/bin">
         <fileset dir="${tibco.hawk.install}/bin">
            <include name="*.xml"/>
         </fileset>
       </copy>      
    </target>         
    <target name="updateWindowsAgent"  if="hawk.product.feature.nottra.installed" >
    
      <exec executable="${tibco.hawk.root.esc}/bin/tibhawkagent.exe">
          <arg value="--stop"/>
          <arg value="--propFile"/>
          <arg value="${tibco.hawk.root.esc}/bin/tibhawkagent.tra"/>
      </exec>    
      <exec executable="net">
              <arg value="stop"/>
              <arg value="tibhawkhma"/>
      </exec>                                              
      <exec executable="${tibco.hawk.root.esc}/bin/tibhawkhma.exe">
          <arg value="--remove"/>
      </exec>                                          
      <exec executable="${tibco.hawk.root.esc}/bin/tibhawkhma.exe">
          <arg value="--install"/>
          <arg value="-auto"/>
          <arg value="-interact"/>
      </exec>          
      <exec executable="${tibco.hawk.root.esc}/bin/tibhawkagent.exe">
          <arg value="--install"/>
          <arg value="--propFile"/>
          <arg value="${tibco.hawk.root.esc}/bin/tibhawkagent.tra"/>
      </exec>    
    </target>         
    <target name="setupWindowsDisplay" if="hawk.product.feature.display.installed">
       <mkdir dir="${tibco.hawk.root.esc}/resource" />           
       <copy todir="${tibco.hawk.root.esc}/resource">
         <fileset dir="${tibco.hawk.install}/resource">
            <include name="*.properties"/>
         </fileset>
       </copy>                    
       <copy file="${tibco.home.esc}/tools/wrapper/gwrap.exe" tofile="${tibco.hawk.root.esc}/bin/tibhawkdisplay.exe" failonerror="true"/>
       <antcall target="updateTemplate">
           <param name="template.file" value="tibhawkdisplay.tra"/>
       </antcall>
       <antcall target="updateTemplate">
           <param name="template.file" value="hawkdisplay.cfg"/>
       </antcall>
    </target>         
    <target name="setupWindowsEvent" if="hawk.product.feature.event.installed">
       <mkdir dir="${tibco.hawk.root.esc}/data" />                             
       <copy file="${tibco.home.esc}/tools/wrapper/pwrap.exe" tofile="${tibco.hawk.root.esc}/bin/tibhawkevent.exe" failonerror="true"/>
       <antcall target="updateTemplate">
           <param name="template.file" value="tibhawkevent.tra"/>
       </antcall>
       <replace file="${tibco.hawk.root.esc}/bin/tibhawkevent.tra">
         <replacefilter token="\" value="\\"/>                    
       </replace>                
       <exec executable="${tibco.hawk.root.esc}/bin/tibhawkevent.exe">
          <arg value="--uninstall"/>
          <arg value="--silent"/>
          <arg value="--propFile"/>
          <arg value="${tibco.hawk.root.esc}/bin/tibhawkevent.tra"/>          
       </exec>                        
       <exec executable="${tibco.hawk.root.esc}/bin/tibhawkevent.exe">
          <arg value="--install"/>
          <arg value="--propFile"/>
          <arg value="${tibco.hawk.root.esc}/bin/tibhawkevent.tra"/>          
       </exec>                        
       <antcall target="updateTemplate">
           <param name="template.file" value="hawkevent.cfg"/>
       </antcall>
    </target>         
    <target name="setupWindowsSamples" if="tibco.os.windows">
       <copy file="${tibco.home.esc}/tools/wrapper/gwrap.exe" tofile="${tibco.hawk.root.esc}/bin/spot.exe" failonerror="true"/>
       <antcall target="updateTemplate">
           <param name="template.file" value="spot.tra"/>
       </antcall>
    </target>         
    <target name="setupWindowsUtil" if="hawk.product.feature.util.installed">
      <copy file="${tibco.home.esc}/tools/wrapper/gwrap.exe" tofile="${tibco.hawk.root.esc}/bin/amiworkbench.exe" failonerror="true"/>
      <antcall target="updateTemplate">
          <param name="template.file" value="amiworkbench.tra"/>
      </antcall>
      <copy file="${tibco.home.esc}/tools/wrapper/pwrap.exe" tofile="${tibco.hawk.root.esc}/bin/tibhawkpassword.exe" failonerror="true"/>
      <antcall target="updateTemplate">
          <param name="template.file" value="tibhawkpassword.tra"/>
      </antcall>
    </target>                   
    <target name="setupWindowsTRA" if="hawk.product.feature.tra.installed">
       <copy file="${tibco.home.esc}/tools/wrapper/pwrap.exe" tofile="${tibco.hawk.root.esc}/bin/mar.exe" failonerror="true"/>
       <copy file="${tibco.home.esc}/tools/wrapper/pwrap.exe" tofile="${tibco.hawk.root.esc}/bin/ConfigureMonitoring.exe" failonerror="true"/>
       <antcall target="updateTemplate">
          <param name="template.file" value="mar.tra"/>
       </antcall>
       <antcall target="updateTemplate">
          <param name="template.file" value="ConfigureMonitoring.tra"/>
       </antcall>
    </target>                   
    <target name="runConfigurationWindows" if="config.util.installed">  
       <echo message="Calling ${tibco.hawk.install}/bin/tibhawkconfig.exe -silent ${silent.install} -postInstall ${tibco.home} ..." />
       <exec executable="${tibco.hawk.install}/bin/tibhawkconfig.exe">
          <arg value="-silent"/>
          <arg value="${silent.install}"/>
          <arg value="-postInstall"/>
          <arg value="${tibco.home}"/>
       </exec>                        
    </target>    
    <target name="runConfiguration" if="hawk.product.feature.nottra.installed" unless="tibco.os.unix">  
       <antcall target="runConfigurationWindows"/>             
    </target>    
    <target name="setupWindowsComponents" if="tibco.os.windows">
       <echo message="Copy wrappers to instance ..." />
       <available file="${tibco.hawk.install}/bin" property="hawk.product.feature.shared.installed"/>           
       <antcall target="setupWindowsShared"/>             
       <antcall target="setupWindowsAgent"/>             
       <antcall target="setupWindowsDisplay"/>             
       <antcall target="setupWindowsEvent"/>             
       <antcall target="setupWindowsUtil"/>             
       <antcall target="setupWindowsTRA"/>        
    </target>
    <target name="setupUnixAgent" depends="setupJvmExtra" if="hawk.product.feature.agent.installed">
       <mkdir dir="${tibco.hawk.root.esc}/autoconfig" />
       <mkdir dir="${tibco.hawk.root.esc}/security" />      
       <mkdir dir="${tibco.hawk.root.esc}/cache" />
       <mkdir dir="${tibco.hawk.root.esc}/config" />    
       <copy todir="${tibco.hawk.root.esc}/autoconfig">
         <fileset dir="${tibco.hawk.install}/autoconfig">
            <include name="*.*"/>
         </fileset>
       </copy>       
       <copy todir="${tibco.hawk.root.esc}/config">
         <fileset dir="${tibco.hawk.install}/config">
            <include name="*.*"/>
         </fileset>
       </copy>              
       <copy file="${tibco.home.esc}/tools/wrapper/wrap" tofile="${tibco.hawk.root.esc}/bin/tibhawkagent" failonerror="true"/>
       <copy file="${tibco.hawk.install}/bin/starthma" tofile="${tibco.hawk.root.esc}/bin/starthma" failonerror="true"/>
       <antcall target="updateTemplate">
          <param name="template.file" value="tibhawkagent.tra"/>
       </antcall>
       <antcall target="updateTemplate">
          <param name="template.file" value="hawkagent.cfg"/>
       </antcall>
       <antcall target="updateTemplate">
          <param name="template.file" value="starthma"/>
       </antcall>
       <antcall target="updateTemplate">
          <param name="template.file" value="hawkhma.cfg"/>
       </antcall>   
       <chmod file="${tibco.hawk.root.esc}/bin/tibhawkagent" perm="ugo+rx"/>	
       <chmod file="${tibco.hawk.root.esc}/bin/starthma" perm="ugo+rx"/>          
       <copy todir="${tibco.hawk.root.esc}/bin">
         <fileset dir="${tibco.hawk.install}/bin">
            <include name="*.xml"/>
         </fileset>
       </copy>
    </target>      
    <target name="setupUnixDisplay" if="hawk.product.feature.display.installed">
       <mkdir dir="${tibco.hawk.root.esc}/resource" />           
       <copy todir="${tibco.hawk.root.esc}/resource">
         <fileset dir="${tibco.hawk.install}/resource">
            <include name="*.properties"/>
         </fileset>
       </copy>                                 
       <copy file="${tibco.home.esc}/tools/wrapper/wrap" tofile="${tibco.hawk.root.esc}/bin/tibhawkdisplay" failonerror="true"/>
       <antcall target="updateTemplate">
           <param name="template.file" value="tibhawkdisplay.tra"/>
       </antcall>
       <antcall target="updateTemplate">
           <param name="template.file" value="hawkdisplay.cfg"/>
       </antcall>         
       <chmod file="${tibco.hawk.root.esc}/bin/tibhawkdisplay" perm="ugo+rx"/>	     
       <copy file="${tibco.hawk.install}/bin/startdisplay" tofile="${tibco.hawk.root.esc}/bin/startdisplay" failonerror="false"/>
       <available file="${tibco.hawk.root.esc}/bin/startdisplay" property="hawk.startdisplay.copied"/>              
       <antcall target="updateStartDisplay"/>
    </target> 
    <target name="updateStartDisplay" if="hawk.startdisplay.copied">
       <antcall target="substituteVariables">
          <param name="out.file" value="${tibco.hawk.root.esc}/bin/startdisplay"/>
       </antcall>         
       <chmod file="${tibco.hawk.root.esc}/bin/startdisplay" perm="ugo+rx"/>        
    </target>         
    <target name="setupUnixEvent" depends="setupJvmExtra" if="hawk.product.feature.event.installed">
       <mkdir dir="${tibco.hawk.root.esc}/data" />                             
       <copy file="${tibco.home.esc}/tools/wrapper/wrap" tofile="${tibco.hawk.root.esc}/bin/tibhawkevent" failonerror="true"/>
       <antcall target="updateTemplate">
           <param name="template.file" value="tibhawkevent.tra"/>
       </antcall>          
       <antcall target="updateTemplate">
           <param name="template.file" value="hawkevent.cfg"/>
       </antcall>        
       <chmod file="${tibco.hawk.root.esc}/bin/tibhawkevent" perm="ugo+rx"/>	
    </target>         

    <target name="setupUnixSamples" if="tibco.os.unix">
       <copy file="${tibco.home.esc}/tools/wrapper/wrap" tofile="${tibco.hawk.root.esc}/bin/spot" failonerror="true"/>
       <antcall target="updateTemplate">
           <param name="template.file" value="spot.tra"/>
       </antcall>                  
       <chmod file="${tibco.hawk.root.esc}/bin/spot" perm="ugo+rx"/>	
       <antcall target="substituteVariables">
          <param name="out.file" value="${tibco.hawk.install}/samples/rulebases/HawkAgent-Unix.hrb"/>
       </antcall>                   
       <antcall target="substituteVariables">
          <param name="out.file" value="${tibco.hawk.install}/samples/etc/hawk2"/>
       </antcall>                   
    </target>         

    <target name="setupSamples" if="hawk.product.feature.samples.installed">
      <echo message="setup Samples ..." />
      <antcall target="setupWindowsSamples"/>             
      <antcall target="setupUnixSamples"/>             
      <antcall target="setupAMXSamples"/>
      <antcall target="setupMsgHma"/>
    </target>         

    <target name="setupMsgHma" if="hawk.product.feature.samples.installed">
      <replaceregexp match="\$\{hawk\.hawk_root\}" replace="${tibco.hawk.install}" flags="g" byline="true">
        <fileset dir="${tibco.hawk.install}/samples/msghma" includes="*.hma"/>
      </replaceregexp>                
    </target>         

    <target name="setupAMXSamples" if="hawk.product.feature.samples.installed">
      <condition property="script.extension" value=".bat" else="">
	<os family="windows"/>
      </condition>
       <antcall target="substituteVariables">
          <param name="out.file" value="${tibco.hawk.install}/samples/rulebases/amx3/autoconfigure-amx-hrb.properties"/>
       </antcall>                   
       <antcall target="substituteVariables">
          <param name="out.file" value="${tibco.hawk.install}/samples/rulebases/amx3/scripts/antrunner${script.extension}"/>
       </antcall>                   
       <antcall target="substituteVariables">
          <param name="out.file" value="${tibco.hawk.install}/samples/rulebases/amx3/plugin/hawkdbping.hma"/>
       </antcall>                   
       <chmod file="${tibco.hawk.install}/samples/rulebases/amx3/scripts/antrunner" perm="ugo+rx"/>	
    </target>         

    <target name="setupUnixUtil" if="hawk.product.feature.util.installed">
       <copy file="${tibco.home.esc}/tools/wrapper/wrap" tofile="${tibco.hawk.root.esc}/bin/amiworkbench" failonerror="true"/>
       <antcall target="updateTemplate">
          <param name="template.file" value="amiworkbench.tra"/>
       </antcall>
       <chmod file="${tibco.hawk.root.esc}/bin/amiworkbench" perm="ugo+rx"/>	
       <copy file="${tibco.home.esc}/tools/wrapper/wrap" tofile="${tibco.hawk.root.esc}/bin/tibhawkpassword" failonerror="true"/>
       <antcall target="updateTemplate">
          <param name="template.file" value="tibhawkpassword.tra"/>
       </antcall>
       <chmod file="${tibco.hawk.root.esc}/bin/tibhawkpassword" perm="ugo+rx"/>	
    </target>                       
    <target name="setupUnixTRA" if="hawk.product.feature.tra.installed">
       <copy file="${tibco.home.esc}/tools/wrapper/wrap" tofile="${tibco.hawk.root.esc}/bin/mar" failonerror="true"/>
       <copy file="${tibco.home.esc}/tools/wrapper/wrap" tofile="${tibco.hawk.root.esc}/bin/ConfigureMonitoring" failonerror="true"/>
       <antcall target="updateTemplate">
          <param name="template.file" value="mar.tra"/>
       </antcall>
       <antcall target="updateTemplate">
          <param name="template.file" value="ConfigureMonitoring.tra"/>
       </antcall>
       <chmod file="${tibco.hawk.root.esc}/bin/mar" perm="ugo+rx"/>	
       <chmod file="${tibco.hawk.root.esc}/bin/ConfigureMonitoring" perm="ugo+rx"/>	
    </target>               

    <target name="setupUnixComponents" if="tibco.os.unix">
       <echo message="setup Unix components ..." />
    
       <antcall target="setupUnixAgent"/>             
       <antcall target="setupUnixDisplay"/>             
       <antcall target="setupUnixEvent"/>             
       <antcall target="setupUnixUtil"/>             
       <antcall target="setupUnixTRA"/>             
    </target>    
    
    <target name="setupFsp" depends="setupFspUnix, setupFspWindows" />
    <target name="setupFspUnix" if="tibco.os.unix">
       <property name="fsp" value="/"/>    
    </target>
    <target name="setupFspWindows" if="tibco.os.windows">
       <property name="fsp" value="\"/>        
    </target>
    
    <target name="uninstallSetup" if="hawk.product.component.store.installed">
      <echo message="Removing files updated during post install..." />
      <delete includeemptydirs="true">
         <fileset dir="${tibco.hawk.install}/bin" includes="**/*.tra"/>
         <fileset dir="${tibco.hawk.install}/lib" includes="**/*.jar"/>
      </delete>
      <delete dir="${tibco.hawk.install}/plugin" />             
      <delete dir="${tibco.hawk.install}/adapters" />             
    </target>    
    
    <target name="uninstallDaemon" depends="checkOS, setupFsp, uninstallWindowsServices" />
    <target name="uninstallWindowsServices" if="hawk.product.feature.nottra.installed" unless="tibco.os.unix" >
       <antcall target="removeWindowsAgentService"/>             
       <antcall target="removeWindowsEventService"/>             
    </target>   
    <target name="removeWindowsAgentService" if="hawk.product.feature.agent.installed">
      <exec executable="${tibco.hawk.root.esc}/bin/tibhawkagent.exe">
          <arg value="--stop"/>
          <arg value="--propFile"/>
          <arg value="${tibco.hawk.root.esc}/bin/tibhawkagent.tra"/>
      </exec>    
      <exec executable="${tibco.hawk.root.esc}/bin/tibhawkagent.exe">
          <arg value="--uninstall"/>
          <arg value="--silent"/>
          <arg value="--propFile"/>
          <arg value="${tibco.hawk.root.esc}/bin/tibhawkagent.tra"/>
      </exec>    
      <exec executable="net">
          <arg value="stop"/>
          <arg value="tibhawkhma"/>
      </exec>                                              
      <exec executable="${tibco.hawk.root.esc}/bin/tibhawkhma.exe">
          <arg value="--remove"/>
      </exec>                                              
    </target>   
    <target name="removeWindowsEventService" if="hawk.product.feature.event.installed">
       <exec executable="${tibco.hawk.root.esc}/bin/tibhawkevent.exe">
          <arg value="--stop"/>
          <arg value="--propFile"/>
          <arg value="${tibco.hawk.root.esc}/bin/tibhawkevent.tra"/>          
       </exec>                            
       <exec executable="${tibco.hawk.root.esc}/bin/tibhawkevent.exe">
          <arg value="--uninstall"/>
          <arg value="--silent"/>
          <arg value="--propFile"/>
          <arg value="${tibco.hawk.root.esc}/bin/tibhawkevent.tra"/>          
       </exec>                            
    </target>           
         
    <target name="checkAix" >
       <available file="${tibco.java.home.esc}/lib/ppc" property="tibco.java.home.aix.ppc"/>    
       <available file="${tibco.java.home.esc}/lib/ppc64" property="tibco.java.home.aix.ppc"/>    
    </target>
    <target name="setupAixJvm" if="tibco.java.home.aix.ppc">
       <property name="tibco.jvm.lib.dir.extra.esc" value="${tibco.java.home.esc}/lib/ppc"/>
    </target>
    <target name="setupJvmExtra">
       <property name="tibco.jvm.lib.dir.extra.esc" value=""/>
    </target>
    <target name="checkOS" depends="checkAix" >
        <condition property="tibco.os.windows">
            <os family="windows" />
        </condition>
        <condition property="tibco.os.unix">
            <os family="unix" />
        </condition>        
    </target>  
    
    <target name="updateLibPath" if="tibco.java.home.aix.ppc">      
        <echo message="Updating tibco.env.LIBPATH on AIX ..." />           
        <replace file="${out.file}">
            <replacefilter token="#tibco.env.LIBPATH" value="tibco.env.LIBPATH"/>
            <replacefilter token="tibco.env.LIBPATH" value="#tibco.env.LIBPATH"/>
        </replace>
    </target>      
    
    <target name="updateTemplate">                    
      <copy file="${tibco.hawk.install}/bin/${template.file}" tofile="${tibco.hawk.root.esc}/bin/${template.file}" failonerror="true"/>
      <antcall target="substituteVariables">
         <param name="out.file" value="${tibco.hawk.root.esc}/bin/${template.file}"/>
      </antcall>
      <antcall target="updateLibPath">
         <param name="out.file" value="${tibco.hawk.root.esc}/bin/${template.file}"/>
      </antcall>      
    </target>
    
    <target name="substituteVariables">
        <replace file="${out.file}">
            <replacefilter token="%TIBCO_HOME_ESC%" value="${tibco.home.esc}"/>
            <replacefilter token="%TIBCO_JAVA_HOME_ESC%" value="${tibco.java.home.esc}"/>
            <replacefilter token="%TIBCO_JVM_LIB_ESC%" value="${tibco.jvm.lib.esc}"/>
            <replacefilter token="%TIBCO_JVM_LIB_DIR_EXTRA_ESC%" value="${tibco.jvm.lib.dir.extra.esc}"/>                              
            <replacefilter token="%TIBCO_RV_HOME_ESC%" value="${tibco.rv.install}"/>
            <replacefilter token="%TIBCO_COMPONENT_STORE%" value="${tibco.component.store}"/>
            <replacefilter token="%TIBCO_COMPONENT_STORE_PLUGINS%" value="${tibco.component.store.plugins}"/>
            
            <replacefilter token="%TIBCO_HAWK_HOME_ESC%" value="${tibco.hawk.install}"/>
            <replacefilter token="%TIBCO_HAWK_ROOT_ESC%" value="${tibco.hawk.root.esc}"/>
            <replacefilter token="%TIBCO_HAWK_TPCL_ESC%" value="${tibco.hawk.root.esc}"/>
            <replacefilter token="%TIBCO_HAWK_ROOT%" value="${tibco.hawk.root}"/>
            <replacefilter token="%TIBCO_HAWK_RUNTIME_DOMAIN%" value="${tibco.hawk.domain}"/>
            <replacefilter token="%TIBCO_HAWK_VERSION%" value="${tibco.hawk.version}"/>

            <replacefilter token="%TIBCO_HOME%" value="${tibco.home}"/>                                       
            <replacefilter token="%TIBCO_RV_HOME%" value="${tibco.rv.install}"/>            
            <replacefilter token="%TIBCO_HAWK_HOME%" value="${tibco.hawk.install}"/>     
            <replacefilter token="%TIBCO_TRA_HOME_ESC%" value="${tra.installation.path}"/>          
        </replace>
        <replace file="${out.file}">
            <replacefilter token="%PS%" value="${path.separator}"/>
            <replacefilter token="\\\\" value="\\"/>                                
        </replace>
    </target>
        
</project>
