<?xml version="1.0" encoding="UTF-8"?>
<project name="postInstall" default="updateSetup" basedir=".">   
	<target name="update-sdk-setup" >
		<!-- need to update install.properties -->
		<replace file="install.properties">
			<replacefilter token="hawk.product.feature.sdk=installed" value="hawk.product.feature.sdk="/>          
			<replacefilter token="hawk.product.feature.sdk=" value="hawk.product.feature.sdk=installed"/>              
		</replace>                
	</target>

	<target name="update-agent-setup">
		<!-- need to update install.properties -->
		<replace file="install.properties">
			<replacefilter token="hawk.product.feature.agent=installed" value="hawk.product.feature.agent="/>
			<replacefilter token="hawk.product.feature.agent=" value="hawk.product.feature.agent=installed"/>              
		</replace>                
		<copy file="${tibco.hawk.home}/bin/tibhawkagent.tra_template" tofile="${tibco.hawk.home}/bin/tibhawkagent.tra" failonerror="true"/>
		<antcall target="substituteVariables">
          		<param name="out.file" value="${tibco.hawk.home}/bin/tibhawkagent.tra"/>
     	</antcall>    
		<copy file="${tibco.hawk.home}/bin/mar.tra_template" tofile="${tibco.hawk.home}/bin/mar.tra" failonerror="true"/>
		<antcall target="substituteVariables">
          		<param name="out.file" value="${tibco.hawk.home}/bin/mar.tra"/>
       	</antcall>         
		<copy file="${tibco.hawk.home}/bin/ConfigureMonitoring.tra_template" tofile="${tibco.hawk.home}/bin/ConfigureMonitoring.tra" failonerror="true"/>
		<antcall target="substituteVariables">
          		<param name="out.file" value="${tibco.hawk.home}/bin/ConfigureMonitoring.tra"/>
       	</antcall>          		     
	</target>

	<target name="update-display-setup" >
		<!-- need to update install.properties -->
		<replace file="install.properties">
			<replacefilter token="hawk.product.feature.display=installed" value="hawk.product.feature.display="/>
			<replacefilter token="hawk.product.feature.display=" value="hawk.product.feature.display=installed"/>              
		</replace>                
		<copy file="${tibco.hawk.home}/bin/tibhawkdisplay.tra_template" tofile="${tibco.hawk.home}/bin/tibhawkdisplay.tra" failonerror="true"/>
		<antcall target="substituteVariables">
          		<param name="out.file" value="${tibco.hawk.home}/bin/tibhawkdisplay.tra"/>
       		</antcall>         
	</target>

	<target name="update-event-setup">
		<!-- need to update install.properties -->
		<replace file="install.properties">
			<replacefilter token="hawk.product.feature.event=installed" value="hawk.product.feature.event="/>
			<replacefilter token="hawk.product.feature.event=" value="hawk.product.feature.event=installed"/>              
		</replace>                
		<copy file="${tibco.hawk.home}/bin/tibhawkevent.tra_template" tofile="${tibco.hawk.home}/bin/tibhawkevent.tra" failonerror="true"/>
		<antcall target="substituteVariables">
          		<param name="out.file" value="${tibco.hawk.home}/bin/tibhawkevent.tra"/>
       		</antcall>         
	</target>

	<target name="update-plugin-adapters-setup">
		<!-- need to update install.properties -->
		<replace file="install.properties">
			<replacefilter token="hawk.product.feature.plugin.adapters=installed" value="hawk.product.feature.plugin.adapters="/>
			<replacefilter token="hawk.product.feature.plugin.adapters=" value="hawk.product.feature.plugin.adapters=installed"/>              
		</replace>                
	</target>

	<target name="update-samples-setup">
		<!-- need to update install.properties -->
		<replace file="install.properties">
			<replacefilter token="hawk.product.feature.samples=installed" value="hawk.product.feature.samples="/>
			<replacefilter token="hawk.product.feature.samples=" value="hawk.product.feature.samples=installed"/>              
		</replace>                
		<copy file="${tibco.hawk.home}/bin/spot.tra_template" tofile="${tibco.hawk.home}/bin/spot.tra" failonerror="true"/>
		<antcall target="substituteVariables">
          		<param name="out.file" value="${tibco.hawk.home}/bin/spot.tra"/>
       		</antcall>         
	</target>

	<target name="update-docs-setup">
		<!-- need to update install.properties -->
		<replace file="install.properties">
			<replacefilter token="hawk.product.feature.docs=installed" value="hawk.product.feature.docs="/>
			<replacefilter token="hawk.product.feature.docs=" value="hawk.product.feature.docs=installed"/>              
		</replace>                
	</target>
	
	<target name="update-shared-setup">
		<copy file="${tibco.hawk.home}/bin/amiworkbench.tra_template" tofile="${tibco.hawk.home}/bin/amiworkbench.tra" failonerror="true"/>
		<antcall target="substituteVariables">
          		<param name="out.file" value="${tibco.hawk.home}/bin/amiworkbench.tra"/>
       		</antcall>         
		<copy file="${tibco.hawk.home}/bin/tibhawkpassword.tra_template" tofile="${tibco.hawk.home}/bin/tibhawkpassword.tra" failonerror="true"/>
		<antcall target="substituteVariables">
          		<param name="out.file" value="${tibco.hawk.home}/bin/tibhawkpassword.tra"/>
       		</antcall>         
	</target>

	<target name="updateSetup">
		<echo message="Update properties files..." />          
		<copy file="install.properties_template" tofile="install.properties" overwrite="false" failonerror="true"/>
		<antcall target="substituteVariables">
          		<param name="out.file" value="install.properties"/>
       		</antcall>         
	</target>      

	<target name="substituteVariables">
		<replace file="${out.file}">
			<replacefilter token="%PS%" value="${path.separator}"/>
			<replacefilter token="%TIBCO_CONFIG_HOME%" value="${tibco.config.home}"/>              
			<replacefilter token="%TIBCO_CONFIG_MGMT_HOME%" value="${tibco.config.mgmt.home}"/>              
			<replacefilter token="\" value="\\"/>                    
			<replacefilter token="%PS%" value="${path.separator}"/>

			<replacefilter token="%TIBCO_HOME%" value="${tibco.home}"/>                                       
			<replacefilter token="%TIBCO_HOME_ESC%" value="${tibco.home.esc}"/>
			<replacefilter token="%TIBCO_JAVA_VERSION%" value="${tibco.java.version}"/>
			<replacefilter token="%TIBCO_JAVA_HOME_ESC%" value="${tibco.java.home.esc}"/>
			<replacefilter token="%TIBCO_JVM_LIB_ESC%" value="${tibco.jvm.lib.esc}"/>
			<replacefilter token="%TIBCO_JVM_LIB_DIR_ESC%" value="${tibco.jvm.lib.dir.esc}"/>
			<replacefilter token="%TIBCO_JVM_LIB_SERVER_ESC%" value="${tibco.jvm.lib.server.esc}"/>
			<replacefilter token="%TIBCO_JVM_LIB_SERVER_DIR_ESC%" value="${tibco.jvm.lib.server.dir.esc}"/>
			<replacefilter token="%TIBCO_JVM_LIB_CLIENT_ESC%" value="${tibco.jvm.lib.client.esc}"/>
			<replacefilter token="%TIBCO_JVM_LIB_CLIENT_DIR_ESC%" value="${tibco.jvm.lib.client.dir.esc}"/>
			<replacefilter token="%TIBCO_COMPONENT_STORE%" value="${tibco.component.store}"/>
			<replacefilter token="%TIBCO_COMPONENT_STORE_PLUGINS%" value="${tibco.component.store.plugins}"/>
			<replacefilter token="%TIBCO_HAWK_HOME%" value="${tibco.hawk.home}"/>
			<replacefilter token="%TIBCO_HAWK_HOME_ESC%" value="${tibco.hawk.home.esc}"/>
			<replacefilter token="%TIBCO_HAWK_VERSION%" value="${hawk.short.version}"/>
			<replacefilter token="%TIBCO_HAWK_RUNTIME_DOMAIN%" value="${tibco.hawk.domain}"/>
			<replacefilter token="%TIBCO_RV_HOME%" value="${tibco.rv.home}"/>
			<replacefilter token="%TIBCO_RV_HOME_ESC%" value="${tibco.rv.home.esc}"/>
			<replacefilter token="%TIBCO_TRA_HOME_ESC%" value="${tibco.tra.home.esc}"/>
			<replacefilter token="%TIBCO_TPCL_HOME_ESC%" value="${tibco.tpcl.home.esc}"/>
		</replace>
	</target>
</project>
