<?xml version="1.0" encoding="UTF-8" standalone="no"?>
<installcomponents>
    <assemblyProperties description="Microsoft Visual C++ 2005 SP1 Redistributable (x64)" installLocation="${tibco.home}/tools/vcredist_x64"/>
    <wizardAction class="com.tibco.installer.wizard.action.TIBCOExecuteProcessWizardAction" sequence="install">
        <property command="${tibco.home}/tools/vcredist_x64/vcredist_x64.exe"/>
        <property arguments="/q:a"/>
        <property workingDir="c:/"/>
        <property waitForCompletion="true"/>
        <property showProgress="true"/>
        <property description="Installing Microsoft Visual C++ 2005 SP1 Redistributable (x64) ..."/>
    </wizardAction>
    <installcomponent buildType="formal" currenttimestamp="10-19-2010-03-33-PM" prefix="product_tibco" sizeinbytes="3205056" uid="a_vcredistx64" version="2.1.0.001">
        <file loc="vcredist_x64.exe" perm="664" sizeinbytes="3200960" timestamp="1287527545000"/>
    </installcomponent>
    <directorylist/>
</installcomponents>
