<?xml version="1.0" encoding="UTF-8"?>
<feature
      id="com.tibco.tpcl.org.dom4j.feature"
      label="%featureName"
      version="1.6.200.001"
      provider-name="%providerName">

   <description>
      %description
   </description>

   <copyright>
      %copyright
   </copyright>

   <license url="%licenseURL">
      %license
   </license>

   <requires>
      <import feature="com.tibco.tpcl.javax.system.exports.feature" version="5.0.0"/>
      <import feature="com.tibco.tpcl.com.ctc.wstx.feature" version="3.2.4"/>
   </requires>

   <plugin
         id="com.tibco.tpcl.org.dom4j"
         download-size="0"
         install-size="0"
         version="1.6.200.001"/>

</feature>
