<?xml version="1.0" encoding="UTF-8" standalone="no"?>
<installcomponents>
    <assemblyProperties displayName="Third Party Core Libraries - Jakarta Logging" installLocation="${tpcl.home}"/>
    <installcomponent buildType="formal" currenttimestamp="11-05-2012-12-53-PM" prefix="product_tibco" sizeinbytes="550951" uid="tpcl_jakartalogging" version="1.0.3.003">
        <file loc="lib/ehcache-core-1.7.2.jar" md5sum="69f307eb53cdbeb0e6add183cc5d994e" perm="555" sizeinbytes="271237" timestamp="1328922985000"/>
        <file loc="lib/harmonyasn1.jar" md5sum="3e21e80cd7dc0bfa5b29e0c90a9047ae" perm="555" sizeinbytes="239917" timestamp="1289722784000"/>
        <file loc="lib/commons-logging.jar" md5sum="5bc8bdd15b18018e84fd862993aaca42" perm="555" sizeinbytes="31605" timestamp="1052255250000"/>
    </installcomponent>
    <directorylist>
        <dir loc="lib" perm="664" sizeinbytes="546855"/>
    </directorylist>
</installcomponents>
