<?xml version="1.0" encoding="UTF-8" standalone="no"?>
<installcomponents>
    <assemblyProperties displayName="TIBCO Rendezvous IPM 64bit Runtime"/>
    <installcomponent buildType="formal" currenttimestamp="02-11-2014-10-53-PM" prefix="product_tibco" sizeinbytes="3319184" uid="ipm_64bit_runtime" version="8.4.2.005">
        <file loc="bin/ipm/tibrv.dll" md5sum="841983a08c86ff5a919dd368427087ff" perm="555" sizeinbytes="850944" timestamp="1392151969000"/>
        <file loc="bin/rvperfm_ipm.exe" md5sum="6827d3468ec84ffb8a759ec0a1fbb7a3" perm="555" sizeinbytes="822064" timestamp="1392158029000"/>
        <file loc="bin/rvperfs_ipm.exe" md5sum="25dd51a44df3de00eef17031a769fb9c" perm="555" sizeinbytes="815920" timestamp="1392158028000"/>
        <file loc="bin/rvlat_ipm.exe" md5sum="6998fde4907a262e7ef5351d46122bc9" perm="555" sizeinbytes="817968" timestamp="1392158032000"/>
    </installcomponent>
    <directorylist>
        <dir loc="bin" perm="664" sizeinbytes="3315088"/>
        <dir loc="bin/ipm" perm="664" sizeinbytes="855040"/>
    </directorylist>
</installcomponents>
