<?xml version="1.0" encoding="UTF-8"?>
<feature
      id="com.tibco.tpcl.javax.mail.feature"
      label="%featureName"
      version="1.4.100.001"
      provider-name="%providerName">

   <description>
      %description
   </description>

   <copyright>
      %copyright
   </copyright>

   <license url="%licenseURL">
      %license
   </license>

   <requires>
      <import feature="com.tibco.tpcl.javax.activation.feature" version="1.1.0" match="compatible"/>
      <import feature="com.tibco.tpcl.javax.system.exports.feature" version="5.0.0" match="compatible"/>
   </requires>

   <plugin
         id="com.tibco.tpcl.javax.mail"
         download-size="0"
         install-size="0"
         version="1.4.100.001"/>

</feature>
