<?xml version="1.0" encoding="utf-8"?>
<WebWorksHelpBook version="5.0" name="User's Guide" context="tib_Designer_usr" locale="en" xmlns="urn:WebWorks-Help-Book-Files-Schema">
  <CommonWordsToSkip minlen="3">
    a about after all also am an and another any are as at
    be because been before being between both but by
    came can come copyright corp corporation could
    did do does
    each etc
    for from
    get goes got
    had has have he her here him himself his how
    if in inc into is it its
    let like
    make many me might more most much must my
    never nor not now
    of off on one only or other our out over own
    reserved rights
    said same see set shall she should since so some still such
    take than that the their them then there these they this those though through to too
    under us use
    very
    was way we well were what when where which while who why will with would
    yes yet you your
   </CommonWordsToSkip>
  <ScoringPrefs>
    <meta name="keywords" weight="100" />
    <meta name="description" weight="50" />
    <meta name="summary" weight="50" />
    <title weight="20" />
    <h1 weight="15" />
    <h2 weight="10" />
    <caption weight="10" />
    <h3 weight="7" />
    <th weight="5" />
    <h4 weight="5" />
    <h5 weight="4" />
    <h6 weight="3" />
    <h7 weight="2" />
  </ScoringPrefs>
  <DocumentInfo>
    <Document title="TIBCO Designer™" href="title.1.1.htm" />
    <Document title="Important Information" href="copyrigh.htm" />
    <Document title="Figures" href="LOF.htm" />
    <Document title="Tables" href="LOT.htm" />
    <Document title="Preface" href="preface.4.1.htm" />
    <Document title="Changes from the Previous Release of this Guide" href="preface.4.2.htm" />
    <Document title="Related Documentation" href="preface.4.3.htm" />
    <Document title="Typographical Conventions" href="preface.4.4.htm" />
    <Document title="Connecting with TIBCO Resources" href="preface.4.5.htm" />
    <Document title="Getting Started With TIBCO Designer" href="designer.5.01.htm" />
    <Document title="Welcome to TIBCO Designer" href="designer.5.02.htm" />
    <Document title="Starting TIBCO Designer" href="designer.5.03.htm" />
    <Document title="TIBCO Designer Administration" href="designer.5.04.htm" />
    <Document title="TIBCO Designer Interface Overview" href="designer.5.05.htm" />
    <Document title="Working With Palettes" href="designer.5.06.htm" />
    <Document title="Customizing the Display" href="designer.5.07.htm" />
    <Document title="Accessing Documentation" href="designer.5.08.htm" />
    <Document title="Managing Projects and Resources" href="designer.5.09.htm" />
    <Document title="Overview of Projects" href="designer.5.10.htm" />
    <Document title="Creating Projects" href="designer.5.11.htm" />
    <Document title="Validating Projects" href="designer.5.12.htm" />
    <Document title="Saving Projects" href="designer.5.13.htm" />
    <Document title="Opening and Reopening Projects" href="designer.5.14.htm" />
    <Document title="Adding Resources To Your Project" href="designer.5.15.htm" />
    <Document title="Working With Global Variables" href="designer.5.16.htm" />
    <Document title="Deleting Projects" href="designer.5.17.htm" />
    <Document title="Tips and Tricks for Working With Projects" href="designer.5.18.htm" />
    <Document title="Working with a Revision Control System" href="designer.5.19.htm" />
    <Document title="Overview" href="designer.5.20.htm" />
    <Document title="File Sharing" href="designer.5.21.htm" />
    <Document title="Microsoft Visual SourceSafe" href="designer.5.22.htm" />
    <Document title="Perforce Fast Software Configuration Management System" href="designer.5.23.htm" />
    <Document title="XML Canon" href="designer.5.24.htm" />
    <Document title="ClearCase" href="designer.5.25.htm" />
    <Document title="CVS" href="designer.5.26.htm" />
    <Document title="PVCS Version Manager" href="designer.5.27.htm" />
    <Document title="Scriptable RCS Adapter" href="designer.5.28.htm" />
    <Document title="Tips and Tricks for Using Version Control Systems" href="designer.5.29.htm" />
    <Document title="Sharing Resources with Other Projects" href="designer.5.30.htm" />
    <Document title="Overview" href="designer.5.31.htm" />
    <Document title="Creating an AliasLibrary" href="designer.5.32.htm" />
    <Document title="Creating a Design-time Library" href="designer.5.33.htm" />
    <Document title="Managing Aliases" href="designer.5.34.htm" />
    <Document title="Managing Resource Conflicts in Design-time Libraries" href="designer.5.35.htm" />
    <Document title="Building a Design-time Library on the Command Line" href="designer.5.36.htm" />
    <Document title="Managing Trusted Certificates" href="designer.5.37.htm" />
    <Document title="Overview" href="designer.5.38.htm" />
    <Document title="Storing Certificates Inside a Project" href="designer.5.39.htm" />
    <Document title="Storing Certificates in a Design-time Library" href="designer.5.40.htm" />
    <Document title="Creating an Archive for Deployment" href="designer.5.41.htm" />
    <Document title="Overview" href="designer.5.42.htm" />
    <Document title="Creating an Enterprise Archive" href="designer.5.43.htm" />
    <Document title="Creating an Adapter Archive" href="designer.5.44.htm" />
    <Document title="Creating a Process Archive" href="designer.5.45.htm" />
    <Document title="Making Changes to a Shared Archive" href="designer.5.46.htm" />
    <Document title="Menu Reference" href="designer.5.47.htm" />
    <Document title="Project Menu" href="designer.5.48.htm" />
    <Document title="Edit Menu" href="designer.5.49.htm" />
    <Document title="View Menu" href="designer.5.50.htm" />
    <Document title="Resources Menu" href="designer.5.51.htm" />
    <Document title="Palettes Menu" href="designer.5.52.htm" />
    <Document title="Multi-User" href="designer.5.53.htm" />
    <Document title="Tools Menu" href="designer.5.54.htm" />
    <Document title="Window Menu" href="designer.5.55.htm" />
    <Document title="Help Menu" href="designer.5.56.htm" />
    <Document title="Right-Button Menus" href="designer.5.57.htm" />
    <Document title="Toolbar Icons Reference" href="designer.5.58.htm" />
    <Document title="Project Icons" href="designer.5.59.htm" />
    <Document title="Edit Icons" href="designer.5.60.htm" />
    <Document title="Palette Icons" href="designer.5.61.htm" />
    <Document title="Selection Icons" href="designer.5.62.htm" />
    <Document title="Verification Icons" href="designer.5.63.htm" />
    <Document title="Window Title Bar icons" href="designer.5.64.htm" />
    <Document title="Predefined Global Variables" href="designer.5.65.htm" />
    <Document title="Working With Legacy Projects" href="designer.5.66.htm" />
    <Document title="Introduction" href="designer.5.67.htm" />
    <Document title="Importing a Project" href="designer.5.68.htm" />
    <Document title="Exporting a Project" href="designer.5.69.htm" />
    <Document title="Exporting Resources" href="designer.5.70.htm" />
    <Document title="Importing Resources" href="designer.5.71.htm" />
  </DocumentInfo>
  <TopicMap>
    <Topic name="aboutdesigner.welcome.helpurl" href="designer.5.03.htm#1885340" />
    <Topic name="ae.unknownfileres.helpurl" href="designer.5.05.htm#1890542" />
    <Topic name="archive.builder.folder.helpurl" href="designer.5.41.htm" />
    <Topic name="adapter.archive.resource.helpurl" href="designer.5.44.htm" />
    <Topic name="process.archive.resource.helpurl" href="designer.5.45.htm" />
    <Topic name="shared.archive.resource.helpurl" href="designer.5.46.htm" />
    <Topic name="ae.ssl.trustedcert.helpurl" href="designer.5.54.htm#1947394" />
  </TopicMap>
</WebWorksHelpBook>