<?xml version="1.0" encoding="utf-8"?>
<WebWorksHelpIX version="5.0" xmlns="urn:WebWorks-Help-Index-Schema">
  <g t="A" o="002">
    <i t="Accessing">
      <i t="Startup Panel">
        <j l="25#1902100" />
      </i>
    </i>
    <i t="Accessing Documentation">
      <j l="16" />
    </i>
    <i t="Acquire">
      <i t="Check out Resource">
        <j l="65#1894828" />
      </i>
      <i t="Check Out Resource">
        <j l="61#1894706" />
      </i>
      <i t="Check Out Resource Following References">
        <j l="61#1910881" />
      </i>
    </i>
    <i t="Acquiring">
      <i t="Resource">
        <j l="32#1893309" />
      </i>
    </i>
    <i t="Adding">
      <i t="a Generic Adapter Configuration Archive">
        <j l="52#1893857" />
      </i>
      <i t="a Process Archive">
        <j l="53#1893911" />
      </i>
      <i t="a Resource to Your Project">
        <j l="23#1892502" />
      </i>
      <i t="Global Variable or Global Variable Group">
        <j l="24#1903998" />
      </i>
      <i t="Resource">
        <j l="59#1894611" />
        <j l="65#1894821" />
      </i>
      <i t="Resource to RCS">
        <j l="61#1910868" />
        <j l="65#1894833" />
      </i>
      <i t="Resources to a Project">
        <j l="23" />
      </i>
    </i>
  </g>
  <g t="C" o="002">
    <i t="changes from the previous release of TIBCO Designer User’s Guide">
      <j l="5" />
    </i>
    <i t="Changing">
      <i t="a Shared Archive">
        <j l="54#1893963" />
      </i>
    </i>
    <i t="Check in Changes">
      <j l="61#1894719" />
    </i>
    <i t="Checking In and Acquiring Resources">
      <j l="32#1893186" />
    </i>
    <i t="Choosing">
      <i t="Palette Mode or Non-palette Mode">
        <j l="14#1923274" />
      </i>
      <i t="Panel Layout">
        <j l="15#1877826" />
      </i>
      <i t="Three-panel View">
        <j l="15#1877857" />
      </i>
    </i>
    <i t="ClearCase">
      <j l="33" />
    </i>
    <i t="Configuration Panel">
      <j l="13#1877804" />
    </i>
    <i t="Creating">
      <i t="a ClearCase Project">
        <j l="33#1911934" />
      </i>
      <i t="a PVCS Project">
        <j l="35#1911963" />
      </i>
      <i t="a User Palette">
        <j l="14#1923314" />
      </i>
      <i t="Adapter Archive">
        <j l="52" />
      </i>
      <i t="an AliasLibrary">
        <j l="40#1916167" />
      </i>
      <i t="an Enterprise Archive">
        <j l="51#1893801" />
      </i>
      <i t="ClearCase Project">
        <j l="33#1911933" />
      </i>
      <i t="Enterprise Archive">
        <j l="51" />
      </i>
      <i t="LibraryBuilder Resource">
        <j l="41" />
      </i>
      <i t="Process Archive">
        <j l="53" />
      </i>
      <i t="Project EAR">
        <j l="62#1947392" />
      </i>
      <i t="Projects">
        <j l="19" />
      </i>
      <i t="PVCS Project">
        <j l="35#1911962" />
      </i>
    </i>
    <i t="customer support">
      <j l="8#39302" />
    </i>
    <i t="Customizing an Import">
      <j l="79#1895961" />
    </i>
    <i t="Customizing the Display">
      <j l="15" />
    </i>
    <i t="CVS">
      <j l="34" />
    </i>
  </g>
  <g t="D" o="002">
    <i t="Deleting">
      <i t="a Design-time Library">
        <j l="41#1958139" />
      </i>
      <i t="a Project">
        <j l="25#1892623" />
      </i>
      <i t="a User Palette">
        <j l="14#1923324" />
      </i>
      <i t="Global Variable">
        <j l="24#1904148" />
      </i>
      <i t="Projects">
        <j l="25" />
      </i>
      <i t="RCS Projects">
        <j l="28#1892913" />
      </i>
      <i t="XML Canon Projects">
        <j l="32#1893440" />
      </i>
    </i>
    <i t="Design Panel">
      <j l="13#1903530" />
    </i>
    <i t="Designer Help">
      <j l="64#1894774" />
    </i>
    <i t="Displaying Palettes in a Separate Window">
      <j l="14#1923306" />
    </i>
    <i t="Documentation">
      <j l="6" />
    </i>
    <i t="Documentation, Other TIBCO Product">
      <j l="6#24887" />
    </i>
    <i t="Documentation, TIBCO Designer">
      <j l="6#41311" />
    </i>
  </g>
  <g t="E" o="002">
    <i t="Edit Menu">
      <j l="57" />
    </i>
    <i t="Editing">
      <i t="Extended Properties">
        <j l="59#1894635" />
      </i>
      <i t="Icons">
        <j l="68" />
      </i>
    </i>
    <i t="Enterprise Archive File Size">
      <j l="50#1914990" />
    </i>
    <i t="ENV_NAME">
      <j l="7#41053" />
    </i>
    <i t="Exporting">
      <i t="a Project">
        <j l="77#1895757" />
      </i>
      <i t="a Server Repository Project">
        <j l="77#1895782" />
      </i>
      <i t="Alias">
        <j l="42#1951590" />
      </i>
      <i t="As XML Schemas">
        <j l="62#1894729" />
      </i>
      <i t="Clipboard">
        <j l="57#1894371" />
      </i>
      <i t="Customized">
        <j l="78#1895928" />
      </i>
      <i t="Full Project">
        <j l="56#1894256" />
      </i>
      <i t="Project">
        <j l="77" />
      </i>
      <i t="Resources">
        <j l="78" />
      </i>
      <i t="Resources to File">
        <j l="56#1894282" />
      </i>
      <i t="Server Repository Project">
        <j l="77#1895781" />
      </i>
      <i t="Simple">
        <j l="78#1895923" />
      </i>
    </i>
    <i t="Extended Copy">
      <j l="57#1894360" />
    </i>
  </g>
  <g t="F" o="002">
    <i t="Features">
      <j l="32#1893173" />
    </i>
    <i t="File Sharing">
      <j l="29" />
    </i>
    <i t="File Tools">
      <j l="62#1947375" />
    </i>
    <i t="Find and Replace">
      <j l="57#1894377" />
    </i>
    <i t="Finding">
      <i t="Global Variable Usages">
        <j l="62#1910886" />
      </i>
      <i t="References In">
        <j l="59#1894661" />
      </i>
      <i t="References To">
        <j l="59#1894668" />
      </i>
    </i>
  </g>
  <g t="G" o="002">
    <i t="Generate HTML Report">
      <j l="56#1894301" />
    </i>
    <i t="Global Variables">
      <i t="Attributes">
        <j l="24#1904138" />
      </i>
      <i t="Display">
        <j l="13#1877769" />
      </i>
      <i t="Editor">
        <j l="24#1892600" />
      </i>
    </i>
  </g>
  <g t="H" o="002">
    <i t="Help Menu">
      <j l="64" />
    </i>
    <i t="Hiding Design-time Libraries">
      <j l="41#1919741" />
      <j l="41#1920031" />
    </i>
    <i t="Hiding Library Resources">
      <j l="56#1908104" />
    </i>
    <i t="Hiding Palettes">
      <j l="14#1922133" />
    </i>
    <i t="HTTP">
      <j l="77#1895859" />
    </i>
    <i t="HTTP-S">
      <j l="77#1895884" />
    </i>
  </g>
  <g t="I" o="002">
    <i t="Icons Used by RCS Projects">
      <j l="28#1892885" />
    </i>
    <i t="Importing">
      <i t="a Project">
        <j l="76" />
      </i>
      <i t="a Project Into a CVS Repository">
        <j l="34#1919282" />
      </i>
      <i t="an Alias">
        <j l="42#1951599" />
      </i>
      <i t="from Clipboard">
        <j l="57#1894373" />
      </i>
      <i t="Full Project">
        <j l="56#1894246" />
      </i>
      <i t="Resources">
        <j l="79" />
      </i>
      <i t="Resources from File, Folder, URL">
        <j l="56#1894271" />
      </i>
    </i>
    <i t="Importing a Project">
      <j l="76#1895721" />
      <j l="79#1895955" />
    </i>
    <i t="Inspect Resource">
      <j l="59#1894628" />
      <j l="65#1894808" />
    </i>
    <i t="Installing CVS on UNIX">
      <j l="34#1919507" />
    </i>
  </g>
  <g t="L" o="002">
    <i t="Link Resource">
      <j l="65#1894817" />
    </i>
    <i t="Load Full Project">
      <j l="56#1894239" />
    </i>
    <i t="Loading a User Palette">
      <j l="14#1923321" />
    </i>
  </g>
  <g t="M" o="002">
    <i t="Making Changes to a Shared Archive">
      <j l="54" />
    </i>
    <i t="Managing Resource Conflicts in Design-time Libraries">
      <j l="43" />
    </i>
    <i t="Microsoft Visual SourceSafe">
      <j l="30" />
    </i>
    <i t="Modifying">
      <i t="a ClearCase Project">
        <j l="33#1911946" />
      </i>
      <i t="a PVCS Project">
        <j l="35#1911972" />
      </i>
      <i t="ClearCase Project">
        <j l="33#1911933" />
      </i>
    </i>
    <i t="Move Resource">
      <j l="65#1894810" />
    </i>
    <i t="Multi-User">
      <j l="61" />
    </i>
    <i t="My Palettes">
      <j l="60#1894676" />
    </i>
  </g>
  <g t="O" o="002">
    <i t="Opening a project stored on XML Canon">
      <j l="32#1893297" />
    </i>
    <i t="Opening Projects">
      <j l="22" />
    </i>
    <i t="Overview of Projects">
      <j l="18" />
    </i>
  </g>
  <g t="P" o="002">
    <i t="Palette">
      <i t="Icons">
        <j l="69" />
      </i>
      <i t="Menu">
        <j l="60" />
      </i>
      <i t="Panel">
        <j l="13#1877787" />
        <j l="65#1894846" />
      </i>
    </i>
    <i t="Perforce">
      <j l="31" />
    </i>
    <i t="Preparing">
      <i t="for File Sharing on Microsoft Windows">
        <j l="29#1892943" />
      </i>
      <i t="for File Sharing on UNIX">
        <j l="29#1892947" />
      </i>
    </i>
    <i t="Print Setup">
      <j l="56#1894288" />
    </i>
    <i t="Project">
      <i t="Display">
        <j l="13#1881014" />
      </i>
      <i t="Icons">
        <j l="67" />
      </i>
      <i t="Menu">
        <j l="56" />
      </i>
      <i t="Panel">
        <j l="13#1877754" />
        <j l="65#1894802" />
      </i>
      <i t="Structure">
        <j l="18#1892303" />
      </i>
      <i t="Templates">
        <j l="18#1892354" />
      </i>
    </i>
    <i t="PVCS Version Manager">
      <j l="35" />
    </i>
  </g>
  <g t="R" o="002">
    <i t="Refresh">
      <j l="59#1894659" />
    </i>
    <i t="Release-Revert Resource">
      <j l="61#1894715" />
      <j l="65#1894840" />
    </i>
    <i t="Reopen">
      <j l="56#1894158" />
    </i>
    <i t="Reopening Projects">
      <j l="22" />
    </i>
    <i t="Resource Tools">
      <j l="62#1894725" />
    </i>
    <i t="Resources">
      <j l="13#1881106" />
    </i>
    <i t="Resources Menu">
      <j l="59" />
    </i>
    <i t="Reverting Changes">
      <j l="32#1893332" />
    </i>
    <i t="Right-Button Menus">
      <j l="65" />
    </i>
    <i t="Runtime Environment">
      <j l="64#1894793" />
    </i>
    <i t="RV">
      <j l="77#1895802" />
    </i>
    <i t="RVA">
      <j l="77#1895835" />
    </i>
  </g>
  <g t="S" o="002">
    <i t="Save As">
      <j l="56#1894206" />
      <i t="JPEG">
        <j l="56#1894294" />
      </i>
      <i t="Template">
        <j l="56#1894209" />
      </i>
    </i>
    <i t="Saving">
      <i t="a Project">
        <j l="21#1906671" />
      </i>
      <i t="a Project as a Template">
        <j l="21#1892444" />
      </i>
      <i t="Projects">
        <j l="21" />
      </i>
    </i>
    <i t="Selection Icons">
      <j l="70" />
    </i>
    <i t="Show Adapter Tester">
      <j l="62#1894751" />
    </i>
    <i t="Show Console">
      <j l="63#1894756" />
    </i>
    <i t="Show Palettes in New Window">
      <j l="65#1894852" />
    </i>
    <i t="Showing Design-time Libraries">
      <j l="41#1919741" />
      <j l="41#1920031" />
    </i>
    <i t="Showing Library Resources">
      <j l="56#1908104" />
    </i>
    <i t="Showing Palettes">
      <j l="14#1922133" />
    </i>
    <i t="Small Icons">
      <j l="58#1894593" />
    </i>
    <i t="Starting">
      <i t="TIBCO Designer">
        <j l="11" />
      </i>
    </i>
    <i t="Starting TIBCO Designer">
      <j l="11#1877596" />
    </i>
    <i t="Startup Options">
      <j l="11#1885340" />
    </i>
    <i t="support, contacting">
      <j l="8#39302" />
    </i>
    <i t="Switching Palette Modes">
      <j l="14#1923298" />
    </i>
    <i t="Synchronizing a Project">
      <j l="61#1894721" />
    </i>
  </g>
  <g t="T" o="002">
    <i t="technical support">
      <j l="8#39302" />
    </i>
    <i t="Tester">
      <j l="62#1910904" />
    </i>
    <i t="TIBCO Designer Administration">
      <j l="12" />
    </i>
    <i t="TIBCO Designer Interface Overview">
      <j l="13" />
    </i>
    <i t="TIBCO_HOME">
      <j l="7#37287" />
    </i>
    <i t="Tips and Tricks">
      <j l="32#1893442" />
      <i t="for Using Version Control Systems">
        <j l="37" />
      </i>
      <i t="for Working With Projects">
        <j l="26" />
      </i>
    </i>
    <i t="Toggle Custom Icon Support">
      <j l="65#1913925" />
    </i>
    <i t="Tools Menu">
      <j l="62" />
    </i>
    <i t="Trusted Certificates">
      <j l="62#1947392" />
    </i>
  </g>
  <g t="U" o="002">
    <i t="Using">
      <i t="a Filter">
        <j l="24#1904014" />
      </i>
      <i t="a Version Control System">
        <j l="18#1892333" />
      </i>
      <i t="File Sharing">
        <j l="29#1892956" />
      </i>
      <i t="Microsoft Visual SourceSafe">
        <j l="30#1893032" />
      </i>
      <i t="Perforce">
        <j l="31#1893102" />
      </i>
      <i t="the Palette Browser">
        <j l="14#1922123" />
      </i>
    </i>
  </g>
  <g t="V" o="002">
    <i t="Validating">
      <i t="a Resource">
        <j l="20#1892388" />
      </i>
      <i t="All Resources">
        <j l="20#1984054" />
      </i>
      <i t="Project for Deployment">
        <j l="56#1894213" />
      </i>
      <i t="Projects">
        <j l="20" />
      </i>
      <i t="Resource">
        <j l="59#1894622" />
      </i>
    </i>
    <i t="Verification Icons">
      <j l="71" />
    </i>
    <i t="View Library Conflicts">
      <j l="59#1910221" />
    </i>
    <i t="View Menu">
      <j l="58" />
    </i>
    <i t="Viewing">
      <i t="RCS Info for Resource">
        <j l="61#1894717" />
        <j l="65#1894842" />
      </i>
      <i t="Revision Control Information">
        <j l="32#1893336" />
      </i>
    </i>
    <i t="Visual SourceSafe Setup">
      <j l="30#1893016" />
    </i>
  </g>
  <g t="W" o="002">
    <i t="Window Title Bar icons">
      <j l="72" />
    </i>
    <i t="Working With">
      <i t="CVS">
        <j l="34#1960058" />
      </i>
      <i t="Global Variables">
        <j l="24" />
      </i>
      <i t="Palettes">
        <j l="14" />
      </i>
      <i t="User Palettes">
        <j l="14#1923312" />
      </i>
    </i>
  </g>
  <g t="X" o="002">
    <i t="XML Canon">
      <j l="32" />
    </i>
  </g>
</WebWorksHelpIX>