<?xml version="1.0" encoding="UTF-8" standalone="no"?>
<installcomponents>
    <assemblyProperties displayName="TIBCO Hawk Shared Common" installLocation="${hawk.home}"/>
    <installcomponent buildType="formal" currenttimestamp="03-08-2011-11-17-AM" prefix="product_tibco" sizeinbytes="467656" uid="hawk_shared_common" version="4.9.0.028">
        <file loc="lib/activation.jar" perm="644" sizeinbytes="55932" timestamp="1289871622000"/>
        <file loc="lib/perltools.jar" perm="644" sizeinbytes="36497" timestamp="1289871622000"/>
        <file loc="lib/mail.jar" perm="644" sizeinbytes="356519" timestamp="1289871622000"/>
        <file loc="bin/amiworkbench.tra_template" perm="644" sizeinbytes="3221" timestamp="1289969138000"/>
        <file loc="bin/tibhawkpassword.tra_template" perm="644" sizeinbytes="3199" timestamp="1289969138000"/>
    </installcomponent>
    <directorylist>
        <dir loc="lib" perm="664" sizeinbytes="453044"/>
        <dir loc="bin" perm="664" sizeinbytes="10516"/>
    </directorylist>
</installcomponents>
