<?xml version="1.0" encoding="UTF-8"?>
<feature
      id="com.tibco.tpcl.org.apache.log4j.feature"
      label="%featureName"
      version="1.2.200.003"
      provider-name="%providerName">

   <description>
      %description
   </description>

   <copyright>
      %copyright
   </copyright>

   <license url="%licenseURL">
      %license
   </license>

   <requires>
      <import feature="com.tibco.tpcl.javax.system.exports.feature" version="5.0.0"/>
   </requires>

   <plugin
         id="com.tibco.tpcl.org.apache.log4j"
         download-size="0"
         install-size="0"
         version="1.2.200.003"/>

</feature>
