<?xml version="1.0" encoding="UTF-8" standalone="no"?>
<installcomponents>
    <installcomponent buildType="formal" currenttimestamp="10-08-2012-01-21-PM" prefix="assembly_tibco" sizeinbytes="410127" uid="com_tibco_security_tibcrypt_feature" version="2.16.0.005">
        <file loc="features/com.tibco.security.tibcrypt.feature_2.16.0.005/additionalProps.txt" md5sum="d6a1c8ace7b06ff5c42afceb3b333acd" perm="664" sizeinbytes="43" timestamp="1349727667000"/>
        <file loc="features/com.tibco.security.tibcrypt.feature_2.16.0.005/feature.xml" md5sum="281e03335076941e8f5ccd2665fb4df9" perm="664" sizeinbytes="729" timestamp="1349727667000"/>
        <file loc="features/com.tibco.security.tibcrypt.feature_2.16.0.005/feature.properties" md5sum="c7b5c9c2743bd2f4a1f5ae36d7abec61" perm="664" sizeinbytes="354" timestamp="1349727667000"/>
        <file loc="features/com.tibco.security.tibcrypt.feature_2.16.0.005/license.txt" md5sum="b2aa4fa1a20971f45eb3c7a312ac7c30" perm="664" sizeinbytes="84" timestamp="1349727667000"/>
        <file loc="plugins/com.tibco.security.tibcrypt_2.16.0.005.jar" md5sum="6eab89a437cecd9cf98e604571a260c1" perm="664" sizeinbytes="392533" timestamp="1349727671000"/>
    </installcomponent>
    <directorylist>
        <dir loc="features" perm="664" sizeinbytes="9402"/>
        <dir loc="features/com.tibco.security.tibcrypt.feature_2.16.0.005" perm="664" sizeinbytes="5306"/>
        <dir loc="plugins" perm="664" sizeinbytes="396629"/>
    </directorylist>
</installcomponents>
