<?xml version="1.0" encoding="UTF-8"?>
<feature
      id="com.tibco.commonlogging.logclient.feature"
      label="%featureName"
      version="2.1.0.026"
      provider-name="%providerName">

   <description>
      %description
   </description>

   <copyright>
      %copyright
   </copyright>

   <license url="%licenseURL">
      %license
   </license>

   <requires>
      <import feature="com.tibco.tpcl.javax.system.exports.feature" version="5.0.0" match="compatible"/>
      <import feature="com.tibco.tpcl.emf" version="2.4.2" match="compatible"/>
      <import feature="com.tibco.tpcl.org.apache.commons.pool.feature" version="1.3.0" match="compatible"/>
      <import feature="com.tibco.tpcl.org.apache.log4j.feature" version="1.2.200" match="compatible"/>
      <import feature="com.tibco.tpcl.org.dom4j.feature" version="1.6.1" match="compatible"/>
      <import feature="com.tibco.neo.common" version="2.4.0" match="compatible"/>
      <import feature="com.tibco.corona.eventformat.model.feature" version="2.1.0" match="compatible"/>
      <import feature="com.tibco.tpcl.org.springframework.minimum.feature" version="2.5.6" match="compatible"/>
      <import feature="com.tibco.security.tibcrypt.feature" version="2.14.100" match="compatible"/>
      <import feature="com.tibco.jms.jmsclient.feature" version="5.0.0" match="compatible"/>
      <import feature="com.tibco.tpcl.javax.jms.feature" version="1.1.100" match="compatible"/>
   </requires>

   <plugin
         id="com.tibco.commonlogging.logclient"
         download-size="0"
         install-size="0"
         version="2.1.0.026"
         unpack="false"/>

   <plugin
         id="com.tibco.commonlogging.messages"
         download-size="0"
         install-size="0"
         version="2.0.0.006"
         unpack="false"/>

   <plugin
         id="com.tibco.commonlogging.cbe.model"
         download-size="0"
         install-size="0"
         version="1.0.0.005"
         unpack="false"/>

</feature>
