<?xml version="1.0" encoding="UTF-8" standalone="no"?>
<installcomponents>
    <assemblyProperties displayName="TIBCO Rendezvous 64bit Development"/>
    <installcomponent buildType="formal" currenttimestamp="02-11-2014-10-45-PM" prefix="product_tibco" sizeinbytes="18390840" uid="rv_64bit_development" version="8.4.2.005">
        <file loc="lib/libtibrvftmd.lib" md5sum="17c3a94241235175ebf316dc21a29181" perm="444" sizeinbytes="161502" timestamp="1392151702000"/>
        <file loc="lib/libeay32.lib" md5sum="2e6e967cb97162c4bf317f1736519c9c" perm="444" sizeinbytes="654252" timestamp="1391444712000"/>
        <file loc="lib/libtibrvcmq.lib" md5sum="ba875b2ff1c4d573a3b334279444db92" perm="444" sizeinbytes="407866" timestamp="1392151721000"/>
        <file loc="lib/zdll.lib" md5sum="3b3f2eb1161313c40c9931e2f4f3f55a" perm="444" sizeinbytes="10350" timestamp="1228885836000"/>
        <file loc="lib/ssleay32.lib" md5sum="97282d7ddb6d8d050b4b39614f1395fd" perm="444" sizeinbytes="51846" timestamp="1391444712000"/>
        <file loc="lib/libtibrvft.lib" md5sum="6fbb7ba3f8cdf5b24e5d66a742777ab7" perm="444" sizeinbytes="200146" timestamp="1392151697000"/>
        <file loc="lib/libtibrvcpp.lib" md5sum="294464a8b2b9a3e933d7f4af5bacee9c" perm="444" sizeinbytes="319468" timestamp="1392151800000"/>
        <file loc="lib/ssleay32mt.lib" md5sum="4586e09c520b060fae7d17122f3dca9f" perm="444" sizeinbytes="946268" timestamp="1391444711000"/>
        <file loc="lib/libtibrvsdmd.lib" md5sum="50b9b1d6e0882d64891d3fdee97657c9" perm="444" sizeinbytes="294658" timestamp="1392151791000"/>
        <file loc="lib/tibrvsd.lib" md5sum="2d736e20fe31821bd3616a4eee55edb6" perm="444" sizeinbytes="2776" timestamp="1392151791000"/>
        <file loc="lib/libtibrv.lib" md5sum="33c131f274f2e7bc5fac21b5e84b377a" perm="444" sizeinbytes="3725332" timestamp="1392151590000"/>
        <file loc="lib/libtibrvcmqmd.lib" md5sum="2de79b97b087b1e62adddb7744c365fa" perm="444" sizeinbytes="321624" timestamp="1392151735000"/>
        <file loc="lib/libtibrvsd.lib" md5sum="d89c3d69379b85b3d0639c859461838a" perm="444" sizeinbytes="309980" timestamp="1392151769000"/>
        <file loc="lib/tibrvcm.lib" md5sum="b06787f15b90c7d621aafff68f3f719d" perm="444" sizeinbytes="18646" timestamp="1392151729000"/>
        <file loc="lib/libeay32mt.lib" md5sum="f23d7e4000e4177e14de5113e78eeaf5" perm="444" sizeinbytes="5457142" timestamp="1391444709000"/>
        <file loc="lib/zlib.lib" md5sum="37f5c2b00cec58809031b51f95c0c301" perm="444" sizeinbytes="148784" timestamp="1319477191000"/>
        <file loc="lib/libtibrvcppmd.lib" md5sum="e2b6f309a7d98cea8ff601a58112c0e8" perm="444" sizeinbytes="807148" timestamp="1392151805000"/>
        <file loc="lib/libtibrvcmmd.lib" md5sum="d599817c5c3154c096b8b55869e28fd9" perm="444" sizeinbytes="534654" timestamp="1392151735000"/>
        <file loc="lib/tibrv.lib" md5sum="7b16030cfc3e4a9fe74dcd3ce1d66052" perm="444" sizeinbytes="114532" timestamp="1392151683000"/>
        <file loc="lib/tibrvft.lib" md5sum="2d0c24ef3bacbc3d450dc629103589c4" perm="444" sizeinbytes="5136" timestamp="1392151702000"/>
        <file loc="lib/libtibrvcm.lib" md5sum="dea96cee03af7964c8e7c71a39e17eb2" perm="444" sizeinbytes="650374" timestamp="1392151715000"/>
        <file loc="lib/tibrvcmq.lib" md5sum="b1973a92a4d86b4fc744ebe30e170670" perm="444" sizeinbytes="4450" timestamp="1392151734000"/>
        <file loc="lib/libtibrvmd.lib" md5sum="77ee76b8737007ebc83e51772dfdfdbd" perm="444" sizeinbytes="3235714" timestamp="1392151687000"/>
    </installcomponent>
    <directorylist>
        <dir loc="lib" perm="664" sizeinbytes="18386744"/>
    </directorylist>
</installcomponents>
