<?xml version="1.0" encoding="UTF-8" standalone="no"?>
<installcomponents>
    <installcomponent buildType="formal" currenttimestamp="05-17-2012-08-11-AM" prefix="assembly_tibco" sizeinbytes="685380" uid="com_tibco_hawk_core_feature" version="4.9.0.023">
        <file loc="features/com.tibco.hawk.core.feature_4.9.0.023/license.txt" md5sum="b2aa4fa1a20971f45eb3c7a312ac7c30" perm="664" sizeinbytes="84" timestamp="1337267771000"/>
        <file loc="features/com.tibco.hawk.core.feature_4.9.0.023/feature.properties" md5sum="13e8d5bf9b39eb0f4de6fa9c0d4e93fe" perm="664" sizeinbytes="374" timestamp="1337267771000"/>
        <file loc="features/com.tibco.hawk.core.feature_4.9.0.023/feature.xml" md5sum="2ab14df47c51306e796cacddee2dff1a" perm="664" sizeinbytes="2371" timestamp="1337267771000"/>
        <file loc="plugins/com.tibco.hawk.configobject_4.9.0.011.jar" md5sum="c0db8c2978c113578ddeb053a9fd584e" perm="664" sizeinbytes="261987" timestamp="1337267783000"/>
        <file loc="plugins/com.tibco.hawk.console_4.9.0.017.jar" md5sum="ca564dbae830d9587e442a775caf8a44" perm="664" sizeinbytes="189452" timestamp="1337267775000"/>
        <file loc="plugins/com.tibco.hawk.talon_4.9.0.009.jar" md5sum="0c069e83cd0b7d486c71f0a90a403326" perm="664" sizeinbytes="34686" timestamp="1337267784000"/>
        <file loc="plugins/com.tibco.hawk.util_4.9.0.016.jar" md5sum="e500fd75eedf4a063886ea9aaf5b67be" perm="664" sizeinbytes="180042" timestamp="1337267783000"/>
    </installcomponent>
    <directorylist>
        <dir loc="features" perm="664" sizeinbytes="11021"/>
        <dir loc="features/com.tibco.hawk.core.feature_4.9.0.023" perm="664" sizeinbytes="6925"/>
        <dir loc="plugins" perm="664" sizeinbytes="670263"/>
    </directorylist>
</installcomponents>
