<?xml version="1.0" encoding="UTF-8" standalone="no"?>
<installcomponents>
    <assemblyProperties displayName="TIBCO Rendezvous Source"/>
    <installcomponent buildType="formal" currenttimestamp="02-11-2014-10-50-PM" prefix="product_tibco" sizeinbytes="269807" uid="rv_source" version="8.4.2.005">
        <file loc="src/examples/dotnet/cs/FTMonitorApplication.cs" md5sum="d4a813c72567dbd5bec25e547eca7f21" perm="444" sizeinbytes="3522" timestamp="1392150954000"/>
        <file loc="src/examples/dotnet/cs/SenderApplicationAssemblyInfo.cs" md5sum="218ac9422c2dd91add77c9a37a50942d" perm="444" sizeinbytes="2907" timestamp="1392150954000"/>
        <file loc="src/examples/dotnet/cs/ListenerApplication.cs" md5sum="a07af0a9c74e92c71ffbab4fefacb59c" perm="444" sizeinbytes="6411" timestamp="1392150954000"/>
        <file loc="src/examples/dotnet/cs/SelfConvertingStringListenerAssemblyInfo.cs" md5sum="8af25a820567e0602dc01cd52a08ad21" perm="444" sizeinbytes="2955" timestamp="1392150954000"/>
        <file loc="src/examples/dotnet/cs/VectoredListenerApplication.cs" md5sum="90dab4dce50ade9a8a7e53970a0ea58c" perm="444" sizeinbytes="7989" timestamp="1392150954000"/>
        <file loc="src/examples/dotnet/cs/CMSenderApplicationAssemblyInfo.cs" md5sum="98fc0de0a3650349e696f1e6d0c69901" perm="444" sizeinbytes="2911" timestamp="1392150954000"/>
        <file loc="src/examples/dotnet/cs/SendObjectApplicationAssemblyInfo.cs" md5sum="64f7797917db3ef3c3ec1bb301fe68cf" perm="444" sizeinbytes="2917" timestamp="1392150954000"/>
        <file loc="src/examples/dotnet/cs/DQGroupMemberApplicationAssemblyInfo.cs" md5sum="975c84f12e836cab992be4a535ab8f39" perm="444" sizeinbytes="2925" timestamp="1392150954000"/>
        <file loc="src/examples/dotnet/cs/SelfConvertingStringSenderAssemblyInfo.cs" md5sum="4adb0502f256cda54f446315fa0408a8" perm="444" sizeinbytes="2951" timestamp="1392150954000"/>
        <file loc="src/examples/dotnet/cs/CMSenderApplication.cs" md5sum="931401416be528fc1f507ce834ad5cbe" perm="444" sizeinbytes="8181" timestamp="1392150954000"/>
        <file loc="src/examples/dotnet/cs/SelfConvertingStringListener.cs" md5sum="e18fb7a0ed80d3a4d6747abaf90b1599" perm="444" sizeinbytes="6544" timestamp="1392150954000"/>
        <file loc="src/examples/dotnet/cs/ListenerApplicationAssemblyInfo.cs" md5sum="32ec5689603308f2f8d62b89a33fc42e" perm="444" sizeinbytes="2911" timestamp="1392150954000"/>
        <file loc="src/examples/dotnet/cs/DQGroupMemberApplication.cs" md5sum="0c02d7a984caa1020c774da8d6f6fcfe" perm="444" sizeinbytes="2508" timestamp="1392150954000"/>
        <file loc="src/examples/dotnet/cs/Makefile" md5sum="a0490fe106b182c056596bf5a0250e20" perm="444" sizeinbytes="1537" timestamp="1392150954000"/>
        <file loc="src/examples/dotnet/cs/FTGroupMemberApplicationAssemblyInfo.cs" md5sum="f81db89499c62164543f0ebc462e250f" perm="444" sizeinbytes="2925" timestamp="1392150954000"/>
        <file loc="src/examples/dotnet/cs/SenderApplication.cs" md5sum="59c796d19c5ec6a311174218e876074e" perm="444" sizeinbytes="6401" timestamp="1392150954000"/>
        <file loc="src/examples/dotnet/cs/SelfConvertingStringSender.cs" md5sum="e959f936a650dc5f961003be6c3963ea" perm="444" sizeinbytes="6198" timestamp="1392150954000"/>
        <file loc="src/examples/dotnet/cs/FTMonitorApplicationAssemblyInfo.cs" md5sum="240c8ff803b20d6e08c847ae35a29dc8" perm="444" sizeinbytes="2915" timestamp="1392150954000"/>
        <file loc="src/examples/dotnet/cs/CMListenerApplicationAssemblyInfo.cs" md5sum="1b94b18af4685c11f8314d073f4ef804" perm="444" sizeinbytes="2916" timestamp="1392150954000"/>
        <file loc="src/examples/dotnet/cs/VectoredListenerApplicationAssemblyInfo.cs" md5sum="a11f3ad9a239ee26578e84ee799f1049" perm="444" sizeinbytes="2995" timestamp="1392150954000"/>
        <file loc="src/examples/dotnet/cs/ReviewLedgerApplicationAssemblyInfo.cs" md5sum="edec1f2c9971312b3e313418cfffe86d" perm="444" sizeinbytes="2921" timestamp="1392150954000"/>
        <file loc="src/examples/dotnet/cs/CMListenerApplication.cs" md5sum="dd91ed24197541212d92c4a42e41227a" perm="444" sizeinbytes="6503" timestamp="1392150954000"/>
        <file loc="src/examples/dotnet/cs/SendObjectApplication.cs" md5sum="b2e87743b4e88d31e755b93de6ebe4b2" perm="444" sizeinbytes="5923" timestamp="1392150954000"/>
        <file loc="src/examples/dotnet/cs/ReviewLedgerApplication.cs" md5sum="8db4ec469339d5d8e099cddb964f7861" perm="444" sizeinbytes="7491" timestamp="1392150954000"/>
        <file loc="src/examples/dotnet/cs/FTGroupMemberApplication.cs" md5sum="16d739d6523913ae7542b59141b46f7f" perm="444" sizeinbytes="3376" timestamp="1392150954000"/>
        <file loc="src/examples/dotnet/vb/RendezvousSender.vb" md5sum="bbba82098a274bdf82208ec35569f6c6" perm="444" sizeinbytes="27471" timestamp="1392150954000"/>
        <file loc="src/examples/dotnet/vb/RendezvousListen.vb" md5sum="61b89485f1dd2defbbf411858040a502" perm="444" sizeinbytes="26507" timestamp="1392150954000"/>
        <file loc="src/examples/dotnet/vb/VB.NETexamples.README.txt" md5sum="683704ecd747bdfb56c1671691c28762" perm="444" sizeinbytes="1923" timestamp="1392150954000"/>
        <file loc="src/examples/dotnet/vb/RendezvousCMListen.vb" md5sum="99c4130b145010adb2b659a6b70ec886" perm="444" sizeinbytes="29960" timestamp="1392150954000"/>
        <file loc="src/examples/dotnet/vb/RendezvousCMSender.vb" md5sum="b03a0310f28b71059ae27d2375dabe68" perm="444" sizeinbytes="40757" timestamp="1392150954000"/>
        <file loc="src/examples/utilities/cmdfile.txt.examples" md5sum="b40a9e0f07374f2b7a37055e34846ec1" perm="444" sizeinbytes="640" timestamp="1392150953000"/>
        <file loc="src/examples/utilities/rvd.c" md5sum="9728e1e043608bcf68212583090e180e" perm="444" sizeinbytes="6144" timestamp="1392150953000"/>
    </installcomponent>
    <directorylist>
        <dir loc="src" perm="664" sizeinbytes="265711"/>
        <dir loc="src/examples" perm="664" sizeinbytes="261615"/>
        <dir loc="src/examples/dotnet" perm="664" sizeinbytes="246639"/>
        <dir loc="src/examples/dotnet/cs" perm="664" sizeinbytes="111829"/>
        <dir loc="src/examples/dotnet/vb" perm="664" sizeinbytes="130714"/>
        <dir loc="src/examples/utilities" perm="664" sizeinbytes="10880"/>
    </directorylist>
</installcomponents>
