<?xml version="1.0" encoding="UTF-8" standalone="no"?>
<installcomponents>
    <assemblyProperties displayName="Third Party Core Libraries - ANT" installLocation="${tpcl.home}"/>
    <installcomponent buildType="formal" currenttimestamp="10-24-2012-12-07-AM" prefix="product_tibco" sizeinbytes="7404673" uid="tpcl_ant" version="1.6.5.003">
        <file loc="ant/1.6/lib/ant-apache-bcel.jar" md5sum="e945a91691d5ddb935344f03c37d7d9e" perm="555" sizeinbytes="8617" timestamp="1117750534000"/>
        <file loc="ant/1.6/lib/ant-xslp.jar" md5sum="fb32413675036082d78138ec1bb590e4" perm="555" sizeinbytes="2244" timestamp="1117750534000"/>
        <file loc="ant/1.6/lib/activation.jar" md5sum="618e03383015bc1c14e90102361aa33f" perm="555" sizeinbytes="55147" timestamp="1115525688000"/>
        <file loc="ant/1.6/lib/MAIL_README" md5sum="e891e40371c175bbcd1a12bd2ce60c44" perm="555" sizeinbytes="75" timestamp="1142893583000"/>
        <file loc="ant/1.6/lib/antlr3.jar.TO_BE_REMOVED" md5sum="7f57e8ff76dc0718f107d3b1eb2024f2" perm="555" sizeinbytes="9220" timestamp="1221779817000"/>
        <file loc="ant/1.6/lib/ant-jmf.jar" md5sum="e459b3eb32b5b7363256e5c2403b0408" perm="555" sizeinbytes="6605" timestamp="1117750534000"/>
        <file loc="ant/1.6/lib/ant-xalan1.jar" md5sum="2bb3874d719060ecd72d07c86a8e866c" perm="555" sizeinbytes="4465" timestamp="1117750534000"/>
        <file loc="ant/1.6/lib/junit.jar" md5sum="96079ce2323b1e68431fdfd20efa6e2d" perm="555" sizeinbytes="117522" timestamp="1145918778000"/>
        <file loc="ant/1.6/lib/OLDant-contrib.jarOLD" md5sum="a6495d687a143cbaefa2ab812c69b42e" perm="777" sizeinbytes="224277" timestamp="1221779722000"/>
        <file loc="ant/1.6/lib/z" md5sum="ffaede83a46100768c946691a50b3eb2" perm="555" sizeinbytes="2134" timestamp="1226342878000"/>
        <file loc="ant/1.6/lib/ant-netrexx.jar" md5sum="642d59e4c6dd6cae3a8c792a1583150c" perm="555" sizeinbytes="9998" timestamp="1117750534000"/>
        <file loc="ant/1.6/lib/ant-stylebook.jar" md5sum="09a45d21eefca8357e3c7262f1b9a8aa" perm="555" sizeinbytes="2328" timestamp="1117750534000"/>
        <file loc="ant/1.6/lib/ant-commons-logging.jar" md5sum="e03b823edb8e8d7c46d20214394270f4" perm="555" sizeinbytes="3864" timestamp="1117750534000"/>
        <file loc="ant/1.6/lib/ant-jai.jar" md5sum="d41d8b9a4078c165dc67e23df3fe5abf" perm="555" sizeinbytes="21359" timestamp="1117750534000"/>
        <file loc="ant/1.6/lib/ant.jar" md5sum="c5c499f1eef9367c657e89bb881c69aa" perm="555" sizeinbytes="1034049" timestamp="1117750534000"/>
        <file loc="ant/1.6/lib/ant-vaj.jar" md5sum="6bfed3d26e5401108915b2c49eacc2e7" perm="555" sizeinbytes="49742" timestamp="1117750534000"/>
        <file loc="ant/1.6/lib/jakarta-oro-2.0.8.jar" md5sum="42e940d5d2d822f4dc04c65053e630ab" perm="555" sizeinbytes="65261" timestamp="1072681230000"/>
        <file loc="ant/1.6/lib/ant-starteam.jar" md5sum="cd470feb2bc8ef0de584f0145190dfa6" perm="555" sizeinbytes="35472" timestamp="1117750534000"/>
        <file loc="ant/1.6/lib/ant-apache-regexp.jar" md5sum="36ea1c966ce038939ff3d16c8ad1ccd5" perm="555" sizeinbytes="3724" timestamp="1117750534000"/>
        <file loc="ant/1.6/lib/ant-antlr.jar" md5sum="c595714b8b1583df0055d03b7eb8e7db" perm="555" sizeinbytes="5667" timestamp="1117750534000"/>
        <file loc="ant/1.6/lib/ant-contrib-1.0b3.jar" md5sum="a6495d687a143cbaefa2ab812c69b42e" perm="664" sizeinbytes="224277" timestamp="1221779722000"/>
        <file loc="ant/1.6/lib/xmltask.jar" md5sum="49289c25c01e23982fda993f3c0a9715" perm="555" sizeinbytes="47434" timestamp="1057973158000"/>
        <file loc="ant/1.6/lib/ant-swing.jar" md5sum="99df6e2a943f082592ef36add6c65074" perm="555" sizeinbytes="6763" timestamp="1117750534000"/>
        <file loc="ant/1.6/lib/ant-apache-log4j.jar" md5sum="b8a64aa4ff4a814f1d7d4440277cc9c1" perm="555" sizeinbytes="3022" timestamp="1117750534000"/>
        <file loc="ant/1.6/lib/mail.jar" md5sum="259feb948cff81dd93c8bc42817a8552" perm="555" sizeinbytes="355030" timestamp="1126304908000"/>
        <file loc="ant/1.6/lib/ant-junit.jar" md5sum="4b0a0f89c97c3e0057141d0cd0c04aa6" perm="555" sizeinbytes="74237" timestamp="1117750534000"/>
        <file loc="ant/1.6/lib/ant-jsch.jar" md5sum="728c3c1081255aceccc51eb1b166677b" perm="555" sizeinbytes="22726" timestamp="1117750534000"/>
        <file loc="ant/1.6/lib/ant-jdepend.jar" md5sum="6c3596dc2eeae7eb2783a88269b27126" perm="555" sizeinbytes="8160" timestamp="1117750534000"/>
        <file loc="ant/1.6/lib/OLDant-contrib-1.0b3.jarOLD" md5sum="a6495d687a143cbaefa2ab812c69b42e" perm="555" sizeinbytes="224277" timestamp="1162496806000"/>
        <file loc="ant/1.6/lib/ant-icontract.jar" md5sum="c8fbbf509334139896c40f2df667ff3e" perm="555" sizeinbytes="9721" timestamp="1117750534000"/>
        <file loc="ant/1.6/lib/jakarta-oro.jar" md5sum="42e940d5d2d822f4dc04c65053e630ab" perm="664" sizeinbytes="65261" timestamp="1072681230000"/>
        <file loc="ant/1.6/lib/ant-contrib-1.0b3.README" md5sum="abab3dae902ee47863ec3cc4de17ec40" perm="555" sizeinbytes="258" timestamp="1217631668000"/>
        <file loc="ant/1.6/lib/xercesImpl.jar" md5sum="c4c5a77f9e61f33d80780176451d71c2" perm="555" sizeinbytes="1010675" timestamp="1117750534000"/>
        <file loc="ant/1.6/lib/commons-net-1.3.0.README" md5sum="04170ec2a7b754df0123ac6a76d52a3c" perm="555" sizeinbytes="193" timestamp="1115237166000"/>
        <file loc="ant/1.6/lib/xml-apis.jar" md5sum="2651f9f7c39e3524f3e2c394625ac63a" perm="555" sizeinbytes="124724" timestamp="1117750534000"/>
        <file loc="ant/1.6/lib/commons-net-1.3.0.jar" md5sum="e19159c633fb51eb72b4665045390cbc" perm="555" sizeinbytes="166679" timestamp="1103078424000"/>
        <file loc="ant/1.6/lib/ant-apache-bsf.jar" md5sum="91ebaffa07ebe97401436aa26314477a" perm="555" sizeinbytes="12597" timestamp="1117750534000"/>
        <file loc="ant/1.6/lib/ant-contrib.jar" md5sum="a6495d687a143cbaefa2ab812c69b42e" perm="664" sizeinbytes="224277" timestamp="1221779722000"/>
        <file loc="ant/1.6/lib/ant-apache-oro.jar" md5sum="5af4aa6dfdc6a8d3a9c3ca92c3c0b318" perm="555" sizeinbytes="48034" timestamp="1117750534000"/>
        <file loc="ant/1.6/lib/README" md5sum="42564acd7471df5f37cb498adc4fe06e" perm="555" sizeinbytes="596" timestamp="1117750548000"/>
        <file loc="ant/1.6/lib/commons-net.jar" md5sum="e19159c633fb51eb72b4665045390cbc" perm="664" sizeinbytes="166679" timestamp="1103078424000"/>
        <file loc="ant/1.6/lib/ant-trax.jar" md5sum="330860eaeacc04c391c8b92392f6bf4c" perm="555" sizeinbytes="68841" timestamp="1117750534000"/>
        <file loc="ant/1.6/lib/ant-weblogic.jar" md5sum="346e693e855ae8b3792d1d8997d02c00" perm="555" sizeinbytes="14363" timestamp="1117750534000"/>
        <file loc="ant/1.6/lib/ant-commons-net.jar" md5sum="246bc85f2879dc9410e9ee8b5c6318b7" perm="555" sizeinbytes="35303" timestamp="1117750534000"/>
        <file loc="ant/1.6/lib/ant-launcher.jar" md5sum="2fae8d3e81dcc51b8874a9916eb64cb2" perm="555" sizeinbytes="9180" timestamp="1117750534000"/>
        <file loc="ant/1.6/lib/ant-apache-resolver.jar" md5sum="6bb8bb04240445c36a9bcd496a441ef7" perm="555" sizeinbytes="4082" timestamp="1117750534000"/>
        <file loc="ant/1.6/lib/jakarta-oro-2.0.8.README" md5sum="0ce3e887475f35c7e6dc5a458063fbaa" perm="555" sizeinbytes="983" timestamp="1099506256000"/>
        <file loc="ant/1.6/lib/ant-javamail.jar" md5sum="0ce60a96b62122184c440b64b766fb68" perm="555" sizeinbytes="6761" timestamp="1117750534000"/>
        <file loc="ant/1.6/lib/cpptasks.jar" md5sum="9cfb6509dcabf565074eec91d32b0ac7" perm="555" sizeinbytes="366995" timestamp="1337730121000"/>
        <file loc="ant/1.6/lib/ant-nodeps.jar" md5sum="e7fc807144766d34c651c8cad0616919" perm="555" sizeinbytes="421008" timestamp="1117750534000"/>
        <file loc="ant/1.6/bin/antRun.pl" md5sum="276f422785561fc1604cab8e05066058" perm="555" sizeinbytes="2020" timestamp="1117750534000"/>
        <file loc="ant/1.6/bin/ant" md5sum="c0fb890506e584392f68903974592500" perm="555" sizeinbytes="8837" timestamp="1117750534000"/>
        <file loc="ant/1.6/bin/antenv.cmd" md5sum="337ae41abff3f6bd999639e88b61678e" perm="555" sizeinbytes="3263" timestamp="1117750534000"/>
        <file loc="ant/1.6/bin/ant.cmd" md5sum="9b0ec3468c6c20c8256608c961bcaa9c" perm="555" sizeinbytes="2687" timestamp="1117750534000"/>
        <file loc="ant/1.6/bin/complete-ant-cmd.pl" md5sum="f8de83d1324738d99c69bd956bee919b" perm="555" sizeinbytes="3015" timestamp="1117750534000"/>
        <file loc="ant/1.6/bin/antRun" md5sum="e8ae1e03c86441db63a728d0a41d90c0" perm="555" sizeinbytes="713" timestamp="1117750534000"/>
        <file loc="ant/1.6/bin/envset.cmd" md5sum="cc0fd1ca6715059f183472734220c273" perm="555" sizeinbytes="4145" timestamp="1117750534000"/>
        <file loc="ant/1.6/bin/runrc.cmd" md5sum="eeeb9d347eee75869a679279468d2601" perm="555" sizeinbytes="1649" timestamp="1117750534000"/>
        <file loc="ant/1.6/bin/runant.py" md5sum="7412938208a023dcda08ea2f3838ae40" perm="555" sizeinbytes="3087" timestamp="1117750534000"/>
        <file loc="ant/1.6/bin/lcp.bat" md5sum="d3f5fc42efeda5bd6b0bd42ddc655246" perm="555" sizeinbytes="927" timestamp="1117750534000"/>
        <file loc="ant/1.6/bin/antRun.bat" md5sum="8893173af038b205c157f4fb143e8a99" perm="555" sizeinbytes="1327" timestamp="1117750534000"/>
        <file loc="ant/1.6/bin/ant.bat" md5sum="f5b42b10a008f0fa281fe8a2ac735b05" perm="555" sizeinbytes="4217" timestamp="1117750534000"/>
        <file loc="ant/1.6/bin/runant.pl" md5sum="fb59ec1fbb4c5f3818bc4099bad6c34a" perm="555" sizeinbytes="4238" timestamp="1117750534000"/>
        <file loc="ant/lib/jakarta-oro-2.0.7.jar" md5sum="b22a7c4cb68ee639220db6468e5f623d" perm="555" sizeinbytes="65425" timestamp="1052879383000"/>
        <file loc="ant/lib/optional.jar" md5sum="0f4dd61c8debbef03d6398e3f7140545" perm="555" sizeinbytes="671546" timestamp="1052879383000"/>
        <file loc="ant/lib/junit.jar" md5sum="1f40fb782a4f2cf78f161d32670f7a3a" perm="555" sizeinbytes="121070" timestamp="1052879383000"/>
        <file loc="ant/lib/ant.jar" md5sum="ac15e4141c72ce0c948f7b9fc7c66c6f" perm="555" sizeinbytes="737884" timestamp="1052879383000"/>
        <file loc="ant/lib/xmltask.jar" md5sum="49289c25c01e23982fda993f3c0a9715" perm="555" sizeinbytes="47434" timestamp="1057973158000"/>
        <file loc="ant/lib/NetComponents.jar" md5sum="7bb313e8a1eb3ac4968bbeb62850ea7d" perm="555" sizeinbytes="92484" timestamp="1055467599000"/>
        <file loc="ant/lib/README" md5sum="6284edea2edccccc6cf7ec47fa655bd2" perm="555" sizeinbytes="667" timestamp="1052879383000"/>
        <file loc="ant/lib/ant-contrib-0.3.jar" md5sum="2a303677f3862974451c8fba1f8d4c49" perm="555" sizeinbytes="17708" timestamp="1052879383000"/>
        <file loc="ant/bin/antRun.pl" md5sum="92d3af4ae00d4ea87e4d60aeb69568ff" perm="555" sizeinbytes="1433" timestamp="1052879383000"/>
        <file loc="ant/bin/ant" md5sum="45771abfb5237d5b886ea2e205b7471a" perm="555" sizeinbytes="5140" timestamp="1052879383000"/>
        <file loc="ant/bin/complete-ant-cmd.pl" md5sum="c6ef65574b863f9e4606a17bb589547a" perm="555" sizeinbytes="2488" timestamp="1052879383000"/>
        <file loc="ant/bin/antRun" md5sum="fa20404e4704d85ba5d1a18227809c57" perm="555" sizeinbytes="166" timestamp="1052879383000"/>
        <file loc="ant/bin/runant.py" md5sum="b804d5558cbd7d6f1dbb3c4b0a5af2ce" perm="555" sizeinbytes="2795" timestamp="1052879383000"/>
        <file loc="ant/bin/lcp.bat" md5sum="bb83bbc359161b8b30a13e3224ca06fe" perm="555" sizeinbytes="340" timestamp="1146172194000"/>
        <file loc="ant/bin/antRun.bat" md5sum="bebf860a031bbc8d4c8bc4c1e683c8a9" perm="555" sizeinbytes="655" timestamp="1146172194000"/>
        <file loc="ant/bin/ant.bat" md5sum="b088d14fb6a3080c7e11d106049e4eb4" perm="555" sizeinbytes="2957" timestamp="1146172194000"/>
        <file loc="ant/bin/runant.pl" md5sum="fd9d0fd1da533a613e3cbdd0cfcf536e" perm="555" sizeinbytes="4544" timestamp="1052879383000"/>
        <file loc="uddi4j/lib/uddi4j.jar" md5sum="e933c316292ebc2d033c0b3f795b25d4" perm="555" sizeinbytes="168042" timestamp="1124739601000"/>
    </installcomponent>
    <directorylist>
        <dir loc="ant" perm="664" sizeinbytes="7224343"/>
        <dir loc="ant/1.6" perm="664" sizeinbytes="5437319"/>
        <dir loc="ant/1.6/lib" perm="664" sizeinbytes="5389002"/>
        <dir loc="ant/1.6/bin" perm="664" sizeinbytes="44221"/>
        <dir loc="ant/lib" perm="664" sizeinbytes="1758314"/>
        <dir loc="ant/bin" perm="664" sizeinbytes="24614"/>
        <dir loc="uddi4j" perm="664" sizeinbytes="176234"/>
        <dir loc="uddi4j/lib" perm="664" sizeinbytes="172138"/>
    </directorylist>
</installcomponents>
