<?xml version="1.0" encoding="UTF-8" standalone="no"?>
<installcomponents>
    <assemblyProperties displayName="TIBCO Runtime Agent VPD Installer Utility" installLocation="${tra.home}"/>
    <installcomponent buildType="formal" currenttimestamp="11-12-2012-12-20-PM" prefix="product_tibco" sizeinbytes="72530" uid="tra_vpdinstallerutil" version="1.0.0.018">
        <file loc="lib/install/TIBCOInstallerUtility.jar" md5sum="8474971b2f5a7afb97937a92336e38c3" perm="555" sizeinbytes="60242" timestamp="1337365738000"/>
    </installcomponent>
    <directorylist>
        <dir loc="lib" perm="664" sizeinbytes="68434"/>
        <dir loc="lib/install" perm="664" sizeinbytes="64338"/>
    </directorylist>
</installcomponents>
