<?xml version="1.0" encoding="UTF-8" standalone="no"?>
<installcomponents>
    <installcomponent buildType="formal" currenttimestamp="11-15-2010-01-30-PM" prefix="assembly_tibco" sizeinbytes="44403" uid="com_tibco_hawk_security_feature" version="4.9.0.010">
        <file loc="features/com.tibco.hawk.security.feature_4.9.0.010/feature.xml" perm="664" sizeinbytes="1460" timestamp="1289856497000"/>
        <file loc="features/com.tibco.hawk.security.feature_4.9.0.010/feature.properties" perm="664" sizeinbytes="369" timestamp="1289856497000"/>
        <file loc="features/com.tibco.hawk.security.feature_4.9.0.010/license.txt" perm="664" sizeinbytes="84" timestamp="1289856497000"/>
        <file loc="plugins/com.tibco.hawk.security_4.9.0.010.jar" perm="664" sizeinbytes="26106" timestamp="1289856497000"/>
    </installcomponent>
    <directorylist>
        <dir loc="features" perm="664" sizeinbytes="10105"/>
        <dir loc="features/com.tibco.hawk.security.feature_4.9.0.010" perm="664" sizeinbytes="6009"/>
        <dir loc="plugins" perm="664" sizeinbytes="30202"/>
    </directorylist>
</installcomponents>
