<?xml version="1.0" encoding="UTF-8" standalone="no"?>
<installcomponents>
    <wizardAction class="com.tibco.installer.wizard.action.TIBCOExecuteProcessWizardAction" sequence="install">
        <property command="${rv.home}/containers/${rv.version}/dotNet/bin/win_x86_64_vc8/setup.exe"/>
        <property arguments="/s /v/qn"/>
        <property workingDir="c:/"/>
        <property waitForCompletion="true"/>
        <property showProgress="true"/>
        <property description="Registering .NET assemblies..."/>
    </wizardAction>
    <wizardAction class="com.tibco.installer.wizard.action.TIBCOExecuteProcessWizardAction" sequence="uninstall">
        <property command="${rv.home}/containers/${rv.version}/dotNet/bin/win_x86_64_vc8/setup.exe"/>
        <property arguments="/s /v/qn /x"/>
        <property workingDir="c:/"/>
        <property waitForCompletion="true"/>
        <property showProgress="true"/>
        <property description="UnRegistering .NET assemblies..."/>
    </wizardAction>
    <installcomponent buildType="formal" currenttimestamp="02-11-2014-06-35-PM" prefix="product_tibco" sizeinbytes="912863" uid="rv_dotnet" version="8.4.2.005">
        <file loc="bin/TIBCO.Rendezvous.dll" md5sum="e1d4b3020c27d42c448bd24736842aee" perm="555" sizeinbytes="92464" timestamp="1392157828000"/>
        <file loc="bin/TIBCO.Rendezvous.netmodule" md5sum="030fe39484acb6baeb8b6ea418ac677a" perm="555" sizeinbytes="12288" timestamp="1392152388000"/>
        <file loc="bin/policy.1.0.TIBCO.Rendezvous.dll" md5sum="4d1fccda103749fb96ac32b7c2b2953d" perm="555" sizeinbytes="10544" timestamp="1392157829000"/>
        <file loc="bin/TIBCO.Rendezvous.dll.config" md5sum="2e9ba76c7e90c3656a49915e3f214528" perm="555" sizeinbytes="495" timestamp="1392152390000"/>
        <file loc="containers/8.4.2/dotNet/bin/win_x86_64_vc8/GlobalAssemblyCache/TIBCO.Rendezvous.dll" md5sum="e1d4b3020c27d42c448bd24736842aee" perm="775" sizeinbytes="92464" timestamp="1392172479000"/>
        <file loc="containers/8.4.2/dotNet/bin/win_x86_64_vc8/GlobalAssemblyCache/TIBCO.Rendezvous.dll.config" md5sum="2e9ba76c7e90c3656a49915e3f214528" perm="775" sizeinbytes="495" timestamp="1392172479000"/>
        <file loc="containers/8.4.2/dotNet/bin/win_x86_64_vc8/GlobalAssemblyCache/TIBCO.Rendezvous.netmodule" md5sum="030fe39484acb6baeb8b6ea418ac677a" perm="775" sizeinbytes="12288" timestamp="1392172479000"/>
        <file loc="containers/8.4.2/dotNet/bin/win_x86_64_vc8/GlobalAssemblyCache/policy.1.0.TIBCO.Rendezvous.dll" md5sum="4d1fccda103749fb96ac32b7c2b2953d" perm="775" sizeinbytes="10544" timestamp="1392172479000"/>
        <file loc="containers/8.4.2/dotNet/bin/win_x86_64_vc8/TIBCO Rendezvous GAC Assembly Registration.msi" md5sum="c5afafc26a437afbf10aa47957cdfccc" perm="775" sizeinbytes="372224" timestamp="1392172481000"/>
        <file loc="containers/8.4.2/dotNet/bin/win_x86_64_vc8/setup.exe" md5sum="5760c62f8989294279686137e24b922f" perm="775" sizeinbytes="268592" timestamp="1392172480000"/>
        <file loc="containers/8.4.2/dotNet/bin/win_x86_64_vc8/Setup.ini" md5sum="2cef43d4e8bc2f4ee1f096acaf848e22" perm="775" sizeinbytes="2004" timestamp="1392172479000"/>
        <file loc="containers/8.4.2/dotNet/bin/win_x86_64_vc8/0x0409.ini" md5sum="9f58efec8728c055771284ff8ed08d1f" perm="775" sizeinbytes="5693" timestamp="1392172479000"/>
    </installcomponent>
    <directorylist>
        <dir loc="bin" perm="664" sizeinbytes="119887"/>
        <dir loc="containers" perm="664" sizeinbytes="788880"/>
        <dir loc="containers/8.4.2" perm="664" sizeinbytes="784784"/>
        <dir loc="containers/8.4.2/dotNet" perm="664" sizeinbytes="780688"/>
        <dir loc="containers/8.4.2/dotNet/bin" perm="664" sizeinbytes="776592"/>
        <dir loc="containers/8.4.2/dotNet/bin/win_x86_64_vc8" perm="664" sizeinbytes="772496"/>
        <dir loc="containers/8.4.2/dotNet/bin/win_x86_64_vc8/GlobalAssemblyCache" perm="664" sizeinbytes="119887"/>
    </directorylist>
</installcomponents>
