<?xml version="1.0" encoding="UTF-8" standalone="no"?>
<installcomponents>
    <assemblyProperties displayName="TIBCO TPCL Miscellaneous" installLocation="${tpcl.home}"/>
    <installcomponent buildType="formal" currenttimestamp="11-05-2012-12-51-PM" prefix="product_tibco" sizeinbytes="2604816" uid="tpcl_misc" version="5.8.0.003">
        <file loc="lib/spring-context.jar" md5sum="75ac6077a24f24df2a320c9b8139d166" perm="555" sizeinbytes="120930" timestamp="1216134849000"/>
        <file loc="lib/activation.jar" md5sum="618e03383015bc1c14e90102361aa33f" perm="555" sizeinbytes="55147" timestamp="1216134848000"/>
        <file loc="lib/wsdl4j.jar" md5sum="9be6e5f24197acaede5b3dadeb210072" perm="555" sizeinbytes="127720" timestamp="1216134849000"/>
        <file loc="lib/spring-aop.jar" md5sum="1363e9d2373612436fe71cedb562dd36" perm="555" sizeinbytes="285237" timestamp="1216134849000"/>
        <file loc="lib/auth.jar" md5sum="a918dbde38e9ee8812c9fe53dd36727a" perm="555" sizeinbytes="24357" timestamp="1216134848000"/>
        <file loc="lib/neo.jar" md5sum="39081ab44beca5e73a576c268f89eded" perm="555" sizeinbytes="34759" timestamp="1216134848000"/>
        <file loc="lib/spring-beans.jar" md5sum="eeaf3c20bf775247e42768f47afedd56" perm="555" sizeinbytes="366402" timestamp="1216134849000"/>
        <file loc="lib/commons-codec-1.3.jar" md5sum="8e149c1053741c03736a52df83974dcc" perm="555" sizeinbytes="46725" timestamp="1216134848000"/>
        <file loc="lib/xfire-aegis-1.2.2.jar" md5sum="60182ee37eabf23da3aa197d3505cfbf" perm="555" sizeinbytes="124024" timestamp="1216134849000"/>
        <file loc="lib/spring-web.jar" md5sum="242d74e4bd750e0d0f7d5649932e27f5" perm="555" sizeinbytes="149828" timestamp="1216134849000"/>
        <file loc="lib/xfire-core-1.2.2.jar" md5sum="ab924b26785a5ba2886fb9a72ed9b90e" perm="555" sizeinbytes="410712" timestamp="1216134849000"/>
        <file loc="lib/wstx-asl-3.0rc1.jar" md5sum="71c881cb0c0b556a9b1dcd35d3c7cc04" perm="555" sizeinbytes="471506" timestamp="1216134849000"/>
        <file loc="lib/spring-core.jar" md5sum="1f272a44c8f950d776ae3768359fa961" perm="555" sizeinbytes="169450" timestamp="1216134849000"/>
        <file loc="lib/jdom.jar" md5sum="0b8f97de82fc9529b1028a77125ce4f8" perm="555" sizeinbytes="153253" timestamp="1216134848000"/>
        <file loc="lib/xfire-spring-1.2.2.jar" md5sum="efc8881f105d15a763998752ef047da2" perm="555" sizeinbytes="56574" timestamp="1216134849000"/>
    </installcomponent>
    <directorylist>
        <dir loc="lib" perm="664" sizeinbytes="2600720"/>
    </directorylist>
</installcomponents>
