<?xml version="1.0" encoding="UTF-8"?>
<feature
      id="com.tibco.tpcl.javax.servlet.jsp.feature"
      label="%featureName"
      version="2.1.100.003"
      provider-name="%providerName">

   <description>
      %description
   </description>

   <copyright>
      %copyright
   </copyright>

   <license url="%licenseURL">
      %license
   </license>

   <requires>
      <import feature="com.tibco.tpcl.javax.servlet.feature" version="2.5.0" match="compatible"/>
   </requires>

   <plugin
         id="com.tibco.tpcl.javax.servlet.jsp"
         download-size="0"
         install-size="0"
         version="2.1.100.002"/>

</feature>
