{
  "GetDolDetailByEtaCaseNumberResponse":{
    "SourceSystemID":"VIBEService",
    "SourceTransactionID":"ae3e5a54-31c5-438a-ad34-4428016b3fe6",
    "ServiceRequestTimestamp":"2018-11-16T17:25:39.099-05:00",
    "ServiceResponseTimestamp":"2018-11-16T17:25:39.526-05:00",
    "AuditCorrelationID":"ae3e5a54-31c5-438a-ad34-4428016b3fe6",
    "DolJsonData":"{ \"DOL_DATA\" : { \"DOL_ETA_CLOB\" : [{\"VISA_CLASS\":\"H-2A\",\"TEMPNEED_JOBTITLE\":\"FARM WORKER\\/LABORER\",\"TEMPNEED_SOC\":\"45-2092\",\"TEMPNEED_SOC_TITLE\":\"Farmworkers and Laborers, Crop, Nursery, and\",\"TEMPNEED_FULLTIME\":\"Y\",\"TEMPNEED_START\":\"06-JAN-15\",\"TEMPNEED_END\":\"15-MAY-15\",\"TEMPNEED_WKR_POS\":\"300\",\"NEW_EMP\":\"2\",\"CONT_PREV\":\"2\",\"CHANGE_PREV\":\"2\",\"NEW_CONCUR\":\"2\",\"CHANGE_EMP\":\"1\",\"AMEND_PET\":\"1\",\"TEMPNEED_NATURE\":\"Seasonal\",\"TEMPNEED_DESCRIPTION\":\"N\\/A\",\"CASE_NUMBER\":\"H-300-14321-198839\",\"CASE_STATUS\":\"DETERMINATION ISSUED - CERTIFICATION EXPIRED\",\"CASE_VALID_FROM\":\"06-JAN-15\",\"CASE_VALID_TO\":\"15-MAY-15\",\"EMP_BUSINESS_NAME\":\"WASHINGTON FARM LABOR ASSOCIATION\",\"EMP_TRADE_NAME\":\"N\\/A\",\"EMP_ADDR1\":\"8830 TALLON LANE NE SUITE C\",\"EMP_ADDR2\":\"\",\"EMP_CITY\":\"LACEY\",\"EMP_STATE\":\"WA\",\"EMP_POSTCODE\":\"98516\",\"EMP_COUNTRY\":\"UNITED STATES OF AMERICA\",\"EMP_PROVINCE\":\"\",\"EMP_PHONE\":\"360-455-8064\",\"EMP_PHONEEXT\":\"5\",\"EMP_FEIN\":\"260611911\",\"EMP_NAICS\":\"813910\",\"EMP_NUMEMPLOYEES\":\"\",\"EMP_GROSSRECEIPTS\":\"\",\"EMP_YEAREST\":\"2007\",\"EMP_TYPE\":\"Association - Joint Employer (H-2A Only)\",\"EMPPOC_LASTNAME\":\"MACIAS\",\"EMPPOC_FIRSTNAME\":\"ROXANA\",\"EMPPOC_MIDDLENAME\":\"\",\"EMPPOC_JOBTITLE\":\"HR PROGRAM MANAGER\",\"EMPPOC_ADDR1\":\"8830 TALLON LANE NE SUITE C\",\"EMPPOC_ADDR2\":\"\",\"EMPPOC_CITY\":\"LACEY\",\"EMPPOC_STATE\":\"WA\",\"EMPPOC_POSTCODE\":\"98516\",\"EMPPOC_COUNTRY\":\"UNITED STATES OF AMERICA\",\"EMPPOC_PROVINCE\":\"\",\"EMPPOC_PHONE\":\"360-455-8064\",\"EMPPOC_PHONEEXT\":\"5\",\"EMPPOC_EMAIL\":\"RMACIAS_WAFLA.ORG@stagemail.doleta.gov\",\"ATTY_REPRESENT\":\"N\",\"ATTY_LASTNAME\":\"\",\"ATTY_FIRSTNAME\":\"\",\"ATTY_MIDDLENAME\":\"\",\"ATTY_ADDR1\":\"\",\"ATTY_ADDR2\":\"\",\"ATTY_CITY\":\"\",\"ATTY_STATE\":\"\",\"ATTY_POSTCODE\":\"\",\"ATTY_COUNTRY\":\"\",\"ATTY_PROVINCE\":\"\",\"ATTY_PHONE\":\"\",\"ATTY_PHONEEXT\":\"\",\"ATTY_EMAIL\":\"\",\"ATTY_BIZNAME\":\"\",\"ATTY_FEIN\":\"\",\"ATTY_STATEBARNO\":\"\",\"ATTY_STATEHIGHCT\":\"\",\"ATTY_NAMEHIGHCT\":\"\",\"JOB_TITLE\":\"FARM WORKER\\/LABORER\",\"JOB_HOURSPERWK\":\"40\",\"JOB_HOURSTART\":\"07:00 AM\",\"JOB_HOUREND\":\"02:30 PM\",\"JOB_SUPERVISOR\":\"N\",\"JOB_NUMBER_SUP\":\"\",\"JOB_DUTIES\":\"Workers may perform any combination of the following described duties concerned with the general care of agriculture. Specific instructions and close supervision of several tasks will be provided by the farm owner and or supervisors designated by the farm owner.  Work performed will be monitored and reviewed for quality. This is an agricultural job on a large commercial farm involved in fruit production and other crops.  Numerous safety hazards exist including tractors, farming implements, machinery and other equipment and vehicles, as well as saws and other power tools.  Workers may be required to climb ladders while operating tools and or harvesting fruit.  Workers are required to have agricultural experience in order to successfully perform tasks described below while also avoiding numerous safety hazards associated with operating and or working alongside various equipment, vehicles and power tools.  Workers will perform any combination of the following duties concerned with the general care of agriculture including: Winter Pruning of Trees.\\nPruning of trees may be done from the ground, from a ladder up to 12 feet in height, or from a motorized platform in the snow or on frozen ground. Training of trees by tying or using wooden spacers or props. Training of trees may be done from the ground, from a ladder up to 12 feet in height, or from a motorized platform. The use of hand tools to perform jobs including tools such as pruning saws, loppers, shears. Worker must exercise care at all times to prevent breaking of branches and limbs. Workers must work at a sustained, vigorous pace and make bona fide efforts to work efficiently and consistently that are reasonable under the climatic and other working conditions, considering also the amount, quality and efficiency of work accomplished by their coworkers. Please see attached 9142 Addendum for additional Job Duties information\",\"JOB_MINEDU\":\"None\",\"JOB_MINOTHER\":\"N\\/A\",\"JOB_MINEDUMAJOR\":\"N\\/A\",\"JOB_MINSECDEGREE\":\"N\",\"JOB_MINSECDEGTYPE\":\"\",\"JOB_MINTRAINING\":\"N\",\"JOB_MINTRAININGMONTHS\":\"\",\"JOB_MINTRAINFIELD\":\"\",\"JOB_MINEXP\":\"Y\",\"JOB_MINEXPMONTHS\":\"3\",\"JOB_MINEXPOCCU\":\"AGRICULTURE WITH A TREE FRUIT BASE\",\"JOB_MINSPECIALREQ\":\"Must be able to perform all duties within this job in a safe manner adhering to all established orchard safety guidelines practices and procedures, food safety guidelines practices and procedures, and food security guidelines practices and procedures. Must wear required personal protective equipment when required to do so. While performing duties of this job, the worker is regularly exposed to variable outdoor weather conditions.  Worker must wear appropriate clothing and footwear for the season.  All footwear must be closed-toe. While performing the duties of this job, the worker may be exposed to dust, cold temperatures, and snow. The employer or designated employees of the owner will provide instructions and general supervision. Workers will be expected to conform to the specific instructions given for each day''s work. All Workers will be given a copy of the Employee Handbook and Housing Rules.  hese documents generally describe the employer''s procedures, work rules and progressive discipline policy.  Employees will be expected to comply with the policies, procedures, and rules described in the handbook. Failure to do so will subject the worker to the employer''s progressive disciplinary procedures. Workers will be required to attend an orientation on workplace rules, procedures, and safety information. All work sites and all facilities of the employer are drug free places.  Workers must not report for work or perform any service for the employer while under the influence of or impaired by prescription drugs, medications, alcohol, marijuana or other substances that may in any way adversely affect their alertness, coordination, reaction, response or safety.  All workers are subject to random and post-accident drug tests at no cost to the worker. Non-employees will not be permitted on or adjacent to the work site.  In particular, non-working children may not be present on or adjacent to the work sites or left in vehicles during the workday.  Employees arriving at work with non working children or other non-employees will be sent home, or face other discipline as appropriate.\",\"JOB_ADDR1\":\"BHPO LP dba Gebbers Farms\",\"JOB_ADDR2\":\"Lower P&G Area, 6 Rows, One Gebbers Lane\",\"JOB_CITY\":\"Brewster\",\"JOB_COUNTY\":\"Okanogan\",\"JOB_STATE\":\"WA\",\"JOB_POSTCODE\":\"98812\",\"JOB_MULITPLESITES\":\"Y\",\"WAGE_FROM\":\"11.87\",\"WAGE_TO\":\"11.87\",\"WAGE_OTFROM\":\"\",\"WAGE_OT_TO\":\"\",\"WAGE_PER\":\"Hour\",\"WAGE_PIECE\":\"\",\"WAGE_ADDITIONAL\":\"Basic Rate of Pay Offered: Rate of pay will be 11.87 per hour.  The worker is guaranteed the highest of the adverse effect wage rate (AEWR), the agreed-upon collective bargaining wage or the federal minimum or state minimum wage at the time work is performed.  These rates are subject to change, and therefore the rate listed above may increase or decrease during the period of this contract.  In all cases, the highest wage of adverse effect wage rate, federal minimum, or state minimum will be paid to workers for the payroll period.\\n\\nOvertime Rate of Pay:  Not applicable in the application for temporary employment certified for agricultural workers under the DOL''s H-2A program.\\n\\nWorkers are guaranteed that their total earnings will be at least equal to the OFFERED WAGE RATE per hour for all hours worked in a pay period.\\n \\nThe wages and working conditions offered are not less than the prevailing wages and working conditions among similarly employed agriculture workers in the area of intended employment or the applicable Federal or State minimum wage, whichever is higher.  Payment will generally be on an hourly basis.  \\n\\nWorkers paid on an hourly basis who fail to perform their duties in a timely and proficient manner will be provided up to three warnings, and will be coached\\/instructed regarding how to work faster and more efficiently.  Upon issuance of the third warning, the employee may be terminated.\\n\\nThe worker is guaranteed the highest of the adverse effect wage rate (AEWR), the prevailing hourly rate, the agreed-upon collective bargaining wage or the federal minimum or state minimum wage at the time work is performed.  These rates are subject to change, and therefore the rate listed above may increase or decrease during the period of this contract.   Statements will comply with 20 CFR 655.120 Employer will make following deductions: taxes applicable under Federal, State and Local laws; advance meals .    Employer will furnish worker, on or before each payday, written statements showing, at a minimum, hours actually worked, total earnings and all deductions for pay period. Statements will comply with 20 CFR 655.122(k).\",\"REC_SWANAME\":\"WASHINGTON STATE EMPLOYMENT SECURITY DEPARTMENT\",\"REC_JOBORDER\":\"WA2712918\",\"REC_JOBORDSTART\":\"17-NOV-14\",\"REC_JOBORDEND\":\"17-MAR-15\",\"REC_SUNDAYPAPER\":\"Y\",\"REC_PAPERNAMES\":\"N\\/A\",\"REC_POSTFROM\":\"\",\"REC_POSTTO\":\"\",\"REC_ADDITIONAL\":\"N\\/A\",\"DECLARE_AGREE_H2A\":\"Y\",\"DECLARE_AGREE_H2B\":\"\",\"PREP_LASTNAME\":\"N\\/A\",\"PREP_FIRSTNAME\":\"N\\/A\",\"PREP_MIDDLENAME\":\"N\\/\",\"PREP_JOBTITLE\":\"N\\/A\",\"PREP_BIZNAME\":\"N\\/A\",\"PREP_EMAIL\":\"N\\/A\",\"CASE_DETERM\":\"\",\"CASE_SUBMIT\":\"19-NOV-14\",\"CHANGED_DATE\":\"19-JUN-18\",\"LASTMOD_DATE\":\"19-JUN-18\",\"SUBMIT_IPADDRESS\":\"70.89.135.2\",\"RNUM\":\"1\"}], \"DOL_ETA_WORKSITES\" : [{\"CASE_NUMBER\":\"H-300-14321-198839\",\"LASTMOD_DATE\":\"19-JUN-18\",\"JOB_ADDR1\":\"\",\"JOB_ADDR2\":\"\",\"JOB_CITY\":\"\",\"JOB_COUNTY\":\"\",\"JOB_STATE\":\"\",\"JOB_POSTCODE\":\"\",\"JOB_MULITPLESITES\":\"\",\"STATE_TERRITORY\":\"Washington\",\"AREA_BASED_ON\":\"Other\",\"AREA\":\"Snyder Flats\\tDale Smith Hill\\tCameron Lake Road\\tBrewster, Okanogan County, WA\",\"RNUM\":\"1\"},{\"CASE_NUMBER\":\"H-300-14321-198839\",\"LASTMOD_DATE\":\"19-JUN-18\",\"JOB_ADDR1\":\"\",\"JOB_ADDR2\":\"\",\"JOB_CITY\":\"\",\"JOB_COUNTY\":\"\",\"JOB_STATE\":\"\",\"JOB_POSTCODE\":\"\",\"JOB_MULITPLESITES\":\"\",\"STATE_TERRITORY\":\"Washington\",\"AREA_BASED_ON\":\"Other\",\"AREA\":\"Knapp Ranch\\tDiesel Tank\\tKnapp Hill Road\\tBrewster, Okanogan County, WA\",\"RNUM\":\"2\"},{\"CASE_NUMBER\":\"H-300-14321-198839\",\"LASTMOD_DATE\":\"19-JUN-18\",\"JOB_ADDR1\":\"\",\"JOB_ADDR2\":\"\",\"JOB_CITY\":\"\",\"JOB_COUNTY\":\"\",\"JOB_STATE\":\"\",\"JOB_POSTCODE\":\"\",\"JOB_MULITPLESITES\":\"\",\"STATE_TERRITORY\":\"Washington\",\"AREA_BASED_ON\":\"Other\",\"AREA\":\"Brewster Flat\\tDivis\\tMax Goehry Road\\tBrewster, Okanogan County, WA\",\"RNUM\":\"3\"},{\"CASE_NUMBER\":\"H-300-14321-198839\",\"LASTMOD_DATE\":\"19-JUN-18\",\"JOB_ADDR1\":\"\",\"JOB_ADDR2\":\"\",\"JOB_CITY\":\"\",\"JOB_COUNTY\":\"\",\"JOB_STATE\":\"\",\"JOB_POSTCODE\":\"\",\"JOB_MULITPLESITES\":\"\",\"STATE_TERRITORY\":\"Washington\",\"AREA_BASED_ON\":\"Other\",\"AREA\":\"Comsat\\tDNR - Comsat Mountain\\tVerestar Road\\tBrewster, Okanogan County, WA\",\"RNUM\":\"4\"},{\"CASE_NUMBER\":\"H-300-14321-198839\",\"LASTMOD_DATE\":\"19-JUN-18\",\"JOB_ADDR1\":\"\",\"JOB_ADDR2\":\"\",\"JOB_CITY\":\"\",\"JOB_COUNTY\":\"\",\"JOB_STATE\":\"\",\"JOB_POSTCODE\":\"\",\"JOB_MULITPLESITES\":\"\",\"STATE_TERRITORY\":\"Washington\",\"AREA_BASED_ON\":\"Other\",\"AREA\":\"Comsat\\tDNR - North Circle Corner\\tN. Comsat Rd.\\tBrewster, Okanogan County, WA\",\"RNUM\":\"5\"},{\"CASE_NUMBER\":\"H-300-14321-198839\",\"LASTMOD_DATE\":\"19-JUN-18\",\"JOB_ADDR1\":\"\",\"JOB_ADDR2\":\"\",\"JOB_CITY\":\"\",\"JOB_COUNTY\":\"\",\"JOB_STATE\":\"\",\"JOB_POSTCODE\":\"\",\"JOB_MULITPLESITES\":\"\",\"STATE_TERRITORY\":\"Washington\",\"AREA_BASED_ON\":\"Other\",\"AREA\":\"Comsat\\tDNR - Solid Granny - North Comsat\\tVerestar Road\\tBrewster, Okanogan County, WA\",\"RNUM\":\"6\"},{\"CASE_NUMBER\":\"H-300-14321-198839\",\"LASTMOD_DATE\":\"19-JUN-18\",\"JOB_ADDR1\":\"\",\"JOB_ADDR2\":\"\",\"JOB_CITY\":\"\",\"JOB_COUNTY\":\"\",\"JOB_STATE\":\"\",\"JOB_POSTCODE\":\"\",\"JOB_MULITPLESITES\":\"\",\"STATE_TERRITORY\":\"Washington\",\"AREA_BASED_ON\":\"Other\",\"AREA\":\"Comsat\\tDNR - South Circle Corner\\tVerestar Road\\tBrewster, Okanogan County, WA\",\"RNUM\":\"7\"},{\"CASE_NUMBER\":\"H-300-14321-198839\",\"LASTMOD_DATE\":\"19-JUN-18\",\"JOB_ADDR1\":\"\",\"JOB_ADDR2\":\"\",\"JOB_CITY\":\"\",\"JOB_COUNTY\":\"\",\"JOB_STATE\":\"\",\"JOB_POSTCODE\":\"\",\"JOB_MULITPLESITES\":\"\",\"STATE_TERRITORY\":\"Washington\",\"AREA_BASED_ON\":\"Other\",\"AREA\":\"Crazy Rapids\\tDNR Below Road\\tNorth Comsat Road\\tBrewster, Okanogan County, WA\",\"RNUM\":\"8\"},{\"CASE_NUMBER\":\"H-300-14321-198839\",\"LASTMOD_DATE\":\"19-JUN-18\",\"JOB_ADDR1\":\"\",\"JOB_ADDR2\":\"\",\"JOB_CITY\":\"\",\"JOB_COUNTY\":\"\",\"JOB_STATE\":\"\",\"JOB_POSTCODE\":\"\",\"JOB_MULITPLESITES\":\"\",\"STATE_TERRITORY\":\"Washington\",\"AREA_BASED_ON\":\"Other\",\"AREA\":\"Crazy Rapids\\tDNR Below Tracks\\tNorth Comsat Road\\tBrewster, Okanogan County, WA\",\"RNUM\":\"9\"},{\"CASE_NUMBER\":\"H-300-14321-198839\",\"LASTMOD_DATE\":\"19-JUN-18\",\"JOB_ADDR1\":\"\",\"JOB_ADDR2\":\"\",\"JOB_CITY\":\"\",\"JOB_COUNTY\":\"\",\"JOB_STATE\":\"\",\"JOB_POSTCODE\":\"\",\"JOB_MULITPLESITES\":\"\",\"STATE_TERRITORY\":\"Washington\",\"AREA_BASED_ON\":\"Other\",\"AREA\":\"Crazy Rapids\\tDNR Below Tracks\\tNorth Comsat Road\\tBrewster, Okanogan County, WA\",\"RNUM\":\"10\"},{\"CASE_NUMBER\":\"H-300-14321-198839\",\"LASTMOD_DATE\":\"19-JUN-18\",\"JOB_ADDR1\":\"\",\"JOB_ADDR2\":\"\",\"JOB_CITY\":\"\",\"JOB_COUNTY\":\"\",\"JOB_STATE\":\"\",\"JOB_POSTCODE\":\"\",\"JOB_MULITPLESITES\":\"\",\"STATE_TERRITORY\":\"Washington\",\"AREA_BASED_ON\":\"Other\",\"AREA\":\"Crazy Rapids\\tDNR East of Lagoon\\tNorth Comsat Road\\tBrewster, Okanogan County, WA\",\"RNUM\":\"11\"},{\"CASE_NUMBER\":\"H-300-14321-198839\",\"LASTMOD_DATE\":\"19-JUN-18\",\"JOB_ADDR1\":\"\",\"JOB_ADDR2\":\"\",\"JOB_CITY\":\"\",\"JOB_COUNTY\":\"\",\"JOB_STATE\":\"\",\"JOB_POSTCODE\":\"\",\"JOB_MULITPLESITES\":\"\",\"STATE_TERRITORY\":\"Washington\",\"AREA_BASED_ON\":\"Other\",\"AREA\":\"Crazy Rapids\\tDNR North of Tradup\\tNorth Comsat Road\\tBrewster, Okanogan County, WA\",\"RNUM\":\"12\"},{\"CASE_NUMBER\":\"H-300-14321-198839\",\"LASTMOD_DATE\":\"19-JUN-18\",\"JOB_ADDR1\":\"\",\"JOB_ADDR2\":\"\",\"JOB_CITY\":\"\",\"JOB_COUNTY\":\"\",\"JOB_STATE\":\"\",\"JOB_POSTCODE\":\"\",\"JOB_MULITPLESITES\":\"\",\"STATE_TERRITORY\":\"Washington\",\"AREA_BASED_ON\":\"Other\",\"AREA\":\"Crazy Rapids\\tDNR Old Fill\\tNorth Comsat Road\\tBrewster, Okanogan County, WA\",\"RNUM\":\"13\"},{\"CASE_NUMBER\":\"H-300-14321-198839\",\"LASTMOD_DATE\":\"19-JUN-18\",\"JOB_ADDR1\":\"\",\"JOB_ADDR2\":\"\",\"JOB_CITY\":\"\",\"JOB_COUNTY\":\"\",\"JOB_STATE\":\"\",\"JOB_POSTCODE\":\"\",\"JOB_MULITPLESITES\":\"\",\"STATE_TERRITORY\":\"Washington\",\"AREA_BASED_ON\":\"Other\",\"AREA\":\"Crazy Rapids\\tDNR Pine Tree\\tNorth Comsat Road\\tBrewster, Okanogan County, WA\",\"RNUM\":\"14\"},{\"CASE_NUMBER\":\"H-300-14321-198839\",\"LASTMOD_DATE\":\"19-JUN-18\",\"JOB_ADDR1\":\"\",\"JOB_ADDR2\":\"\",\"JOB_CITY\":\"\",\"JOB_COUNTY\":\"\",\"JOB_STATE\":\"\",\"JOB_POSTCODE\":\"\",\"JOB_MULITPLESITES\":\"\",\"STATE_TERRITORY\":\"Washington\",\"AREA_BASED_ON\":\"Other\",\"AREA\":\"Crazy Rapids\\tDNR Rome Hole\\tNorth Comsat Road\\tBrewster, Okanogan County, WA\",\"RNUM\":\"15\"},{\"CASE_NUMBER\":\"H-300-14321-198839\",\"LASTMOD_DATE\":\"19-JUN-18\",\"JOB_ADDR1\":\"\",\"JOB_ADDR2\":\"\",\"JOB_CITY\":\"\",\"JOB_COUNTY\":\"\",\"JOB_STATE\":\"\",\"JOB_POSTCODE\":\"\",\"JOB_MULITPLESITES\":\"\",\"STATE_TERRITORY\":\"Washington\",\"AREA_BASED_ON\":\"Other\",\"AREA\":\"Crazy Rapids\\tDNR South Lagoon\\tNorth Comsat Road\\tBrewster, Okanogan County, WA\",\"RNUM\":\"16\"},{\"CASE_NUMBER\":\"H-300-14321-198839\",\"LASTMOD_DATE\":\"19-JUN-18\",\"JOB_ADDR1\":\"\",\"JOB_ADDR2\":\"\",\"JOB_CITY\":\"\",\"JOB_COUNTY\":\"\",\"JOB_STATE\":\"\",\"JOB_POSTCODE\":\"\",\"JOB_MULITPLESITES\":\"\",\"STATE_TERRITORY\":\"Washington\",\"AREA_BASED_ON\":\"Other\",\"AREA\":\"Crazy Rapids\\tDNR South of GF Cherry\\tNorth Comsat Road\\tBrewster, Okanogan County, WA\",\"RNUM\":\"17\"},{\"CASE_NUMBER\":\"H-300-14321-198839\",\"LASTMOD_DATE\":\"19-JUN-18\",\"JOB_ADDR1\":\"\",\"JOB_ADDR2\":\"\",\"JOB_CITY\":\"\",\"JOB_COUNTY\":\"\",\"JOB_STATE\":\"\",\"JOB_POSTCODE\":\"\",\"JOB_MULITPLESITES\":\"\",\"STATE_TERRITORY\":\"Washington\",\"AREA_BASED_ON\":\"Other\",\"AREA\":\"Crazy Rapids\\tDNR Winter Damage\\tNorth Comsat Road\\tBrewster, Okanogan County, WA\",\"RNUM\":\"18\"},{\"CASE_NUMBER\":\"H-300-14321-198839\",\"LASTMOD_DATE\":\"19-JUN-18\",\"JOB_ADDR1\":\"\",\"JOB_ADDR2\":\"\",\"JOB_CITY\":\"\",\"JOB_COUNTY\":\"\",\"JOB_STATE\":\"\",\"JOB_POSTCODE\":\"\",\"JOB_MULITPLESITES\":\"\",\"STATE_TERRITORY\":\"Washington\",\"AREA_BASED_ON\":\"Other\",\"AREA\":\"Lower P&G Area\\tDump\\tOne Gebbers Lane\\tBrewster, Okanogan County, WA\",\"RNUM\":\"19\"},{\"CASE_NUMBER\":\"H-300-14321-198839\",\"LASTMOD_DATE\":\"19-JUN-18\",\"JOB_ADDR1\":\"\",\"JOB_ADDR2\":\"\",\"JOB_CITY\":\"\",\"JOB_COUNTY\":\"\",\"JOB_STATE\":\"\",\"JOB_POSTCODE\":\"\",\"JOB_MULITPLESITES\":\"\",\"STATE_TERRITORY\":\"Washington\",\"AREA_BASED_ON\":\"Other\",\"AREA\":\"Crazy Rapids\\tEast Feed Lot\\tCrazy Rapids\\tBrewster, Okanogan County, WA\",\"RNUM\":\"20\"},{\"CASE_NUMBER\":\"H-300-14321-198839\",\"LASTMOD_DATE\":\"19-JUN-18\",\"JOB_ADDR1\":\"\",\"JOB_ADDR2\":\"\",\"JOB_CITY\":\"\",\"JOB_COUNTY\":\"\",\"JOB_STATE\":\"\",\"JOB_POSTCODE\":\"\",\"JOB_MULITPLESITES\":\"\",\"STATE_TERRITORY\":\"Washington\",\"AREA_BASED_ON\":\"Other\",\"AREA\":\"Comsat\\tEast Fill\\tVerestar Road\\tBrewster, Okanogan County, WA\",\"RNUM\":\"21\"},{\"CASE_NUMBER\":\"H-300-14321-198839\",\"LASTMOD_DATE\":\"19-JUN-18\",\"JOB_ADDR1\":\"\",\"JOB_ADDR2\":\"\",\"JOB_CITY\":\"\",\"JOB_COUNTY\":\"\",\"JOB_STATE\":\"\",\"JOB_POSTCODE\":\"\",\"JOB_MULITPLESITES\":\"\",\"STATE_TERRITORY\":\"Washington\",\"AREA_BASED_ON\":\"Other\",\"AREA\":\"Knapp Ranch\\tEast Fill\\tKnapp Hill Road\\tBrewster, Okanogan County, WA\",\"RNUM\":\"22\"},{\"CASE_NUMBER\":\"H-300-14321-198839\",\"LASTMOD_DATE\":\"19-JUN-18\",\"JOB_ADDR1\":\"\",\"JOB_ADDR2\":\"\",\"JOB_CITY\":\"\",\"JOB_COUNTY\":\"\",\"JOB_STATE\":\"\",\"JOB_POSTCODE\":\"\",\"JOB_MULITPLESITES\":\"\",\"STATE_TERRITORY\":\"Washington\",\"AREA_BASED_ON\":\"Other\",\"AREA\":\"Comsat\\tEast Flat 40 - Old Gala/Scarletts\\tVerestar Road\\tBrewster, Okanogan County, WA\",\"RNUM\":\"23\"},{\"CASE_NUMBER\":\"H-300-14321-198839\",\"LASTMOD_DATE\":\"19-JUN-18\",\"JOB_ADDR1\":\"\",\"JOB_ADDR2\":\"\",\"JOB_CITY\":\"\",\"JOB_COUNTY\":\"\",\"JOB_STATE\":\"\",\"JOB_POSTCODE\":\"\",\"JOB_MULITPLESITES\":\"\",\"STATE_TERRITORY\":\"Washington\",\"AREA_BASED_ON\":\"Other\",\"AREA\":\"Comsat\\tEast/West Rows\\tVerestar Road\\tBrewster, Okanogan County, WA\",\"RNUM\":\"24\"},{\"CASE_NUMBER\":\"H-300-14321-198839\",\"LASTMOD_DATE\":\"19-JUN-18\",\"JOB_ADDR1\":\"\",\"JOB_ADDR2\":\"\",\"JOB_CITY\":\"\",\"JOB_COUNTY\":\"\",\"JOB_STATE\":\"\",\"JOB_POSTCODE\":\"\",\"JOB_MULITPLESITES\":\"\",\"STATE_TERRITORY\":\"Washington\",\"AREA_BASED_ON\":\"Other\",\"AREA\":\"Snyder Flats\\tEntrance to Knapp\\tLa Grange Road\\tBrewster, Okanogan County, WA\",\"RNUM\":\"25\"},{\"CASE_NUMBER\":\"H-300-14321-198839\",\"LASTMOD_DATE\":\"19-JUN-18\",\"JOB_ADDR1\":\"\",\"JOB_ADDR2\":\"\",\"JOB_CITY\":\"\",\"JOB_COUNTY\":\"\",\"JOB_STATE\":\"\",\"JOB_POSTCODE\":\"\",\"JOB_MULITPLESITES\":\"\",\"STATE_TERRITORY\":\"Washington\",\"AREA_BASED_ON\":\"Other\",\"AREA\":\"Snyder Flats\\tEntrance to Snyder\\tLa Grange Road\\tBrewster, Okanogan County, WA\",\"RNUM\":\"26\"},{\"CASE_NUMBER\":\"H-300-14321-198839\",\"LASTMOD_DATE\":\"19-JUN-18\",\"JOB_ADDR1\":\"\",\"JOB_ADDR2\":\"\",\"JOB_CITY\":\"\",\"JOB_COUNTY\":\"\",\"JOB_STATE\":\"\",\"JOB_POSTCODE\":\"\",\"JOB_MULITPLESITES\":\"\",\"STATE_TERRITORY\":\"Washington\",\"AREA_BASED_ON\":\"Other\",\"AREA\":\"Sand Dunes\\tFertilizer Tanks\\tHighway 97\\tBrewster, Okanogan County, WA\",\"RNUM\":\"27\"},{\"CASE_NUMBER\":\"H-300-14321-198839\",\"LASTMOD_DATE\":\"19-JUN-18\",\"JOB_ADDR1\":\"\",\"JOB_ADDR2\":\"\",\"JOB_CITY\":\"\",\"JOB_COUNTY\":\"\",\"JOB_STATE\":\"\",\"JOB_POSTCODE\":\"\",\"JOB_MULITPLESITES\":\"\",\"STATE_TERRITORY\":\"Washington\",\"AREA_BASED_ON\":\"Other\",\"AREA\":\"Comsat\\tFlat 40\\tVerestar Road\\tBrewster, Okanogan County, WA\",\"RNUM\":\"28\"},{\"CASE_NUMBER\":\"H-300-14321-198839\",\"LASTMOD_DATE\":\"19-JUN-18\",\"JOB_ADDR1\":\"\",\"JOB_ADDR2\":\"\",\"JOB_CITY\":\"\",\"JOB_COUNTY\":\"\",\"JOB_STATE\":\"\",\"JOB_POSTCODE\":\"\",\"JOB_MULITPLESITES\":\"\",\"STATE_TERRITORY\":\"Washington\",\"AREA_BASED_ON\":\"Other\",\"AREA\":\"Brewster Flat\\tFranco''s House\\tOld Hwy 97\\tBrewster, Okanogan County, WA\",\"RNUM\":\"29\"},{\"CASE_NUMBER\":\"H-300-14321-198839\",\"LASTMOD_DATE\":\"19-JUN-18\",\"JOB_ADDR1\":\"\",\"JOB_ADDR2\":\"\",\"JOB_CITY\":\"\",\"JOB_COUNTY\":\"\",\"JOB_STATE\":\"\",\"JOB_POSTCODE\":\"\",\"JOB_MULITPLESITES\":\"\",\"STATE_TERRITORY\":\"Washington\",\"AREA_BASED_ON\":\"Other\",\"AREA\":\"Knapp Ranch\\tFront\\tKnapp Hill Road\\tBrewster, Okanogan County, WA\",\"RNUM\":\"30\"},{\"CASE_NUMBER\":\"H-300-14321-198839\",\"LASTMOD_DATE\":\"19-JUN-18\",\"JOB_ADDR1\":\"\",\"JOB_ADDR2\":\"\",\"JOB_CITY\":\"\",\"JOB_COUNTY\":\"\",\"JOB_STATE\":\"\",\"JOB_POSTCODE\":\"\",\"JOB_MULITPLESITES\":\"\",\"STATE_TERRITORY\":\"Washington\",\"AREA_BASED_ON\":\"Other\",\"AREA\":\"Crazy Rapids\\tGebbers Farms Cherries\\tN. Crazy Rapids Rd.\\tBrewster, Okanogan County, WA\",\"RNUM\":\"31\"},{\"CASE_NUMBER\":\"H-300-14321-198839\",\"LASTMOD_DATE\":\"19-JUN-18\",\"JOB_ADDR1\":\"\",\"JOB_ADDR2\":\"\",\"JOB_CITY\":\"\",\"JOB_COUNTY\":\"\",\"JOB_STATE\":\"\",\"JOB_POSTCODE\":\"\",\"JOB_MULITPLESITES\":\"\",\"STATE_TERRITORY\":\"Washington\",\"AREA_BASED_ON\":\"Other\",\"AREA\":\"Town\\tGrain Elevator\\t25985 Hwy 97\\tBrewster, Okanogan County, WA\",\"RNUM\":\"32\"},{\"CASE_NUMBER\":\"H-300-14321-198839\",\"LASTMOD_DATE\":\"19-JUN-18\",\"JOB_ADDR1\":\"\",\"JOB_ADDR2\":\"\",\"JOB_CITY\":\"\",\"JOB_COUNTY\":\"\",\"JOB_STATE\":\"\",\"JOB_POSTCODE\":\"\",\"JOB_MULITPLESITES\":\"\",\"STATE_TERRITORY\":\"Washington\",\"AREA_BASED_ON\":\"Other\",\"AREA\":\"Brewster Flat\\tGregorio''s House\\tOld Hwy 97\\tBrewster, Okanogan County, WA\",\"RNUM\":\"33\"},{\"CASE_NUMBER\":\"H-300-14321-198839\",\"LASTMOD_DATE\":\"19-JUN-18\",\"JOB_ADDR1\":\"\",\"JOB_ADDR2\":\"\",\"JOB_CITY\":\"\",\"JOB_COUNTY\":\"\",\"JOB_STATE\":\"\",\"JOB_POSTCODE\":\"\",\"JOB_MULITPLESITES\":\"\",\"STATE_TERRITORY\":\"Washington\",\"AREA_BASED_ON\":\"Other\",\"AREA\":\"Hayfield\\tHarmon\\tHwy 17\\tBrewster, Okanogan County, WA\",\"RNUM\":\"34\"},{\"CASE_NUMBER\":\"H-300-14321-198839\",\"LASTMOD_DATE\":\"19-JUN-18\",\"JOB_ADDR1\":\"\",\"JOB_ADDR2\":\"\",\"JOB_CITY\":\"\",\"JOB_COUNTY\":\"\",\"JOB_STATE\":\"\",\"JOB_POSTCODE\":\"\",\"JOB_MULITPLESITES\":\"\",\"STATE_TERRITORY\":\"Washington\",\"AREA_BASED_ON\":\"Other\",\"AREA\":\"Brewster Flat\\tHeath and Beacon\\tMax Goehry Road\\tBrewster, Okanogan County, WA\",\"RNUM\":\"35\"},{\"CASE_NUMBER\":\"H-300-14321-198839\",\"LASTMOD_DATE\":\"19-JUN-18\",\"JOB_ADDR1\":\"\",\"JOB_ADDR2\":\"\",\"JOB_CITY\":\"\",\"JOB_COUNTY\":\"\",\"JOB_STATE\":\"\",\"JOB_POSTCODE\":\"\",\"JOB_MULITPLESITES\":\"\",\"STATE_TERRITORY\":\"Washington\",\"AREA_BASED_ON\":\"Other\",\"AREA\":\"Brewster Flat\\tHolt\\tMax Goehry Road\\tBrewster, Okanogan County, WA\",\"RNUM\":\"36\"},{\"CASE_NUMBER\":\"H-300-14321-198839\",\"LASTMOD_DATE\":\"19-JUN-18\",\"JOB_ADDR1\":\"\",\"JOB_ADDR2\":\"\",\"JOB_CITY\":\"\",\"JOB_COUNTY\":\"\",\"JOB_STATE\":\"\",\"JOB_POSTCODE\":\"\",\"JOB_MULITPLESITES\":\"\",\"STATE_TERRITORY\":\"Washington\",\"AREA_BASED_ON\":\"Other\",\"AREA\":\"Brewster Flat\\tHonda Bowls\\tOld Hwy 97\\tBrewster, Okanogan County, WA\",\"RNUM\":\"37\"},{\"CASE_NUMBER\":\"H-300-14321-198839\",\"LASTMOD_DATE\":\"19-JUN-18\",\"JOB_ADDR1\":\"\",\"JOB_ADDR2\":\"\",\"JOB_CITY\":\"\",\"JOB_COUNTY\":\"\",\"JOB_STATE\":\"\",\"JOB_POSTCODE\":\"\",\"JOB_MULITPLESITES\":\"\",\"STATE_TERRITORY\":\"Washington\",\"AREA_BASED_ON\":\"Other\",\"AREA\":\"Brewster Flat\\tHorace Smith\\tMax Goehry Road\\tBrewster, Okanogan County, WA\",\"RNUM\":\"38\"},{\"CASE_NUMBER\":\"H-300-14321-198839\",\"LASTMOD_DATE\":\"19-JUN-18\",\"JOB_ADDR1\":\"\",\"JOB_ADDR2\":\"\",\"JOB_CITY\":\"\",\"JOB_COUNTY\":\"\",\"JOB_STATE\":\"\",\"JOB_POSTCODE\":\"\",\"JOB_MULITPLESITES\":\"\",\"STATE_TERRITORY\":\"Washington\",\"AREA_BASED_ON\":\"Other\",\"AREA\":\"Brewster Flat\\tHospital\\tOld Hwy 97\\tBrewster, Okanogan County, WA\",\"RNUM\":\"39\"},{\"CASE_NUMBER\":\"H-300-14321-198839\",\"LASTMOD_DATE\":\"19-JUN-18\",\"JOB_ADDR1\":\"\",\"JOB_ADDR2\":\"\",\"JOB_CITY\":\"\",\"JOB_COUNTY\":\"\",\"JOB_STATE\":\"\",\"JOB_POSTCODE\":\"\",\"JOB_MULITPLESITES\":\"\",\"STATE_TERRITORY\":\"Washington\",\"AREA_BASED_ON\":\"Other\",\"AREA\":\"Knapp Ranch\\tIndian 13\\tKnapp Hill Road\\tBrewster, Okanogan County, WA\",\"RNUM\":\"40\"},{\"CASE_NUMBER\":\"H-300-14321-198839\",\"LASTMOD_DATE\":\"19-JUN-18\",\"JOB_ADDR1\":\"\",\"JOB_ADDR2\":\"\",\"JOB_CITY\":\"\",\"JOB_COUNTY\":\"\",\"JOB_STATE\":\"\",\"JOB_POSTCODE\":\"\",\"JOB_MULITPLESITES\":\"\",\"STATE_TERRITORY\":\"Washington\",\"AREA_BASED_ON\":\"Other\",\"AREA\":\"Brewster Flat\\tJapanese Trailer\\tHospital Way\\tBrewster, Okanogan County, WA\",\"RNUM\":\"41\"},{\"CASE_NUMBER\":\"H-300-14321-198839\",\"LASTMOD_DATE\":\"19-JUN-18\",\"JOB_ADDR1\":\"\",\"JOB_ADDR2\":\"\",\"JOB_CITY\":\"\",\"JOB_COUNTY\":\"\",\"JOB_STATE\":\"\",\"JOB_POSTCODE\":\"\",\"JOB_MULITPLESITES\":\"\",\"STATE_TERRITORY\":\"Washington\",\"AREA_BASED_ON\":\"Other\",\"AREA\":\"Brewster Flat\\tJenkins\\tMax Goehry Road\\tBrewster, Okanogan County, WA\",\"RNUM\":\"42\"},{\"CASE_NUMBER\":\"H-300-14321-198839\",\"LASTMOD_DATE\":\"19-JUN-18\",\"JOB_ADDR1\":\"\",\"JOB_ADDR2\":\"\",\"JOB_CITY\":\"\",\"JOB_COUNTY\":\"\",\"JOB_STATE\":\"\",\"JOB_POSTCODE\":\"\",\"JOB_MULITPLESITES\":\"\",\"STATE_TERRITORY\":\"Washington\",\"AREA_BASED_ON\":\"Other\",\"AREA\":\"Brewster Flat\\tLorenzo''s House\\tOld Hwy 97\\tBrewster, Okanogan County, WA\",\"RNUM\":\"43\"},{\"CASE_NUMBER\":\"H-300-14321-198839\",\"LASTMOD_DATE\":\"19-JUN-18\",\"JOB_ADDR1\":\"\",\"JOB_ADDR2\":\"\",\"JOB_CITY\":\"\",\"JOB_COUNTY\":\"\",\"JOB_STATE\":\"\",\"JOB_POSTCODE\":\"\",\"JOB_MULITPLESITES\":\"\",\"STATE_TERRITORY\":\"Washington\",\"AREA_BASED_ON\":\"Other\",\"AREA\":\"Snyder Flats\\tLower Hillside\\tKnapp Hill Rd.\\tBrewster, Okanogan County, WA\",\"RNUM\":\"44\"},{\"CASE_NUMBER\":\"H-300-14321-198839\",\"LASTMOD_DATE\":\"19-JUN-18\",\"JOB_ADDR1\":\"\",\"JOB_ADDR2\":\"\",\"JOB_CITY\":\"\",\"JOB_COUNTY\":\"\",\"JOB_STATE\":\"\",\"JOB_POSTCODE\":\"\",\"JOB_MULITPLESITES\":\"\",\"STATE_TERRITORY\":\"Washington\",\"AREA_BASED_ON\":\"Other\",\"AREA\":\"Snyder Flats\\tMarcellay\\tCameron Lake Road\\tBrewster, Okanogan County, WA\",\"RNUM\":\"45\"},{\"CASE_NUMBER\":\"H-300-14321-198839\",\"LASTMOD_DATE\":\"19-JUN-18\",\"JOB_ADDR1\":\"\",\"JOB_ADDR2\":\"\",\"JOB_CITY\":\"\",\"JOB_COUNTY\":\"\",\"JOB_STATE\":\"\",\"JOB_POSTCODE\":\"\",\"JOB_MULITPLESITES\":\"\",\"STATE_TERRITORY\":\"Washington\",\"AREA_BASED_ON\":\"Other\",\"AREA\":\"Maverick\\tMaverick - Brock\\tOld Highland Road\\tBrewster, Douglas County, WA\",\"RNUM\":\"46\"},{\"CASE_NUMBER\":\"H-300-14321-198839\",\"LASTMOD_DATE\":\"19-JUN-18\",\"JOB_ADDR1\":\"\",\"JOB_ADDR2\":\"\",\"JOB_CITY\":\"\",\"JOB_COUNTY\":\"\",\"JOB_STATE\":\"\",\"JOB_POSTCODE\":\"\",\"JOB_MULITPLESITES\":\"\",\"STATE_TERRITORY\":\"Washington\",\"AREA_BASED_ON\":\"Other\",\"AREA\":\"Maverick\\tMaverick - Home\\t75 Mountain View\\tBrewster, Okanogan County, WA\",\"RNUM\":\"47\"},{\"CASE_NUMBER\":\"H-300-14321-198839\",\"LASTMOD_DATE\":\"19-JUN-18\",\"JOB_ADDR1\":\"\",\"JOB_ADDR2\":\"\",\"JOB_CITY\":\"\",\"JOB_COUNTY\":\"\",\"JOB_STATE\":\"\",\"JOB_POSTCODE\":\"\",\"JOB_MULITPLESITES\":\"\",\"STATE_TERRITORY\":\"Washington\",\"AREA_BASED_ON\":\"Other\",\"AREA\":\"Maverick\\tMaverick - Roys\\tOld Highland Road\\tBrewster, Douglas County, WA\",\"RNUM\":\"48\"},{\"CASE_NUMBER\":\"H-300-14321-198839\",\"LASTMOD_DATE\":\"19-JUN-18\",\"JOB_ADDR1\":\"\",\"JOB_ADDR2\":\"\",\"JOB_CITY\":\"\",\"JOB_COUNTY\":\"\",\"JOB_STATE\":\"\",\"JOB_POSTCODE\":\"\",\"JOB_MULITPLESITES\":\"\",\"STATE_TERRITORY\":\"Washington\",\"AREA_BASED_ON\":\"Other\",\"AREA\":\"Brewster Flat\\tMckie Area/ Behind Franco\\tOld Hwy 97\\tBrewster, Okanogan County, WA\",\"RNUM\":\"49\"},{\"CASE_NUMBER\":\"H-300-14321-198839\",\"LASTMOD_DATE\":\"19-JUN-18\",\"JOB_ADDR1\":\"\",\"JOB_ADDR2\":\"\",\"JOB_CITY\":\"\",\"JOB_COUNTY\":\"\",\"JOB_STATE\":\"\",\"JOB_POSTCODE\":\"\",\"JOB_MULITPLESITES\":\"\",\"STATE_TERRITORY\":\"Washington\",\"AREA_BASED_ON\":\"Other\",\"AREA\":\"McKie Mountain\\tMcKie Mountain Cherries\\t2065 Old Hwy 97\\tBrewster, Okanogan County, WA\",\"RNUM\":\"50\"},{\"CASE_NUMBER\":\"H-300-14321-198839\",\"LASTMOD_DATE\":\"19-JUN-18\",\"JOB_ADDR1\":\"\",\"JOB_ADDR2\":\"\",\"JOB_CITY\":\"\",\"JOB_COUNTY\":\"\",\"JOB_STATE\":\"\",\"JOB_POSTCODE\":\"\",\"JOB_MULITPLESITES\":\"\",\"STATE_TERRITORY\":\"Washington\",\"AREA_BASED_ON\":\"Other\",\"AREA\":\"Crazy Rapids\\tNew DNR Hillside\\tCrazy Rapids\\tBrewster, Okanogan County, WA\",\"RNUM\":\"51\"},{\"CASE_NUMBER\":\"H-300-14321-198839\",\"LASTMOD_DATE\":\"19-JUN-18\",\"JOB_ADDR1\":\"\",\"JOB_ADDR2\":\"\",\"JOB_CITY\":\"\",\"JOB_COUNTY\":\"\",\"JOB_STATE\":\"\",\"JOB_POSTCODE\":\"\",\"JOB_MULITPLESITES\":\"\",\"STATE_TERRITORY\":\"Washington\",\"AREA_BASED_ON\":\"Other\",\"AREA\":\"Knapp Ranch\\tNew Hillside South\\tKnapp Hill Road\\tBrewster, Okanogan County, WA\",\"RNUM\":\"52\"},{\"CASE_NUMBER\":\"H-300-14321-198839\",\"LASTMOD_DATE\":\"19-JUN-18\",\"JOB_ADDR1\":\"\",\"JOB_ADDR2\":\"\",\"JOB_CITY\":\"\",\"JOB_COUNTY\":\"\",\"JOB_STATE\":\"\",\"JOB_POSTCODE\":\"\",\"JOB_MULITPLESITES\":\"\",\"STATE_TERRITORY\":\"Washington\",\"AREA_BASED_ON\":\"Other\",\"AREA\":\"Knapp Ranch\\tNorth\\tKnapp Hill Road\\tBrewster, Okanogan County, WA\",\"RNUM\":\"53\"},{\"CASE_NUMBER\":\"H-300-14321-198839\",\"LASTMOD_DATE\":\"19-JUN-18\",\"JOB_ADDR1\":\"\",\"JOB_ADDR2\":\"\",\"JOB_CITY\":\"\",\"JOB_COUNTY\":\"\",\"JOB_STATE\":\"\",\"JOB_POSTCODE\":\"\",\"JOB_MULITPLESITES\":\"\",\"STATE_TERRITORY\":\"Washington\",\"AREA_BASED_ON\":\"Other\",\"AREA\":\"Knapp Ranch\\tNorth Booster\\tKnapp Hill Road\\tBrewster, Okanogan County, WA\",\"RNUM\":\"54\"},{\"CASE_NUMBER\":\"H-300-14321-198839\",\"LASTMOD_DATE\":\"19-JUN-18\",\"JOB_ADDR1\":\"\",\"JOB_ADDR2\":\"\",\"JOB_CITY\":\"\",\"JOB_COUNTY\":\"\",\"JOB_STATE\":\"\",\"JOB_POSTCODE\":\"\",\"JOB_MULITPLESITES\":\"\",\"STATE_TERRITORY\":\"Washington\",\"AREA_BASED_ON\":\"Other\",\"AREA\":\"Comsat\\tNorth Comsat\\tVerestar Road\\tBrewster, Okanogan County, WA\",\"RNUM\":\"55\"},{\"CASE_NUMBER\":\"H-300-14321-198839\",\"LASTMOD_DATE\":\"19-JUN-18\",\"JOB_ADDR1\":\"\",\"JOB_ADDR2\":\"\",\"JOB_CITY\":\"\",\"JOB_COUNTY\":\"\",\"JOB_STATE\":\"\",\"JOB_POSTCODE\":\"\",\"JOB_MULITPLESITES\":\"\",\"STATE_TERRITORY\":\"Washington\",\"AREA_BASED_ON\":\"Other\",\"AREA\":\"Knapp Ranch\\tNorth Diesel\\tKnapp Hill Road\\tBrewster, Okanogan County, WA\",\"RNUM\":\"56\"},{\"CASE_NUMBER\":\"H-300-14321-198839\",\"LASTMOD_DATE\":\"19-JUN-18\",\"JOB_ADDR1\":\"\",\"JOB_ADDR2\":\"\",\"JOB_CITY\":\"\",\"JOB_COUNTY\":\"\",\"JOB_STATE\":\"\",\"JOB_POSTCODE\":\"\",\"JOB_MULITPLESITES\":\"\",\"STATE_TERRITORY\":\"Washington\",\"AREA_BASED_ON\":\"Other\",\"AREA\":\"Crazy Rapids\\tNorth Feed lot\\tCrazy Rapids\\tBrewster, Okanogan County, WA\",\"RNUM\":\"57\"},{\"CASE_NUMBER\":\"H-300-14321-198839\",\"LASTMOD_DATE\":\"19-JUN-18\",\"JOB_ADDR1\":\"\",\"JOB_ADDR2\":\"\",\"JOB_CITY\":\"\",\"JOB_COUNTY\":\"\",\"JOB_STATE\":\"\",\"JOB_POSTCODE\":\"\",\"JOB_MULITPLESITES\":\"\",\"STATE_TERRITORY\":\"Washington\",\"AREA_BASED_ON\":\"Other\",\"AREA\":\"Comsat\\tNorth Fill Station - Long Rows\\tVerestar Road\\tBrewster, Okanogan County, WA\",\"RNUM\":\"58\"},{\"CASE_NUMBER\":\"H-300-14321-198839\",\"LASTMOD_DATE\":\"19-JUN-18\",\"JOB_ADDR1\":\"\",\"JOB_ADDR2\":\"\",\"JOB_CITY\":\"\",\"JOB_COUNTY\":\"\",\"JOB_STATE\":\"\",\"JOB_POSTCODE\":\"\",\"JOB_MULITPLESITES\":\"\",\"STATE_TERRITORY\":\"Washington\",\"AREA_BASED_ON\":\"Other\",\"AREA\":\"North end P & G\\tNorth of Camp 3\\tHighway 97 - P & G Road\\tBrewster, Okanogan County, WA\",\"RNUM\":\"59\"},{\"CASE_NUMBER\":\"H-300-14321-198839\",\"LASTMOD_DATE\":\"19-JUN-18\",\"JOB_ADDR1\":\"\",\"JOB_ADDR2\":\"\",\"JOB_CITY\":\"\",\"JOB_COUNTY\":\"\",\"JOB_STATE\":\"\",\"JOB_POSTCODE\":\"\",\"JOB_MULITPLESITES\":\"\",\"STATE_TERRITORY\":\"Washington\",\"AREA_BASED_ON\":\"Other\",\"AREA\":\"Knapp Ranch\\tNorth Point\\tKnapp Hill Road\\tBrewster, Okanogan County, WA\",\"RNUM\":\"60\"},{\"CASE_NUMBER\":\"H-300-14321-198839\",\"LASTMOD_DATE\":\"19-JUN-18\",\"JOB_ADDR1\":\"\",\"JOB_ADDR2\":\"\",\"JOB_CITY\":\"\",\"JOB_COUNTY\":\"\",\"JOB_STATE\":\"\",\"JOB_POSTCODE\":\"\",\"JOB_MULITPLESITES\":\"\",\"STATE_TERRITORY\":\"Washington\",\"AREA_BASED_ON\":\"Other\",\"AREA\":\"Knapp Ranch\\tNW Hillside\\tKnapp Hill Road\\tBrewster, Okanogan County, WA\",\"RNUM\":\"61\"},{\"CASE_NUMBER\":\"H-300-14321-198839\",\"LASTMOD_DATE\":\"19-JUN-18\",\"JOB_ADDR1\":\"\",\"JOB_ADDR2\":\"\",\"JOB_CITY\":\"\",\"JOB_COUNTY\":\"\",\"JOB_STATE\":\"\",\"JOB_POSTCODE\":\"\",\"JOB_MULITPLESITES\":\"\",\"STATE_TERRITORY\":\"Washington\",\"AREA_BASED_ON\":\"Other\",\"AREA\":\"Knapp Ranch\\tOld Bartlett 40\\tKnapp Hill Road\\tBrewster, Okanogan County, WA\",\"RNUM\":\"62\"},{\"CASE_NUMBER\":\"H-300-14321-198839\",\"LASTMOD_DATE\":\"19-JUN-18\",\"JOB_ADDR1\":\"\",\"JOB_ADDR2\":\"\",\"JOB_CITY\":\"\",\"JOB_COUNTY\":\"\",\"JOB_STATE\":\"\",\"JOB_POSTCODE\":\"\",\"JOB_MULITPLESITES\":\"\",\"STATE_TERRITORY\":\"Washington\",\"AREA_BASED_ON\":\"Other\",\"AREA\":\"Knapp Ranch\\tOld Cherry\\tKnapp Hill Road\\tBrewster, Okanogan County, WA\",\"RNUM\":\"63\"},{\"CASE_NUMBER\":\"H-300-14321-198839\",\"LASTMOD_DATE\":\"19-JUN-18\",\"JOB_ADDR1\":\"\",\"JOB_ADDR2\":\"\",\"JOB_CITY\":\"\",\"JOB_COUNTY\":\"\",\"JOB_STATE\":\"\",\"JOB_POSTCODE\":\"\",\"JOB_MULITPLESITES\":\"\",\"STATE_TERRITORY\":\"Washington\",\"AREA_BASED_ON\":\"Other\",\"AREA\":\"Lower P&G Area\\tOld Summers\\tOne Gebbers Lane\\tBrewster, Okanogan County, WA\",\"RNUM\":\"64\"},{\"CASE_NUMBER\":\"H-300-14321-198839\",\"LASTMOD_DATE\":\"19-JUN-18\",\"JOB_ADDR1\":\"\",\"JOB_ADDR2\":\"\",\"JOB_CITY\":\"\",\"JOB_COUNTY\":\"\",\"JOB_STATE\":\"\",\"JOB_POSTCODE\":\"\",\"JOB_MULITPLESITES\":\"\",\"STATE_TERRITORY\":\"Washington\",\"AREA_BASED_ON\":\"Other\",\"AREA\":\"Omak Flat\\tOmak Fisher\\tConconully Hwy\\tOmak, Okanogan County, WA\",\"RNUM\":\"65\"},{\"CASE_NUMBER\":\"H-300-14321-198839\",\"LASTMOD_DATE\":\"19-JUN-18\",\"JOB_ADDR1\":\"\",\"JOB_ADDR2\":\"\",\"JOB_CITY\":\"\",\"JOB_COUNTY\":\"\",\"JOB_STATE\":\"\",\"JOB_POSTCODE\":\"\",\"JOB_MULITPLESITES\":\"\",\"STATE_TERRITORY\":\"Washington\",\"AREA_BASED_ON\":\"Other\",\"AREA\":\"Knapp Ranch\\tOrganic 20\\tKnapp Hill Road\\tBrewster, Okanogan County, WA\",\"RNUM\":\"66\"},{\"CASE_NUMBER\":\"H-300-14321-198839\",\"LASTMOD_DATE\":\"19-JUN-18\",\"JOB_ADDR1\":\"\",\"JOB_ADDR2\":\"\",\"JOB_CITY\":\"\",\"JOB_COUNTY\":\"\",\"JOB_STATE\":\"\",\"JOB_POSTCODE\":\"\",\"JOB_MULITPLESITES\":\"\",\"STATE_TERRITORY\":\"Washington\",\"AREA_BASED_ON\":\"Other\",\"AREA\":\"Snyder Flats\\tPink Lady Hillside\\tKnapp Hill Rd.\\tBrewster, Okanogan County, WA\",\"RNUM\":\"67\"},{\"CASE_NUMBER\":\"H-300-14321-198839\",\"LASTMOD_DATE\":\"19-JUN-18\",\"JOB_ADDR1\":\"\",\"JOB_ADDR2\":\"\",\"JOB_CITY\":\"\",\"JOB_COUNTY\":\"\",\"JOB_STATE\":\"\",\"JOB_POSTCODE\":\"\",\"JOB_MULITPLESITES\":\"\",\"STATE_TERRITORY\":\"Washington\",\"AREA_BASED_ON\":\"Other\",\"AREA\":\"Lower P&G Area\\tPool\\tOne Gebbers Lane\\tBrewster, Okanogan County, WA\",\"RNUM\":\"68\"},{\"CASE_NUMBER\":\"H-300-14321-198839\",\"LASTMOD_DATE\":\"19-JUN-18\",\"JOB_ADDR1\":\"\",\"JOB_ADDR2\":\"\",\"JOB_CITY\":\"\",\"JOB_COUNTY\":\"\",\"JOB_STATE\":\"\",\"JOB_POSTCODE\":\"\",\"JOB_MULITPLESITES\":\"\",\"STATE_TERRITORY\":\"Washington\",\"AREA_BASED_ON\":\"Other\",\"AREA\":\"Lower P&G Area\\tPump\\tOne Gebbers Lane\\tBrewster, Okanogan County, WA\",\"RNUM\":\"69\"},{\"CASE_NUMBER\":\"H-300-14321-198839\",\"LASTMOD_DATE\":\"19-JUN-18\",\"JOB_ADDR1\":\"\",\"JOB_ADDR2\":\"\",\"JOB_CITY\":\"\",\"JOB_COUNTY\":\"\",\"JOB_STATE\":\"\",\"JOB_POSTCODE\":\"\",\"JOB_MULITPLESITES\":\"\",\"STATE_TERRITORY\":\"Washington\",\"AREA_BASED_ON\":\"Other\",\"AREA\":\"Rat Lake\\tRat Lake\\tParadise Road\\tBrewster, Okanogan County, WA\",\"RNUM\":\"70\"},{\"CASE_NUMBER\":\"H-300-14321-198839\",\"LASTMOD_DATE\":\"19-JUN-18\",\"JOB_ADDR1\":\"\",\"JOB_ADDR2\":\"\",\"JOB_CITY\":\"\",\"JOB_COUNTY\":\"\",\"JOB_STATE\":\"\",\"JOB_POSTCODE\":\"\",\"JOB_MULITPLESITES\":\"\",\"STATE_TERRITORY\":\"Washington\",\"AREA_BASED_ON\":\"Other\",\"AREA\":\"Comsat\\tRed/Fuji Mix\\tVerestar Road\\tBrewster, Okanogan County, WA\",\"RNUM\":\"71\"},{\"CASE_NUMBER\":\"H-300-14321-198839\",\"LASTMOD_DATE\":\"19-JUN-18\",\"JOB_ADDR1\":\"\",\"JOB_ADDR2\":\"\",\"JOB_CITY\":\"\",\"JOB_COUNTY\":\"\",\"JOB_STATE\":\"\",\"JOB_POSTCODE\":\"\",\"JOB_MULITPLESITES\":\"\",\"STATE_TERRITORY\":\"Washington\",\"AREA_BASED_ON\":\"Other\",\"AREA\":\"Comsat\\tRed/Gala Mix\\tVerestar Road\\tBrewster, Okanogan County, WA\",\"RNUM\":\"72\"},{\"CASE_NUMBER\":\"H-300-14321-198839\",\"LASTMOD_DATE\":\"19-JUN-18\",\"JOB_ADDR1\":\"\",\"JOB_ADDR2\":\"\",\"JOB_CITY\":\"\",\"JOB_COUNTY\":\"\",\"JOB_STATE\":\"\",\"JOB_POSTCODE\":\"\",\"JOB_MULITPLESITES\":\"\",\"STATE_TERRITORY\":\"Washington\",\"AREA_BASED_ON\":\"Other\",\"AREA\":\"Brewster Flat\\tRiver Plaza\\tHwy 97\\tBrewster, Okanogan County, WA\",\"RNUM\":\"73\"},{\"CASE_NUMBER\":\"H-300-14321-198839\",\"LASTMOD_DATE\":\"19-JUN-18\",\"JOB_ADDR1\":\"\",\"JOB_ADDR2\":\"\",\"JOB_CITY\":\"\",\"JOB_COUNTY\":\"\",\"JOB_STATE\":\"\",\"JOB_POSTCODE\":\"\",\"JOB_MULITPLESITES\":\"\",\"STATE_TERRITORY\":\"Washington\",\"AREA_BASED_ON\":\"Other\",\"AREA\":\"Knapp Ranch\\tRocks\\tKnapp Hill Road\\tBrewster, Okanogan County, WA\",\"RNUM\":\"74\"},{\"CASE_NUMBER\":\"H-300-14321-198839\",\"LASTMOD_DATE\":\"19-JUN-18\",\"JOB_ADDR1\":\"\",\"JOB_ADDR2\":\"\",\"JOB_CITY\":\"\",\"JOB_COUNTY\":\"\",\"JOB_STATE\":\"\",\"JOB_POSTCODE\":\"\",\"JOB_MULITPLESITES\":\"\",\"STATE_TERRITORY\":\"Washington\",\"AREA_BASED_ON\":\"Other\",\"AREA\":\"Comsat\\tRolling Hills\\tVerestar Road\\tBrewster, Okanogan County, WA\",\"RNUM\":\"75\"},{\"CASE_NUMBER\":\"H-300-14321-198839\",\"LASTMOD_DATE\":\"19-JUN-18\",\"JOB_ADDR1\":\"\",\"JOB_ADDR2\":\"\",\"JOB_CITY\":\"\",\"JOB_COUNTY\":\"\",\"JOB_STATE\":\"\",\"JOB_POSTCODE\":\"\",\"JOB_MULITPLESITES\":\"\",\"STATE_TERRITORY\":\"Washington\",\"AREA_BASED_ON\":\"Other\",\"AREA\":\"Brewster Flat\\tRye Patch\\tMax Goehry Road\\tBrewster, Okanogan County, WA\",\"RNUM\":\"76\"},{\"CASE_NUMBER\":\"H-300-14321-198839\",\"LASTMOD_DATE\":\"19-JUN-18\",\"JOB_ADDR1\":\"\",\"JOB_ADDR2\":\"\",\"JOB_CITY\":\"\",\"JOB_COUNTY\":\"\",\"JOB_STATE\":\"\",\"JOB_POSTCODE\":\"\",\"JOB_MULITPLESITES\":\"\",\"STATE_TERRITORY\":\"Washington\",\"AREA_BASED_ON\":\"Other\",\"AREA\":\"Sand Dunes\\tSand Dunes\\tHighway 97\\tBrewster, Okanogan County, WA\",\"RNUM\":\"77\"},{\"CASE_NUMBER\":\"H-300-14321-198839\",\"LASTMOD_DATE\":\"19-JUN-18\",\"JOB_ADDR1\":\"\",\"JOB_ADDR2\":\"\",\"JOB_CITY\":\"\",\"JOB_COUNTY\":\"\",\"JOB_STATE\":\"\",\"JOB_POSTCODE\":\"\",\"JOB_MULITPLESITES\":\"\",\"STATE_TERRITORY\":\"Washington\",\"AREA_BASED_ON\":\"Other\",\"AREA\":\"Knapp Ranch\\tScarlett 20\\tKnapp Hill Road\\tBrewster, Okanogan County, WA\",\"RNUM\":\"78\"},{\"CASE_NUMBER\":\"H-300-14321-198839\",\"LASTMOD_DATE\":\"19-JUN-18\",\"JOB_ADDR1\":\"\",\"JOB_ADDR2\":\"\",\"JOB_CITY\":\"\",\"JOB_COUNTY\":\"\",\"JOB_STATE\":\"\",\"JOB_POSTCODE\":\"\",\"JOB_MULITPLESITES\":\"\",\"STATE_TERRITORY\":\"Washington\",\"AREA_BASED_ON\":\"Other\",\"AREA\":\"Brewster Flat\\tShaw\\tOld Hwy 97\\tBrewster, Okanogan County, WA\",\"RNUM\":\"79\"},{\"CASE_NUMBER\":\"H-300-14321-198839\",\"LASTMOD_DATE\":\"19-JUN-18\",\"JOB_ADDR1\":\"\",\"JOB_ADDR2\":\"\",\"JOB_CITY\":\"\",\"JOB_COUNTY\":\"\",\"JOB_STATE\":\"\",\"JOB_POSTCODE\":\"\",\"JOB_MULITPLESITES\":\"\",\"STATE_TERRITORY\":\"Washington\",\"AREA_BASED_ON\":\"Other\",\"AREA\":\"Snyder Flats\\tSolid Fuji Wire\\tKnapp Hill Rd.\\tBrewster, Okanogan County, WA\",\"RNUM\":\"80\"},{\"CASE_NUMBER\":\"H-300-14321-198839\",\"LASTMOD_DATE\":\"19-JUN-18\",\"JOB_ADDR1\":\"\",\"JOB_ADDR2\":\"\",\"JOB_CITY\":\"\",\"JOB_COUNTY\":\"\",\"JOB_STATE\":\"\",\"JOB_POSTCODE\":\"\",\"JOB_MULITPLESITES\":\"\",\"STATE_TERRITORY\":\"Washington\",\"AREA_BASED_ON\":\"Other\",\"AREA\":\"Knapp Ranch\\tSouth Booster\\tKnapp Hill Road\\tBrewster, Okanogan County, WA\",\"RNUM\":\"81\"},{\"CASE_NUMBER\":\"H-300-14321-198839\",\"LASTMOD_DATE\":\"19-JUN-18\",\"JOB_ADDR1\":\"\",\"JOB_ADDR2\":\"\",\"JOB_CITY\":\"\",\"JOB_COUNTY\":\"\",\"JOB_STATE\":\"\",\"JOB_POSTCODE\":\"\",\"JOB_MULITPLESITES\":\"\",\"STATE_TERRITORY\":\"Washington\",\"AREA_BASED_ON\":\"Other\",\"AREA\":\"Comsat\\tSouth Comsat - Apples\\tVerestar Road\\tBrewster, Okanogan County, WA\",\"RNUM\":\"82\"},{\"CASE_NUMBER\":\"H-300-14321-198839\",\"LASTMOD_DATE\":\"19-JUN-18\",\"JOB_ADDR1\":\"\",\"JOB_ADDR2\":\"\",\"JOB_CITY\":\"\",\"JOB_COUNTY\":\"\",\"JOB_STATE\":\"\",\"JOB_POSTCODE\":\"\",\"JOB_MULITPLESITES\":\"\",\"STATE_TERRITORY\":\"Washington\",\"AREA_BASED_ON\":\"Other\",\"AREA\":\"Comsat\\tSouth Comsat Cherries\\tVerestar Road\\tBrewster, Okanogan County, WA\",\"RNUM\":\"83\"},{\"CASE_NUMBER\":\"H-300-14321-198839\",\"LASTMOD_DATE\":\"19-JUN-18\",\"JOB_ADDR1\":\"\",\"JOB_ADDR2\":\"\",\"JOB_CITY\":\"\",\"JOB_COUNTY\":\"\",\"JOB_STATE\":\"\",\"JOB_POSTCODE\":\"\",\"JOB_MULITPLESITES\":\"\",\"STATE_TERRITORY\":\"Washington\",\"AREA_BASED_ON\":\"Other\",\"AREA\":\"Knapp Ranch\\tSouth Diesel\\tKnapp Hill Road\\tBrewster, Okanogan County, WA\",\"RNUM\":\"84\"},{\"CASE_NUMBER\":\"H-300-14321-198839\",\"LASTMOD_DATE\":\"19-JUN-18\",\"JOB_ADDR1\":\"\",\"JOB_ADDR2\":\"\",\"JOB_CITY\":\"\",\"JOB_COUNTY\":\"\",\"JOB_STATE\":\"\",\"JOB_POSTCODE\":\"\",\"JOB_MULITPLESITES\":\"\",\"STATE_TERRITORY\":\"Washington\",\"AREA_BASED_ON\":\"Other\",\"AREA\":\"Comsat\\tSouth of Circle Corner\\tVerestar Road\\tBrewster, Okanogan County, WA\",\"RNUM\":\"85\"},{\"CASE_NUMBER\":\"H-300-14321-198839\",\"LASTMOD_DATE\":\"19-JUN-18\",\"JOB_ADDR1\":\"\",\"JOB_ADDR2\":\"\",\"JOB_CITY\":\"\",\"JOB_COUNTY\":\"\",\"JOB_STATE\":\"\",\"JOB_POSTCODE\":\"\",\"JOB_MULITPLESITES\":\"\",\"STATE_TERRITORY\":\"Washington\",\"AREA_BASED_ON\":\"Other\",\"AREA\":\"Snyder Flats\\tSouth Point\\tKnapp Hill Rd.\\tBrewster, Okanogan County, WA\",\"RNUM\":\"86\"},{\"CASE_NUMBER\":\"H-300-14321-198839\",\"LASTMOD_DATE\":\"19-JUN-18\",\"JOB_ADDR1\":\"\",\"JOB_ADDR2\":\"\",\"JOB_CITY\":\"\",\"JOB_COUNTY\":\"\",\"JOB_STATE\":\"\",\"JOB_POSTCODE\":\"\",\"JOB_MULITPLESITES\":\"\",\"STATE_TERRITORY\":\"Washington\",\"AREA_BASED_ON\":\"Other\",\"AREA\":\"Comsat\\tSouth Tom Lee\\tVerestar Road\\tBrewster, Okanogan County, WA\",\"RNUM\":\"87\"},{\"CASE_NUMBER\":\"H-300-14321-198839\",\"LASTMOD_DATE\":\"19-JUN-18\",\"JOB_ADDR1\":\"\",\"JOB_ADDR2\":\"\",\"JOB_CITY\":\"\",\"JOB_COUNTY\":\"\",\"JOB_STATE\":\"\",\"JOB_POSTCODE\":\"\",\"JOB_MULITPLESITES\":\"\",\"STATE_TERRITORY\":\"Washington\",\"AREA_BASED_ON\":\"Other\",\"AREA\":\"Knapp Ranch\\tSW Hillside\\tKnapp Hill Road\\tBrewster, Okanogan County, WA\",\"RNUM\":\"88\"},{\"CASE_NUMBER\":\"H-300-14321-198839\",\"LASTMOD_DATE\":\"19-JUN-18\",\"JOB_ADDR1\":\"\",\"JOB_ADDR2\":\"\",\"JOB_CITY\":\"\",\"JOB_COUNTY\":\"\",\"JOB_STATE\":\"\",\"JOB_POSTCODE\":\"\",\"JOB_MULITPLESITES\":\"\",\"STATE_TERRITORY\":\"Washington\",\"AREA_BASED_ON\":\"Other\",\"AREA\":\"Knapp Ranch\\tThe Hole\\tKnapp Hill Road\\tBrewster, Okanogan County, WA\",\"RNUM\":\"89\"},{\"CASE_NUMBER\":\"H-300-14321-198839\",\"LASTMOD_DATE\":\"19-JUN-18\",\"JOB_ADDR1\":\"\",\"JOB_ADDR2\":\"\",\"JOB_CITY\":\"\",\"JOB_COUNTY\":\"\",\"JOB_STATE\":\"\",\"JOB_POSTCODE\":\"\",\"JOB_MULITPLESITES\":\"\",\"STATE_TERRITORY\":\"Washington\",\"AREA_BASED_ON\":\"Other\",\"AREA\":\"Crazy Rapids\\tTracy''s House\\tCrazy Rapids\\tBrewster, Okanogan County, WA\",\"RNUM\":\"90\"},{\"CASE_NUMBER\":\"H-300-14321-198839\",\"LASTMOD_DATE\":\"19-JUN-18\",\"JOB_ADDR1\":\"\",\"JOB_ADDR2\":\"\",\"JOB_CITY\":\"\",\"JOB_COUNTY\":\"\",\"JOB_STATE\":\"\",\"JOB_POSTCODE\":\"\",\"JOB_MULITPLESITES\":\"\",\"STATE_TERRITORY\":\"Washington\",\"AREA_BASED_ON\":\"Other\",\"AREA\":\"Chelan Cherry Orchard\\tValley Blocks\\tSki Hill Drive\\tManson, Chelan County, WA\",\"RNUM\":\"91\"},{\"CASE_NUMBER\":\"H-300-14321-198839\",\"LASTMOD_DATE\":\"19-JUN-18\",\"JOB_ADDR1\":\"\",\"JOB_ADDR2\":\"\",\"JOB_CITY\":\"\",\"JOB_COUNTY\":\"\",\"JOB_STATE\":\"\",\"JOB_POSTCODE\":\"\",\"JOB_MULITPLESITES\":\"\",\"STATE_TERRITORY\":\"Washington\",\"AREA_BASED_ON\":\"Other\",\"AREA\":\"Knapp Ranch\\tTriangle Goldens\\tKnapp Hill Road\\tBrewster, Okanogan County, WA\",\"RNUM\":\"92\"},{\"CASE_NUMBER\":\"H-300-14321-198839\",\"LASTMOD_DATE\":\"19-JUN-18\",\"JOB_ADDR1\":\"\",\"JOB_ADDR2\":\"\",\"JOB_CITY\":\"\",\"JOB_COUNTY\":\"\",\"JOB_STATE\":\"\",\"JOB_POSTCODE\":\"\",\"JOB_MULITPLESITES\":\"\",\"STATE_TERRITORY\":\"Washington\",\"AREA_BASED_ON\":\"Other\",\"AREA\":\"Knapp Ranch\\tTriangle Reds\\tKnapp Hill Road\\tBrewster, Okanogan County, WA\",\"RNUM\":\"93\"},{\"CASE_NUMBER\":\"H-300-14321-198839\",\"LASTMOD_DATE\":\"19-JUN-18\",\"JOB_ADDR1\":\"\",\"JOB_ADDR2\":\"\",\"JOB_CITY\":\"\",\"JOB_COUNTY\":\"\",\"JOB_STATE\":\"\",\"JOB_POSTCODE\":\"\",\"JOB_MULITPLESITES\":\"\",\"STATE_TERRITORY\":\"Washington\",\"AREA_BASED_ON\":\"Other\",\"AREA\":\"Crazy Rapids\\tUp Down Rows\\tCrazy Rapids\\tBrewster, Okanogan County, WA\",\"RNUM\":\"94\"},{\"CASE_NUMBER\":\"H-300-14321-198839\",\"LASTMOD_DATE\":\"19-JUN-18\",\"JOB_ADDR1\":\"\",\"JOB_ADDR2\":\"\",\"JOB_CITY\":\"\",\"JOB_COUNTY\":\"\",\"JOB_STATE\":\"\",\"JOB_POSTCODE\":\"\",\"JOB_MULITPLESITES\":\"\",\"STATE_TERRITORY\":\"Washington\",\"AREA_BASED_ON\":\"Other\",\"AREA\":\"Bridgeport Bar\\tWesterdahl - Bush\\tHwy 173\\tBridgeport, Douglas County, WA\",\"RNUM\":\"95\"},{\"CASE_NUMBER\":\"H-300-14321-198839\",\"LASTMOD_DATE\":\"19-JUN-18\",\"JOB_ADDR1\":\"\",\"JOB_ADDR2\":\"\",\"JOB_CITY\":\"\",\"JOB_COUNTY\":\"\",\"JOB_STATE\":\"\",\"JOB_POSTCODE\":\"\",\"JOB_MULITPLESITES\":\"\",\"STATE_TERRITORY\":\"Washington\",\"AREA_BASED_ON\":\"Other\",\"AREA\":\"Bridgeport Bar\\tWesterdahl - Church\\tHwy 173\\tBridgeport, Douglas County, WA\",\"RNUM\":\"96\"},{\"CASE_NUMBER\":\"H-300-14321-198839\",\"LASTMOD_DATE\":\"19-JUN-18\",\"JOB_ADDR1\":\"\",\"JOB_ADDR2\":\"\",\"JOB_CITY\":\"\",\"JOB_COUNTY\":\"\",\"JOB_STATE\":\"\",\"JOB_POSTCODE\":\"\",\"JOB_MULITPLESITES\":\"\",\"STATE_TERRITORY\":\"Washington\",\"AREA_BASED_ON\":\"Other\",\"AREA\":\"Bridgeport Bar\\tWesterdahl - Dundas\\tHwy 173\\tBridgeport, Douglas County, WA\",\"RNUM\":\"97\"},{\"CASE_NUMBER\":\"H-300-14321-198839\",\"LASTMOD_DATE\":\"19-JUN-18\",\"JOB_ADDR1\":\"\",\"JOB_ADDR2\":\"\",\"JOB_CITY\":\"\",\"JOB_COUNTY\":\"\",\"JOB_STATE\":\"\",\"JOB_POSTCODE\":\"\",\"JOB_MULITPLESITES\":\"\",\"STATE_TERRITORY\":\"Washington\",\"AREA_BASED_ON\":\"Other\",\"AREA\":\"Bridgeport Bar\\tWesterdahl - Molitor\\tHwy 173\\tBridgeport, Douglas County, WA\",\"RNUM\":\"98\"},{\"CASE_NUMBER\":\"H-300-14321-198839\",\"LASTMOD_DATE\":\"19-JUN-18\",\"JOB_ADDR1\":\"\",\"JOB_ADDR2\":\"\",\"JOB_CITY\":\"\",\"JOB_COUNTY\":\"\",\"JOB_STATE\":\"\",\"JOB_POSTCODE\":\"\",\"JOB_MULITPLESITES\":\"\",\"STATE_TERRITORY\":\"Washington\",\"AREA_BASED_ON\":\"Other\",\"AREA\":\"Bridgeport Bar\\tWesterdahl - Westerdahl\\tHwy 173\\tBridgeport, Douglas County, WA\",\"RNUM\":\"99\"},{\"CASE_NUMBER\":\"H-300-14321-198839\",\"LASTMOD_DATE\":\"19-JUN-18\",\"JOB_ADDR1\":\"\",\"JOB_ADDR2\":\"\",\"JOB_CITY\":\"\",\"JOB_COUNTY\":\"\",\"JOB_STATE\":\"\",\"JOB_POSTCODE\":\"\",\"JOB_MULITPLESITES\":\"\",\"STATE_TERRITORY\":\"Washington\",\"AREA_BASED_ON\":\"Other\",\"AREA\":\"Chelan Cherry Orchard\\tWheatfield Blocks\\tWheatfield Road\\tManson, Chelan County, WA\",\"RNUM\":\"100\"},{\"CASE_NUMBER\":\"H-300-14321-198839\",\"LASTMOD_DATE\":\"19-JUN-18\",\"JOB_ADDR1\":\"\",\"JOB_ADDR2\":\"\",\"JOB_CITY\":\"\",\"JOB_COUNTY\":\"\",\"JOB_STATE\":\"\",\"JOB_POSTCODE\":\"\",\"JOB_MULITPLESITES\":\"\",\"STATE_TERRITORY\":\"Washington\",\"AREA_BASED_ON\":\"Other\",\"AREA\":\"P & G\\tBelow Cooper\\tHighway 97 - P & G Road\\tBrewster, Okanogan County, WA\",\"RNUM\":\"101\"},{\"CASE_NUMBER\":\"H-300-14321-198839\",\"LASTMOD_DATE\":\"19-JUN-18\",\"JOB_ADDR1\":\"\",\"JOB_ADDR2\":\"\",\"JOB_CITY\":\"\",\"JOB_COUNTY\":\"\",\"JOB_STATE\":\"\",\"JOB_POSTCODE\":\"\",\"JOB_MULITPLESITES\":\"\",\"STATE_TERRITORY\":\"Washington\",\"AREA_BASED_ON\":\"Other\",\"AREA\":\"P & G\\t20 Granny\\tHighway 97 - P & G Road\\tBrewster, Okanogan County, WA\",\"RNUM\":\"102\"},{\"CASE_NUMBER\":\"H-300-14321-198839\",\"LASTMOD_DATE\":\"19-JUN-18\",\"JOB_ADDR1\":\"\",\"JOB_ADDR2\":\"\",\"JOB_CITY\":\"\",\"JOB_COUNTY\":\"\",\"JOB_STATE\":\"\",\"JOB_POSTCODE\":\"\",\"JOB_MULITPLESITES\":\"\",\"STATE_TERRITORY\":\"Washington\",\"AREA_BASED_ON\":\"Other\",\"AREA\":\"P & G\\t40 Granny\\tHighway 97 - P & G Road\\tBrewster, Okanogan County, WA\",\"RNUM\":\"103\"},{\"CASE_NUMBER\":\"H-300-14321-198839\",\"LASTMOD_DATE\":\"19-JUN-18\",\"JOB_ADDR1\":\"\",\"JOB_ADDR2\":\"\",\"JOB_CITY\":\"\",\"JOB_COUNTY\":\"\",\"JOB_STATE\":\"\",\"JOB_POSTCODE\":\"\",\"JOB_MULITPLESITES\":\"\",\"STATE_TERRITORY\":\"Washington\",\"AREA_BASED_ON\":\"Other\",\"AREA\":\"P & G\\tBehind Camp 2\\tHighway 97 - P & G Road\\tBrewster, Okanogan County, WA\",\"RNUM\":\"104\"},{\"CASE_NUMBER\":\"H-300-14321-198839\",\"LASTMOD_DATE\":\"19-JUN-18\",\"JOB_ADDR1\":\"\",\"JOB_ADDR2\":\"\",\"JOB_CITY\":\"\",\"JOB_COUNTY\":\"\",\"JOB_STATE\":\"\",\"JOB_POSTCODE\":\"\",\"JOB_MULITPLESITES\":\"\",\"STATE_TERRITORY\":\"Washington\",\"AREA_BASED_ON\":\"Other\",\"AREA\":\"P & G\\tBelow Rocks\\tHighway 97 - P & G Road\\tBrewster, Okanogan County, WA\",\"RNUM\":\"105\"},{\"CASE_NUMBER\":\"H-300-14321-198839\",\"LASTMOD_DATE\":\"19-JUN-18\",\"JOB_ADDR1\":\"\",\"JOB_ADDR2\":\"\",\"JOB_CITY\":\"\",\"JOB_COUNTY\":\"\",\"JOB_STATE\":\"\",\"JOB_POSTCODE\":\"\",\"JOB_MULITPLESITES\":\"\",\"STATE_TERRITORY\":\"Washington\",\"AREA_BASED_ON\":\"Other\",\"AREA\":\"P & G\\tBird Cage\\tHighway 97 - P & G Road\\tBrewster, Okanogan County, WA\",\"RNUM\":\"106\"},{\"CASE_NUMBER\":\"H-300-14321-198839\",\"LASTMOD_DATE\":\"19-JUN-18\",\"JOB_ADDR1\":\"\",\"JOB_ADDR2\":\"\",\"JOB_CITY\":\"\",\"JOB_COUNTY\":\"\",\"JOB_STATE\":\"\",\"JOB_POSTCODE\":\"\",\"JOB_MULITPLESITES\":\"\",\"STATE_TERRITORY\":\"Washington\",\"AREA_BASED_ON\":\"Other\",\"AREA\":\"P & G\\tBooster Pump\\tHighway 97 - P & G Road\\tBrewster, Okanogan County, WA\",\"RNUM\":\"107\"},{\"CASE_NUMBER\":\"H-300-14321-198839\",\"LASTMOD_DATE\":\"19-JUN-18\",\"JOB_ADDR1\":\"\",\"JOB_ADDR2\":\"\",\"JOB_CITY\":\"\",\"JOB_COUNTY\":\"\",\"JOB_STATE\":\"\",\"JOB_POSTCODE\":\"\",\"JOB_MULITPLESITES\":\"\",\"STATE_TERRITORY\":\"Washington\",\"AREA_BASED_ON\":\"Other\",\"AREA\":\"P & G\\tCamp 3\\tHighway 97 - P & G Road\\tBrewster, Okanogan County, WA\",\"RNUM\":\"108\"},{\"CASE_NUMBER\":\"H-300-14321-198839\",\"LASTMOD_DATE\":\"19-JUN-18\",\"JOB_ADDR1\":\"\",\"JOB_ADDR2\":\"\",\"JOB_CITY\":\"\",\"JOB_COUNTY\":\"\",\"JOB_STATE\":\"\",\"JOB_POSTCODE\":\"\",\"JOB_MULITPLESITES\":\"\",\"STATE_TERRITORY\":\"Washington\",\"AREA_BASED_ON\":\"Other\",\"AREA\":\"P & G\\tDanny McKie\\tHighway 97 - P & G Road\\tBrewster, Okanogan County, WA\",\"RNUM\":\"109\"},{\"CASE_NUMBER\":\"H-300-14321-198839\",\"LASTMOD_DATE\":\"19-JUN-18\",\"JOB_ADDR1\":\"\",\"JOB_ADDR2\":\"\",\"JOB_CITY\":\"\",\"JOB_COUNTY\":\"\",\"JOB_STATE\":\"\",\"JOB_POSTCODE\":\"\",\"JOB_MULITPLESITES\":\"\",\"STATE_TERRITORY\":\"Washington\",\"AREA_BASED_ON\":\"Other\",\"AREA\":\"P & G\\tEast of Pears\\tHighway 97 - P & G Road\\tBrewster, Okanogan County, WA\",\"RNUM\":\"110\"},{\"CASE_NUMBER\":\"H-300-14321-198839\",\"LASTMOD_DATE\":\"19-JUN-18\",\"JOB_ADDR1\":\"\",\"JOB_ADDR2\":\"\",\"JOB_CITY\":\"\",\"JOB_COUNTY\":\"\",\"JOB_STATE\":\"\",\"JOB_POSTCODE\":\"\",\"JOB_MULITPLESITES\":\"\",\"STATE_TERRITORY\":\"Washington\",\"AREA_BASED_ON\":\"Other\",\"AREA\":\"P & G\\tEntrance to P & G\\tHighway 97 - P & G Road\\tBrewster, Okanogan County, WA\",\"RNUM\":\"111\"},{\"CASE_NUMBER\":\"H-300-14321-198839\",\"LASTMOD_DATE\":\"19-JUN-18\",\"JOB_ADDR1\":\"\",\"JOB_ADDR2\":\"\",\"JOB_CITY\":\"\",\"JOB_COUNTY\":\"\",\"JOB_STATE\":\"\",\"JOB_POSTCODE\":\"\",\"JOB_MULITPLESITES\":\"\",\"STATE_TERRITORY\":\"Washington\",\"AREA_BASED_ON\":\"Other\",\"AREA\":\"P & G\\tFirst 20\\tHighway 97 - P & G Road\\tBrewster, Okanogan County, WA\",\"RNUM\":\"112\"},{\"CASE_NUMBER\":\"H-300-14321-198839\",\"LASTMOD_DATE\":\"19-JUN-18\",\"JOB_ADDR1\":\"\",\"JOB_ADDR2\":\"\",\"JOB_CITY\":\"\",\"JOB_COUNTY\":\"\",\"JOB_STATE\":\"\",\"JOB_POSTCODE\":\"\",\"JOB_MULITPLESITES\":\"\",\"STATE_TERRITORY\":\"Washington\",\"AREA_BASED_ON\":\"Other\",\"AREA\":\"P & G\\tFrench\\tHighway 97 - P & G Road\\tBrewster, Okanogan County, WA\",\"RNUM\":\"113\"},{\"CASE_NUMBER\":\"H-300-14321-198839\",\"LASTMOD_DATE\":\"19-JUN-18\",\"JOB_ADDR1\":\"\",\"JOB_ADDR2\":\"\",\"JOB_CITY\":\"\",\"JOB_COUNTY\":\"\",\"JOB_STATE\":\"\",\"JOB_POSTCODE\":\"\",\"JOB_MULITPLESITES\":\"\",\"STATE_TERRITORY\":\"Washington\",\"AREA_BASED_ON\":\"Other\",\"AREA\":\"P & G\\tGravel Pit\\tHighway 97 - P & G Road\\tBrewster, Okanogan County, WA\",\"RNUM\":\"114\"},{\"CASE_NUMBER\":\"H-300-14321-198839\",\"LASTMOD_DATE\":\"19-JUN-18\",\"JOB_ADDR1\":\"\",\"JOB_ADDR2\":\"\",\"JOB_CITY\":\"\",\"JOB_COUNTY\":\"\",\"JOB_STATE\":\"\",\"JOB_POSTCODE\":\"\",\"JOB_MULITPLESITES\":\"\",\"STATE_TERRITORY\":\"Washington\",\"AREA_BASED_ON\":\"Other\",\"AREA\":\"P and G\\tGravel Pit Bin Pile\\tHighway 97 - P & G Road\\tBrewster, Okanogan County, WA\",\"RNUM\":\"115\"},{\"CASE_NUMBER\":\"H-300-14321-198839\",\"LASTMOD_DATE\":\"19-JUN-18\",\"JOB_ADDR1\":\"\",\"JOB_ADDR2\":\"\",\"JOB_CITY\":\"\",\"JOB_COUNTY\":\"\",\"JOB_STATE\":\"\",\"JOB_POSTCODE\":\"\",\"JOB_MULITPLESITES\":\"\",\"STATE_TERRITORY\":\"Washington\",\"AREA_BASED_ON\":\"Other\",\"AREA\":\"P & G\\tHoward Reds\\tHighway 97 - P & G Road\\tBrewster, Okanogan County, WA\",\"RNUM\":\"116\"},{\"CASE_NUMBER\":\"H-300-14321-198839\",\"LASTMOD_DATE\":\"19-JUN-18\",\"JOB_ADDR1\":\"\",\"JOB_ADDR2\":\"\",\"JOB_CITY\":\"\",\"JOB_COUNTY\":\"\",\"JOB_STATE\":\"\",\"JOB_POSTCODE\":\"\",\"JOB_MULITPLESITES\":\"\",\"STATE_TERRITORY\":\"Washington\",\"AREA_BASED_ON\":\"Other\",\"AREA\":\"P & G\\tHuck\\tHighway 97 - P & G Road\\tBrewster, Okanogan County, WA\",\"RNUM\":\"117\"},{\"CASE_NUMBER\":\"H-300-14321-198839\",\"LASTMOD_DATE\":\"19-JUN-18\",\"JOB_ADDR1\":\"\",\"JOB_ADDR2\":\"\",\"JOB_CITY\":\"\",\"JOB_COUNTY\":\"\",\"JOB_STATE\":\"\",\"JOB_POSTCODE\":\"\",\"JOB_MULITPLESITES\":\"\",\"STATE_TERRITORY\":\"Washington\",\"AREA_BASED_ON\":\"Other\",\"AREA\":\"P & G\\tLarry Green\\tHighway 97 - P & G Road\\tBrewster, Okanogan County, WA\",\"RNUM\":\"118\"},{\"CASE_NUMBER\":\"H-300-14321-198839\",\"LASTMOD_DATE\":\"19-JUN-18\",\"JOB_ADDR1\":\"\",\"JOB_ADDR2\":\"\",\"JOB_CITY\":\"\",\"JOB_COUNTY\":\"\",\"JOB_STATE\":\"\",\"JOB_POSTCODE\":\"\",\"JOB_MULITPLESITES\":\"\",\"STATE_TERRITORY\":\"Washington\",\"AREA_BASED_ON\":\"Other\",\"AREA\":\"P & G\\tMix 10\\tHighway 97 - P & G Road\\tBrewster, Okanogan County, WA\",\"RNUM\":\"119\"},{\"CASE_NUMBER\":\"H-300-14321-198839\",\"LASTMOD_DATE\":\"19-JUN-18\",\"JOB_ADDR1\":\"\",\"JOB_ADDR2\":\"\",\"JOB_CITY\":\"\",\"JOB_COUNTY\":\"\",\"JOB_STATE\":\"\",\"JOB_POSTCODE\":\"\",\"JOB_MULITPLESITES\":\"\",\"STATE_TERRITORY\":\"Washington\",\"AREA_BASED_ON\":\"Other\",\"AREA\":\"P & G\\tNorth Gravel Pit\\tHighway 97 - P & G Road\\tBrewster, Okanogan County, WA\",\"RNUM\":\"120\"},{\"CASE_NUMBER\":\"H-300-14321-198839\",\"LASTMOD_DATE\":\"19-JUN-18\",\"JOB_ADDR1\":\"\",\"JOB_ADDR2\":\"\",\"JOB_CITY\":\"\",\"JOB_COUNTY\":\"\",\"JOB_STATE\":\"\",\"JOB_POSTCODE\":\"\",\"JOB_MULITPLESITES\":\"\",\"STATE_TERRITORY\":\"Washington\",\"AREA_BASED_ON\":\"Other\",\"AREA\":\"P & G\\tNorth of 80\\tHighway 97 - P & G Road\\tBrewster, Okanogan County, WA\",\"RNUM\":\"121\"},{\"CASE_NUMBER\":\"H-300-14321-198839\",\"LASTMOD_DATE\":\"19-JUN-18\",\"JOB_ADDR1\":\"\",\"JOB_ADDR2\":\"\",\"JOB_CITY\":\"\",\"JOB_COUNTY\":\"\",\"JOB_STATE\":\"\",\"JOB_POSTCODE\":\"\",\"JOB_MULITPLESITES\":\"\",\"STATE_TERRITORY\":\"Washington\",\"AREA_BASED_ON\":\"Other\",\"AREA\":\"P & G\\tNorth of Larry Green\\tHighway 97 - P & G Road\\tBrewster, Okanogan County, WA\",\"RNUM\":\"122\"},{\"CASE_NUMBER\":\"H-300-14321-198839\",\"LASTMOD_DATE\":\"19-JUN-18\",\"JOB_ADDR1\":\"\",\"JOB_ADDR2\":\"\",\"JOB_CITY\":\"\",\"JOB_COUNTY\":\"\",\"JOB_STATE\":\"\",\"JOB_POSTCODE\":\"\",\"JOB_MULITPLESITES\":\"\",\"STATE_TERRITORY\":\"Washington\",\"AREA_BASED_ON\":\"Other\",\"AREA\":\"P & G\\tNorth of Round House\\tHighway 97 - P & G Road\\tBrewster, Okanogan County, WA\",\"RNUM\":\"123\"},{\"CASE_NUMBER\":\"H-300-14321-198839\",\"LASTMOD_DATE\":\"19-JUN-18\",\"JOB_ADDR1\":\"\",\"JOB_ADDR2\":\"\",\"JOB_CITY\":\"\",\"JOB_COUNTY\":\"\",\"JOB_STATE\":\"\",\"JOB_POSTCODE\":\"\",\"JOB_MULITPLESITES\":\"\",\"STATE_TERRITORY\":\"Washington\",\"AREA_BASED_ON\":\"Other\",\"AREA\":\"P & G\\tOregon 10\\tHighway 97 - P & G Road\\tBrewster, Okanogan County, WA\",\"RNUM\":\"124\"},{\"CASE_NUMBER\":\"H-300-14321-198839\",\"LASTMOD_DATE\":\"19-JUN-18\",\"JOB_ADDR1\":\"\",\"JOB_ADDR2\":\"\",\"JOB_CITY\":\"\",\"JOB_COUNTY\":\"\",\"JOB_STATE\":\"\",\"JOB_POSTCODE\":\"\",\"JOB_MULITPLESITES\":\"\",\"STATE_TERRITORY\":\"Washington\",\"AREA_BASED_ON\":\"Other\",\"AREA\":\"P & G\\tP & G Cherry\\tHighway 97 - P & G Road\\tBrewster, Okanogan County, WA\",\"RNUM\":\"125\"},{\"CASE_NUMBER\":\"H-300-14321-198839\",\"LASTMOD_DATE\":\"19-JUN-18\",\"JOB_ADDR1\":\"\",\"JOB_ADDR2\":\"\",\"JOB_CITY\":\"\",\"JOB_COUNTY\":\"\",\"JOB_STATE\":\"\",\"JOB_POSTCODE\":\"\",\"JOB_MULITPLESITES\":\"\",\"STATE_TERRITORY\":\"Washington\",\"AREA_BASED_ON\":\"Other\",\"AREA\":\"P & G\\tPUD\\tHighway 97 - P & G Road\\tBrewster, Okanogan County, WA\",\"RNUM\":\"126\"},{\"CASE_NUMBER\":\"H-300-14321-198839\",\"LASTMOD_DATE\":\"19-JUN-18\",\"JOB_ADDR1\":\"\",\"JOB_ADDR2\":\"\",\"JOB_CITY\":\"\",\"JOB_COUNTY\":\"\",\"JOB_STATE\":\"\",\"JOB_POSTCODE\":\"\",\"JOB_MULITPLESITES\":\"\",\"STATE_TERRITORY\":\"Washington\",\"AREA_BASED_ON\":\"Other\",\"AREA\":\"P & G\\tReynolds\\tHighway 97 - P & G Road\\tBrewster, Okanogan County, WA\",\"RNUM\":\"127\"},{\"CASE_NUMBER\":\"H-300-14321-198839\",\"LASTMOD_DATE\":\"19-JUN-18\",\"JOB_ADDR1\":\"\",\"JOB_ADDR2\":\"\",\"JOB_CITY\":\"\",\"JOB_COUNTY\":\"\",\"JOB_STATE\":\"\",\"JOB_POSTCODE\":\"\",\"JOB_MULITPLESITES\":\"\",\"STATE_TERRITORY\":\"Washington\",\"AREA_BASED_ON\":\"Other\",\"AREA\":\"P & G\\tRocks\\tHighway 97 - P & G Road\\tBrewster, Okanogan County, WA\",\"RNUM\":\"128\"},{\"CASE_NUMBER\":\"H-300-14321-198839\",\"LASTMOD_DATE\":\"19-JUN-18\",\"JOB_ADDR1\":\"\",\"JOB_ADDR2\":\"\",\"JOB_CITY\":\"\",\"JOB_COUNTY\":\"\",\"JOB_STATE\":\"\",\"JOB_POSTCODE\":\"\",\"JOB_MULITPLESITES\":\"\",\"STATE_TERRITORY\":\"Washington\",\"AREA_BASED_ON\":\"Other\",\"AREA\":\"P & G\\tRound House\\tHighway 97 - P & G Road\\tBrewster, Okanogan County, WA\",\"RNUM\":\"129\"},{\"CASE_NUMBER\":\"H-300-14321-198839\",\"LASTMOD_DATE\":\"19-JUN-18\",\"JOB_ADDR1\":\"\",\"JOB_ADDR2\":\"\",\"JOB_CITY\":\"\",\"JOB_COUNTY\":\"\",\"JOB_STATE\":\"\",\"JOB_POSTCODE\":\"\",\"JOB_MULITPLESITES\":\"\",\"STATE_TERRITORY\":\"Washington\",\"AREA_BASED_ON\":\"Other\",\"AREA\":\"P & G\\tRyan 20\\tHighway 97 - P & G Road\\tBrewster, Okanogan County, WA\",\"RNUM\":\"130\"},{\"CASE_NUMBER\":\"H-300-14321-198839\",\"LASTMOD_DATE\":\"19-JUN-18\",\"JOB_ADDR1\":\"\",\"JOB_ADDR2\":\"\",\"JOB_CITY\":\"\",\"JOB_COUNTY\":\"\",\"JOB_STATE\":\"\",\"JOB_POSTCODE\":\"\",\"JOB_MULITPLESITES\":\"\",\"STATE_TERRITORY\":\"Washington\",\"AREA_BASED_ON\":\"Other\",\"AREA\":\"P & G\\tRyan 40\\tHighway 97 - P & G Road\\tBrewster, Okanogan County, WA\",\"RNUM\":\"131\"},{\"CASE_NUMBER\":\"H-300-14321-198839\",\"LASTMOD_DATE\":\"19-JUN-18\",\"JOB_ADDR1\":\"\",\"JOB_ADDR2\":\"\",\"JOB_CITY\":\"\",\"JOB_COUNTY\":\"\",\"JOB_STATE\":\"\",\"JOB_POSTCODE\":\"\",\"JOB_MULITPLESITES\":\"\",\"STATE_TERRITORY\":\"Washington\",\"AREA_BASED_ON\":\"Other\",\"AREA\":\"P & G\\tSick 10\\tHighway 97 - P & G Road\\tBrewster, Okanogan County, WA\",\"RNUM\":\"132\"},{\"CASE_NUMBER\":\"H-300-14321-198839\",\"LASTMOD_DATE\":\"19-JUN-18\",\"JOB_ADDR1\":\"\",\"JOB_ADDR2\":\"\",\"JOB_CITY\":\"\",\"JOB_COUNTY\":\"\",\"JOB_STATE\":\"\",\"JOB_POSTCODE\":\"\",\"JOB_MULITPLESITES\":\"\",\"STATE_TERRITORY\":\"Washington\",\"AREA_BASED_ON\":\"Other\",\"AREA\":\"P & G\\tSoccer Field\\tHighway 97 - P & G Road\\tBrewster, Okanogan County, WA\",\"RNUM\":\"133\"},{\"CASE_NUMBER\":\"H-300-14321-198839\",\"LASTMOD_DATE\":\"19-JUN-18\",\"JOB_ADDR1\":\"\",\"JOB_ADDR2\":\"\",\"JOB_CITY\":\"\",\"JOB_COUNTY\":\"\",\"JOB_STATE\":\"\",\"JOB_POSTCODE\":\"\",\"JOB_MULITPLESITES\":\"\",\"STATE_TERRITORY\":\"Washington\",\"AREA_BASED_ON\":\"Other\",\"AREA\":\"P & G\\tSouth of Larry Green\\tHighway 97 - P & G Road\\tBrewster, Okanogan County, WA\",\"RNUM\":\"134\"},{\"CASE_NUMBER\":\"H-300-14321-198839\",\"LASTMOD_DATE\":\"19-JUN-18\",\"JOB_ADDR1\":\"\",\"JOB_ADDR2\":\"\",\"JOB_CITY\":\"\",\"JOB_COUNTY\":\"\",\"JOB_STATE\":\"\",\"JOB_POSTCODE\":\"\",\"JOB_MULITPLESITES\":\"\",\"STATE_TERRITORY\":\"Washington\",\"AREA_BASED_ON\":\"Other\",\"AREA\":\"P & G\\tSouth of Round House\\tHighway 97 - P & G Road\\tBrewster, Okanogan County, WA\",\"RNUM\":\"135\"},{\"CASE_NUMBER\":\"H-300-14321-198839\",\"LASTMOD_DATE\":\"19-JUN-18\",\"JOB_ADDR1\":\"\",\"JOB_ADDR2\":\"\",\"JOB_CITY\":\"\",\"JOB_COUNTY\":\"\",\"JOB_STATE\":\"\",\"JOB_POSTCODE\":\"\",\"JOB_MULITPLESITES\":\"\",\"STATE_TERRITORY\":\"Washington\",\"AREA_BASED_ON\":\"Other\",\"AREA\":\"P & G\\tSouth Pit\\tHighway 97 - P & G Road\\tBrewster, Okanogan County, WA\",\"RNUM\":\"136\"},{\"CASE_NUMBER\":\"H-300-14321-198839\",\"LASTMOD_DATE\":\"19-JUN-18\",\"JOB_ADDR1\":\"\",\"JOB_ADDR2\":\"\",\"JOB_CITY\":\"\",\"JOB_COUNTY\":\"\",\"JOB_STATE\":\"\",\"JOB_POSTCODE\":\"\",\"JOB_MULITPLESITES\":\"\",\"STATE_TERRITORY\":\"Washington\",\"AREA_BASED_ON\":\"Other\",\"AREA\":\"P & G\\tSpartans\\tHighway 97 - P & G Road\\tBrewster, Okanogan County, WA\",\"RNUM\":\"137\"},{\"CASE_NUMBER\":\"H-300-14321-198839\",\"LASTMOD_DATE\":\"19-JUN-18\",\"JOB_ADDR1\":\"\",\"JOB_ADDR2\":\"\",\"JOB_CITY\":\"\",\"JOB_COUNTY\":\"\",\"JOB_STATE\":\"\",\"JOB_POSTCODE\":\"\",\"JOB_MULITPLESITES\":\"\",\"STATE_TERRITORY\":\"Washington\",\"AREA_BASED_ON\":\"Other\",\"AREA\":\"P & G\\tStorlie\\tHighway 97 - P & G Road\\tBrewster, Okanogan County, WA\",\"RNUM\":\"138\"},{\"CASE_NUMBER\":\"H-300-14321-198839\",\"LASTMOD_DATE\":\"19-JUN-18\",\"JOB_ADDR1\":\"\",\"JOB_ADDR2\":\"\",\"JOB_CITY\":\"\",\"JOB_COUNTY\":\"\",\"JOB_STATE\":\"\",\"JOB_POSTCODE\":\"\",\"JOB_MULITPLESITES\":\"\",\"STATE_TERRITORY\":\"Washington\",\"AREA_BASED_ON\":\"Other\",\"AREA\":\"P & G\\tThe 80\\tHighway 97 - P & G Road\\tBrewster, Okanogan County, WA\",\"RNUM\":\"139\"},{\"CASE_NUMBER\":\"H-300-14321-198839\",\"LASTMOD_DATE\":\"19-JUN-18\",\"JOB_ADDR1\":\"\",\"JOB_ADDR2\":\"\",\"JOB_CITY\":\"\",\"JOB_COUNTY\":\"\",\"JOB_STATE\":\"\",\"JOB_POSTCODE\":\"\",\"JOB_MULITPLESITES\":\"\",\"STATE_TERRITORY\":\"Washington\",\"AREA_BASED_ON\":\"Other\",\"AREA\":\"P & G\\tUpper PUD\\tHighway 97 - P & G Road\\tBrewster, Okanogan County, WA\",\"RNUM\":\"140\"},{\"CASE_NUMBER\":\"H-300-14321-198839\",\"LASTMOD_DATE\":\"19-JUN-18\",\"JOB_ADDR1\":\"\",\"JOB_ADDR2\":\"\",\"JOB_CITY\":\"\",\"JOB_COUNTY\":\"\",\"JOB_STATE\":\"\",\"JOB_POSTCODE\":\"\",\"JOB_MULITPLESITES\":\"\",\"STATE_TERRITORY\":\"Washington\",\"AREA_BASED_ON\":\"Other\",\"AREA\":\"P & G\\tWalsh\\tHighway 97 - P & G Road\\tBrewster, Okanogan County, WA\",\"RNUM\":\"141\"},{\"CASE_NUMBER\":\"H-300-14321-198839\",\"LASTMOD_DATE\":\"19-JUN-18\",\"JOB_ADDR1\":\"\",\"JOB_ADDR2\":\"\",\"JOB_CITY\":\"\",\"JOB_COUNTY\":\"\",\"JOB_STATE\":\"\",\"JOB_POSTCODE\":\"\",\"JOB_MULITPLESITES\":\"\",\"STATE_TERRITORY\":\"Washington\",\"AREA_BASED_ON\":\"Other\",\"AREA\":\"Knapp\\tBlue Pump\\tKnapp Hill Road\\tBrewster, Okanogan County, WA\",\"RNUM\":\"142\"},{\"CASE_NUMBER\":\"H-300-14321-198839\",\"LASTMOD_DATE\":\"19-JUN-18\",\"JOB_ADDR1\":\"\",\"JOB_ADDR2\":\"\",\"JOB_CITY\":\"\",\"JOB_COUNTY\":\"\",\"JOB_STATE\":\"\",\"JOB_POSTCODE\":\"\",\"JOB_MULITPLESITES\":\"\",\"STATE_TERRITORY\":\"Washington\",\"AREA_BASED_ON\":\"Other\",\"AREA\":\"Deer Farm\\tDeer Farm\\tLa Grange Road\\tBrewster, Okanogan County, WA\",\"RNUM\":\"143\"},{\"CASE_NUMBER\":\"H-300-14321-198839\",\"LASTMOD_DATE\":\"19-JUN-18\",\"JOB_ADDR1\":\"\",\"JOB_ADDR2\":\"\",\"JOB_CITY\":\"\",\"JOB_COUNTY\":\"\",\"JOB_STATE\":\"\",\"JOB_POSTCODE\":\"\",\"JOB_MULITPLESITES\":\"\",\"STATE_TERRITORY\":\"Washington\",\"AREA_BASED_ON\":\"Other\",\"AREA\":\"Hayfield\\tDowell\\tHighway 17\\tBrewster, Okanogan County, WA\",\"RNUM\":\"144\"},{\"CASE_NUMBER\":\"H-300-14321-198839\",\"LASTMOD_DATE\":\"19-JUN-18\",\"JOB_ADDR1\":\"\",\"JOB_ADDR2\":\"\",\"JOB_CITY\":\"\",\"JOB_COUNTY\":\"\",\"JOB_STATE\":\"\",\"JOB_POSTCODE\":\"\",\"JOB_MULITPLESITES\":\"\",\"STATE_TERRITORY\":\"Washington\",\"AREA_BASED_ON\":\"Other\",\"AREA\":\"Rodeo\\tDump\\tKing Rock Road\\tBrewster, Okanogan County, WA\",\"RNUM\":\"145\"},{\"CASE_NUMBER\":\"H-300-14321-198839\",\"LASTMOD_DATE\":\"19-JUN-18\",\"JOB_ADDR1\":\"\",\"JOB_ADDR2\":\"\",\"JOB_CITY\":\"\",\"JOB_COUNTY\":\"\",\"JOB_STATE\":\"\",\"JOB_POSTCODE\":\"\",\"JOB_MULITPLESITES\":\"\",\"STATE_TERRITORY\":\"Washington\",\"AREA_BASED_ON\":\"Other\",\"AREA\":\"Ed''s House\\tEd''s House\\tMonse River Road\\tBrewster, Okanogan County, WA\",\"RNUM\":\"146\"},{\"CASE_NUMBER\":\"H-300-14321-198839\",\"LASTMOD_DATE\":\"19-JUN-18\",\"JOB_ADDR1\":\"\",\"JOB_ADDR2\":\"\",\"JOB_CITY\":\"\",\"JOB_COUNTY\":\"\",\"JOB_STATE\":\"\",\"JOB_POSTCODE\":\"\",\"JOB_MULITPLESITES\":\"\",\"STATE_TERRITORY\":\"Washington\",\"AREA_BASED_ON\":\"Other\",\"AREA\":\"Hayfield\\tHayfield\\tHighway 17\\tBrewster, Okanogan County, WA\",\"RNUM\":\"147\"},{\"CASE_NUMBER\":\"H-300-14321-198839\",\"LASTMOD_DATE\":\"19-JUN-18\",\"JOB_ADDR1\":\"\",\"JOB_ADDR2\":\"\",\"JOB_CITY\":\"\",\"JOB_COUNTY\":\"\",\"JOB_STATE\":\"\",\"JOB_POSTCODE\":\"\",\"JOB_MULITPLESITES\":\"\",\"STATE_TERRITORY\":\"Washington\",\"AREA_BASED_ON\":\"Other\",\"AREA\":\"Hwy 17\\tHighway 17\\tHighway 17\\tBrewster, Okanogan County, WA\",\"RNUM\":\"148\"},{\"CASE_NUMBER\":\"H-300-14321-198839\",\"LASTMOD_DATE\":\"19-JUN-18\",\"JOB_ADDR1\":\"\",\"JOB_ADDR2\":\"\",\"JOB_CITY\":\"\",\"JOB_COUNTY\":\"\",\"JOB_STATE\":\"\",\"JOB_POSTCODE\":\"\",\"JOB_MULITPLESITES\":\"\",\"STATE_TERRITORY\":\"Washington\",\"AREA_BASED_ON\":\"Other\",\"AREA\":\"John''s House\\tJohn''s House\\tLa Grange Road\\tBrewster, Okanogan County, WA\",\"RNUM\":\"149\"},{\"CASE_NUMBER\":\"H-300-14321-198839\",\"LASTMOD_DATE\":\"19-JUN-18\",\"JOB_ADDR1\":\"\",\"JOB_ADDR2\":\"\",\"JOB_CITY\":\"\",\"JOB_COUNTY\":\"\",\"JOB_STATE\":\"\",\"JOB_POSTCODE\":\"\",\"JOB_MULITPLESITES\":\"\",\"STATE_TERRITORY\":\"Washington\",\"AREA_BASED_ON\":\"Other\",\"AREA\":\"HWY 17\\tRed Pipe\\tHwy 17\\tBrewster, Okanogan County, WA\",\"RNUM\":\"150\"},{\"CASE_NUMBER\":\"H-300-14321-198839\",\"LASTMOD_DATE\":\"19-JUN-18\",\"JOB_ADDR1\":\"\",\"JOB_ADDR2\":\"\",\"JOB_CITY\":\"\",\"JOB_COUNTY\":\"\",\"JOB_STATE\":\"\",\"JOB_POSTCODE\":\"\",\"JOB_MULITPLESITES\":\"\",\"STATE_TERRITORY\":\"Washington\",\"AREA_BASED_ON\":\"Other\",\"AREA\":\"Comsat\\tYoung Scarlett Hill\\tVerestar Road\\tBrewster, Okanogan County, WA\",\"RNUM\":\"151\"},{\"CASE_NUMBER\":\"H-300-14321-198839\",\"LASTMOD_DATE\":\"19-JUN-18\",\"JOB_ADDR1\":\"\",\"JOB_ADDR2\":\"\",\"JOB_CITY\":\"\",\"JOB_COUNTY\":\"\",\"JOB_STATE\":\"\",\"JOB_POSTCODE\":\"\",\"JOB_MULITPLESITES\":\"\",\"STATE_TERRITORY\":\"Washington\",\"AREA_BASED_ON\":\"Other\",\"AREA\":\"P & G\\t10 Granny\\tHighway 97 - P & G Road\\tBrewster, Okanogan County, WA\",\"RNUM\":\"152\"},{\"CASE_NUMBER\":\"H-300-14321-198839\",\"LASTMOD_DATE\":\"19-JUN-18\",\"JOB_ADDR1\":\"\",\"JOB_ADDR2\":\"\",\"JOB_CITY\":\"\",\"JOB_COUNTY\":\"\",\"JOB_STATE\":\"\",\"JOB_POSTCODE\":\"\",\"JOB_MULITPLESITES\":\"\",\"STATE_TERRITORY\":\"Washington\",\"AREA_BASED_ON\":\"Other\",\"AREA\":\"Knapp\\tOld Pear\\tKnapp Hill Rd.\\tBrewster, Okanogan County, WA\",\"RNUM\":\"153\"},{\"CASE_NUMBER\":\"H-300-14321-198839\",\"LASTMOD_DATE\":\"19-JUN-18\",\"JOB_ADDR1\":\"\",\"JOB_ADDR2\":\"\",\"JOB_CITY\":\"\",\"JOB_COUNTY\":\"\",\"JOB_STATE\":\"\",\"JOB_POSTCODE\":\"\",\"JOB_MULITPLESITES\":\"\",\"STATE_TERRITORY\":\"Washington\",\"AREA_BASED_ON\":\"Other\",\"AREA\":\"Rodeo\\tPapalote\\tKing Rock Road\\tBrewster, Okanogan County, WA\",\"RNUM\":\"154\"},{\"CASE_NUMBER\":\"H-300-14321-198839\",\"LASTMOD_DATE\":\"19-JUN-18\",\"JOB_ADDR1\":\"\",\"JOB_ADDR2\":\"\",\"JOB_CITY\":\"\",\"JOB_COUNTY\":\"\",\"JOB_STATE\":\"\",\"JOB_POSTCODE\":\"\",\"JOB_MULITPLESITES\":\"\",\"STATE_TERRITORY\":\"Washington\",\"AREA_BASED_ON\":\"Other\",\"AREA\":\"Hayfield\\tParsons\\tHighway 17\\tBrewster, Okanogan County, WA\",\"RNUM\":\"155\"},{\"CASE_NUMBER\":\"H-300-14321-198839\",\"LASTMOD_DATE\":\"19-JUN-18\",\"JOB_ADDR1\":\"\",\"JOB_ADDR2\":\"\",\"JOB_CITY\":\"\",\"JOB_COUNTY\":\"\",\"JOB_STATE\":\"\",\"JOB_POSTCODE\":\"\",\"JOB_MULITPLESITES\":\"\",\"STATE_TERRITORY\":\"Washington\",\"AREA_BASED_ON\":\"Other\",\"AREA\":\"Rodeo\\tRodeo Camp\\tKing Rock Road\\tBrewster, Okanogan County, WA\",\"RNUM\":\"156\"},{\"CASE_NUMBER\":\"H-300-14321-198839\",\"LASTMOD_DATE\":\"19-JUN-18\",\"JOB_ADDR1\":\"\",\"JOB_ADDR2\":\"\",\"JOB_CITY\":\"\",\"JOB_COUNTY\":\"\",\"JOB_STATE\":\"\",\"JOB_POSTCODE\":\"\",\"JOB_MULITPLESITES\":\"\",\"STATE_TERRITORY\":\"Washington\",\"AREA_BASED_ON\":\"Other\",\"AREA\":\"Rodeo\\tRodeo Point Apples\\tKing Rock Road\\tBrewster, Okanogan County, WA\",\"RNUM\":\"157\"},{\"CASE_NUMBER\":\"H-300-14321-198839\",\"LASTMOD_DATE\":\"19-JUN-18\",\"JOB_ADDR1\":\"\",\"JOB_ADDR2\":\"\",\"JOB_CITY\":\"\",\"JOB_COUNTY\":\"\",\"JOB_STATE\":\"\",\"JOB_POSTCODE\":\"\",\"JOB_MULITPLESITES\":\"\",\"STATE_TERRITORY\":\"Washington\",\"AREA_BASED_ON\":\"Other\",\"AREA\":\"Rodeo\\tRodeo Point Cherry\\tKing Rock Road\\tBrewster, Okanogan County, WA\",\"RNUM\":\"158\"},{\"CASE_NUMBER\":\"H-300-14321-198839\",\"LASTMOD_DATE\":\"19-JUN-18\",\"JOB_ADDR1\":\"\",\"JOB_ADDR2\":\"\",\"JOB_CITY\":\"\",\"JOB_COUNTY\":\"\",\"JOB_STATE\":\"\",\"JOB_POSTCODE\":\"\",\"JOB_MULITPLESITES\":\"\",\"STATE_TERRITORY\":\"Washington\",\"AREA_BASED_ON\":\"Other\",\"AREA\":\"John''s Farm\\tCheifpoint\\tLa Grange Road\\tBrewster, Okanogan County, WA\",\"RNUM\":\"159\"},{\"CASE_NUMBER\":\"H-300-14321-198839\",\"LASTMOD_DATE\":\"19-JUN-18\",\"JOB_ADDR1\":\"\",\"JOB_ADDR2\":\"\",\"JOB_CITY\":\"\",\"JOB_COUNTY\":\"\",\"JOB_STATE\":\"\",\"JOB_POSTCODE\":\"\",\"JOB_MULITPLESITES\":\"\",\"STATE_TERRITORY\":\"Washington\",\"AREA_BASED_ON\":\"Other\",\"AREA\":\"John''s Farm\\tLower Orchard\\tLa Grange Road\\tBrewster, Okanogan County, WA\",\"RNUM\":\"160\"},{\"CASE_NUMBER\":\"H-300-14321-198839\",\"LASTMOD_DATE\":\"19-JUN-18\",\"JOB_ADDR1\":\"\",\"JOB_ADDR2\":\"\",\"JOB_CITY\":\"\",\"JOB_COUNTY\":\"\",\"JOB_STATE\":\"\",\"JOB_POSTCODE\":\"\",\"JOB_MULITPLESITES\":\"\",\"STATE_TERRITORY\":\"Washington\",\"AREA_BASED_ON\":\"Other\",\"AREA\":\"John''s Farm\\tNorth 50\\tLa Grange Road\\tBrewster, Okanogan County, WA\",\"RNUM\":\"161\"},{\"CASE_NUMBER\":\"H-300-14321-198839\",\"LASTMOD_DATE\":\"19-JUN-18\",\"JOB_ADDR1\":\"\",\"JOB_ADDR2\":\"\",\"JOB_CITY\":\"\",\"JOB_COUNTY\":\"\",\"JOB_STATE\":\"\",\"JOB_POSTCODE\":\"\",\"JOB_MULITPLESITES\":\"\",\"STATE_TERRITORY\":\"Washington\",\"AREA_BASED_ON\":\"Other\",\"AREA\":\"John''s Farm\\tUpper Orchard\\tLa Grange Road\\tBrewster, Okanogan County, WA\",\"RNUM\":\"162\"},{\"CASE_NUMBER\":\"H-300-14321-198839\",\"LASTMOD_DATE\":\"19-JUN-18\",\"JOB_ADDR1\":\"\",\"JOB_ADDR2\":\"\",\"JOB_CITY\":\"\",\"JOB_COUNTY\":\"\",\"JOB_STATE\":\"\",\"JOB_POSTCODE\":\"\",\"JOB_MULITPLESITES\":\"\",\"STATE_TERRITORY\":\"Washington\",\"AREA_BASED_ON\":\"Other\",\"AREA\":\"Buckhorn Orchards\\tBar\\tHwy 173\\tBridgeport, Douglas County, WA\",\"RNUM\":\"163\"},{\"CASE_NUMBER\":\"H-300-14321-198839\",\"LASTMOD_DATE\":\"19-JUN-18\",\"JOB_ADDR1\":\"\",\"JOB_ADDR2\":\"\",\"JOB_CITY\":\"\",\"JOB_COUNTY\":\"\",\"JOB_STATE\":\"\",\"JOB_POSTCODE\":\"\",\"JOB_MULITPLESITES\":\"\",\"STATE_TERRITORY\":\"Washington\",\"AREA_BASED_ON\":\"Other\",\"AREA\":\"Buckhorn Orchards\\tHeintz\\tHWY 97\\tPateros, Okanogan County, WA\",\"RNUM\":\"164\"},{\"CASE_NUMBER\":\"H-300-14321-198839\",\"LASTMOD_DATE\":\"19-JUN-18\",\"JOB_ADDR1\":\"\",\"JOB_ADDR2\":\"\",\"JOB_CITY\":\"\",\"JOB_COUNTY\":\"\",\"JOB_STATE\":\"\",\"JOB_POSTCODE\":\"\",\"JOB_MULITPLESITES\":\"\",\"STATE_TERRITORY\":\"Washington\",\"AREA_BASED_ON\":\"Other\",\"AREA\":\"Buckhorn Orchards\\tHilltop  West\\tHWY 97\\tPateros, Okanogan County, WA\",\"RNUM\":\"165\"},{\"CASE_NUMBER\":\"H-300-14321-198839\",\"LASTMOD_DATE\":\"19-JUN-18\",\"JOB_ADDR1\":\"\",\"JOB_ADDR2\":\"\",\"JOB_CITY\":\"\",\"JOB_COUNTY\":\"\",\"JOB_STATE\":\"\",\"JOB_POSTCODE\":\"\",\"JOB_MULITPLESITES\":\"\",\"STATE_TERRITORY\":\"Washington\",\"AREA_BASED_ON\":\"Other\",\"AREA\":\"Buckhorn Orchards\\tHilltop 100\\tHWY 97\\tPateros, Okanogan County, WA\",\"RNUM\":\"166\"},{\"CASE_NUMBER\":\"H-300-14321-198839\",\"LASTMOD_DATE\":\"19-JUN-18\",\"JOB_ADDR1\":\"\",\"JOB_ADDR2\":\"\",\"JOB_CITY\":\"\",\"JOB_COUNTY\":\"\",\"JOB_STATE\":\"\",\"JOB_POSTCODE\":\"\",\"JOB_MULITPLESITES\":\"\",\"STATE_TERRITORY\":\"Washington\",\"AREA_BASED_ON\":\"Other\",\"AREA\":\"Buckhorn Orchards\\tHilltop 24\\tHWY 97\\tPateros, Okanogan County, WA\",\"RNUM\":\"167\"},{\"CASE_NUMBER\":\"H-300-14321-198839\",\"LASTMOD_DATE\":\"19-JUN-18\",\"JOB_ADDR1\":\"\",\"JOB_ADDR2\":\"\",\"JOB_CITY\":\"\",\"JOB_COUNTY\":\"\",\"JOB_STATE\":\"\",\"JOB_POSTCODE\":\"\",\"JOB_MULITPLESITES\":\"\",\"STATE_TERRITORY\":\"Washington\",\"AREA_BASED_ON\":\"Other\",\"AREA\":\"Buckhorn Orchards\\tIndian Block\\tHWY 97\\tPateros, Okanogan County, WA\",\"RNUM\":\"168\"},{\"CASE_NUMBER\":\"H-300-14321-198839\",\"LASTMOD_DATE\":\"19-JUN-18\",\"JOB_ADDR1\":\"\",\"JOB_ADDR2\":\"\",\"JOB_CITY\":\"\",\"JOB_COUNTY\":\"\",\"JOB_STATE\":\"\",\"JOB_POSTCODE\":\"\",\"JOB_MULITPLESITES\":\"\",\"STATE_TERRITORY\":\"Washington\",\"AREA_BASED_ON\":\"Other\",\"AREA\":\"Buckhorn Orchards\\tJN Block\\tHWY 97 N of Brewster\\tPateros, Okanogan County, WA\",\"RNUM\":\"169\"},{\"CASE_NUMBER\":\"H-300-14321-198839\",\"LASTMOD_DATE\":\"19-JUN-18\",\"JOB_ADDR1\":\"\",\"JOB_ADDR2\":\"\",\"JOB_CITY\":\"\",\"JOB_COUNTY\":\"\",\"JOB_STATE\":\"\",\"JOB_POSTCODE\":\"\",\"JOB_MULITPLESITES\":\"\",\"STATE_TERRITORY\":\"Washington\",\"AREA_BASED_ON\":\"Other\",\"AREA\":\"Methow Area\\tLightning Hawk\\tHwy 153\\tPateros, Okanogan County, WA\",\"RNUM\":\"170\"},{\"CASE_NUMBER\":\"H-300-14321-198839\",\"LASTMOD_DATE\":\"19-JUN-18\",\"JOB_ADDR1\":\"\",\"JOB_ADDR2\":\"\",\"JOB_CITY\":\"\",\"JOB_COUNTY\":\"\",\"JOB_STATE\":\"\",\"JOB_POSTCODE\":\"\",\"JOB_MULITPLESITES\":\"\",\"STATE_TERRITORY\":\"Washington\",\"AREA_BASED_ON\":\"Other\",\"AREA\":\"Buckhorn Orchards\\tMurray\\tHwy 153\\tPateros, Okanogan County, WA\",\"RNUM\":\"171\"},{\"CASE_NUMBER\":\"H-300-14321-198839\",\"LASTMOD_DATE\":\"19-JUN-18\",\"JOB_ADDR1\":\"\",\"JOB_ADDR2\":\"\",\"JOB_CITY\":\"\",\"JOB_COUNTY\":\"\",\"JOB_STATE\":\"\",\"JOB_POSTCODE\":\"\",\"JOB_MULITPLESITES\":\"\",\"STATE_TERRITORY\":\"Washington\",\"AREA_BASED_ON\":\"Other\",\"AREA\":\"Buckhorn Orchards\\tRenner\\tHWY 97\\tPateros, Okanogan County, WA\",\"RNUM\":\"172\"},{\"CASE_NUMBER\":\"H-300-14321-198839\",\"LASTMOD_DATE\":\"19-JUN-18\",\"JOB_ADDR1\":\"\",\"JOB_ADDR2\":\"\",\"JOB_CITY\":\"\",\"JOB_COUNTY\":\"\",\"JOB_STATE\":\"\",\"JOB_POSTCODE\":\"\",\"JOB_MULITPLESITES\":\"\",\"STATE_TERRITORY\":\"Washington\",\"AREA_BASED_ON\":\"Other\",\"AREA\":\"Buckhorn Orchards\\tRiver Block\\tHWY 97\\tPateros, Okanogan County, WA\",\"RNUM\":\"173\"},{\"CASE_NUMBER\":\"H-300-14321-198839\",\"LASTMOD_DATE\":\"19-JUN-18\",\"JOB_ADDR1\":\"\",\"JOB_ADDR2\":\"\",\"JOB_CITY\":\"\",\"JOB_COUNTY\":\"\",\"JOB_STATE\":\"\",\"JOB_POSTCODE\":\"\",\"JOB_MULITPLESITES\":\"\",\"STATE_TERRITORY\":\"Washington\",\"AREA_BASED_ON\":\"Other\",\"AREA\":\"Methow Area\\tVeda Poirier Home Place\\tHwy 153\\tPateros, Okanogan County, WA\",\"RNUM\":\"174\"},{\"CASE_NUMBER\":\"H-300-14321-198839\",\"LASTMOD_DATE\":\"19-JUN-18\",\"JOB_ADDR1\":\"\",\"JOB_ADDR2\":\"\",\"JOB_CITY\":\"\",\"JOB_COUNTY\":\"\",\"JOB_STATE\":\"\",\"JOB_POSTCODE\":\"\",\"JOB_MULITPLESITES\":\"\",\"STATE_TERRITORY\":\"Washington\",\"AREA_BASED_ON\":\"Other\",\"AREA\":\"Methow Area\\tWoods\\tHwy 153\\tPateros, Okanogan County, WA\",\"RNUM\":\"175\"},{\"CASE_NUMBER\":\"H-300-14321-198839\",\"LASTMOD_DATE\":\"19-JUN-18\",\"JOB_ADDR1\":\"\",\"JOB_ADDR2\":\"\",\"JOB_CITY\":\"\",\"JOB_COUNTY\":\"\",\"JOB_STATE\":\"\",\"JOB_POSTCODE\":\"\",\"JOB_MULITPLESITES\":\"\",\"STATE_TERRITORY\":\"Washington\",\"AREA_BASED_ON\":\"Other\",\"AREA\":\"Brewster Flat\\tBaby Jenkins\\tMax Goehry Road\\tBrewster, Okanogan County, WA\",\"RNUM\":\"176\"},{\"CASE_NUMBER\":\"H-300-14321-198839\",\"LASTMOD_DATE\":\"19-JUN-18\",\"JOB_ADDR1\":\"\",\"JOB_ADDR2\":\"\",\"JOB_CITY\":\"\",\"JOB_COUNTY\":\"\",\"JOB_STATE\":\"\",\"JOB_POSTCODE\":\"\",\"JOB_MULITPLESITES\":\"\",\"STATE_TERRITORY\":\"Washington\",\"AREA_BASED_ON\":\"Other\",\"AREA\":\"Lower P&G Area, 7 Rows, One Gebbers Lane, Brewster, Okanogan County, WA\",\"RNUM\":\"177\"},{\"CASE_NUMBER\":\"H-300-14321-198839\",\"LASTMOD_DATE\":\"19-JUN-18\",\"JOB_ADDR1\":\"\",\"JOB_ADDR2\":\"\",\"JOB_CITY\":\"\",\"JOB_COUNTY\":\"\",\"JOB_STATE\":\"\",\"JOB_POSTCODE\":\"\",\"JOB_MULITPLESITES\":\"\",\"STATE_TERRITORY\":\"Washington\",\"AREA_BASED_ON\":\"Other\",\"AREA\":\"Knapp Ranch,Above Canyon, Knapp Hill Road, Brewster, Okanogan County, WA\",\"RNUM\":\"178\"},{\"CASE_NUMBER\":\"H-300-14321-198839\",\"LASTMOD_DATE\":\"19-JUN-18\",\"JOB_ADDR1\":\"\",\"JOB_ADDR2\":\"\",\"JOB_CITY\":\"\",\"JOB_COUNTY\":\"\",\"JOB_STATE\":\"\",\"JOB_POSTCODE\":\"\",\"JOB_MULITPLESITES\":\"\",\"STATE_TERRITORY\":\"Washington\",\"AREA_BASED_ON\":\"Other\",\"AREA\":\"Crazy Rapids\\tAbove Tracks - Winter Damage\\tCrazy Rapids\\tBrewster, Okanogan County, WA\",\"RNUM\":\"181\"},{\"CASE_NUMBER\":\"H-300-14321-198839\",\"LASTMOD_DATE\":\"19-JUN-18\",\"JOB_ADDR1\":\"\",\"JOB_ADDR2\":\"\",\"JOB_CITY\":\"\",\"JOB_COUNTY\":\"\",\"JOB_STATE\":\"\",\"JOB_POSTCODE\":\"\",\"JOB_MULITPLESITES\":\"\",\"STATE_TERRITORY\":\"Washington\",\"AREA_BASED_ON\":\"Other\",\"AREA\":\"Lower P&G Area\\tAirport\\tOne Gebbers Lane\\tBrewster, Okanogan County, WA\",\"RNUM\":\"182\"},{\"CASE_NUMBER\":\"H-300-14321-198839\",\"LASTMOD_DATE\":\"19-JUN-18\",\"JOB_ADDR1\":\"\",\"JOB_ADDR2\":\"\",\"JOB_CITY\":\"\",\"JOB_COUNTY\":\"\",\"JOB_STATE\":\"\",\"JOB_POSTCODE\":\"\",\"JOB_MULITPLESITES\":\"\",\"STATE_TERRITORY\":\"Washington\",\"AREA_BASED_ON\":\"Other\",\"AREA\":\"Brewster Flat\\tAlvino''s House\\tPioneer Road\\tBrewster, Okanogan County, WA\",\"RNUM\":\"183\"},{\"CASE_NUMBER\":\"H-300-14321-198839\",\"LASTMOD_DATE\":\"19-JUN-18\",\"JOB_ADDR1\":\"\",\"JOB_ADDR2\":\"\",\"JOB_CITY\":\"\",\"JOB_COUNTY\":\"\",\"JOB_STATE\":\"\",\"JOB_POSTCODE\":\"\",\"JOB_MULITPLESITES\":\"\",\"STATE_TERRITORY\":\"Washington\",\"AREA_BASED_ON\":\"Other\",\"AREA\":\"Barroca\\tBarroca Lease\\tPine Creek RD\\tTonasket, Okanogan County, WA\",\"RNUM\":\"184\"},{\"CASE_NUMBER\":\"H-300-14321-198839\",\"LASTMOD_DATE\":\"19-JUN-18\",\"JOB_ADDR1\":\"\",\"JOB_ADDR2\":\"\",\"JOB_CITY\":\"\",\"JOB_COUNTY\":\"\",\"JOB_STATE\":\"\",\"JOB_POSTCODE\":\"\",\"JOB_MULITPLESITES\":\"\",\"STATE_TERRITORY\":\"Washington\",\"AREA_BASED_ON\":\"Other\",\"AREA\":\"Chelan Cherry Orchard\\tBehind Shack\\tSki Hill Drive\\tManson, Chelan County, WA\",\"RNUM\":\"185\"},{\"CASE_NUMBER\":\"H-300-14321-198839\",\"LASTMOD_DATE\":\"19-JUN-18\",\"JOB_ADDR1\":\"\",\"JOB_ADDR2\":\"\",\"JOB_CITY\":\"\",\"JOB_COUNTY\":\"\",\"JOB_STATE\":\"\",\"JOB_POSTCODE\":\"\",\"JOB_MULITPLESITES\":\"\",\"STATE_TERRITORY\":\"Washington\",\"AREA_BASED_ON\":\"Other\",\"AREA\":\"Bridgeport Bar\\tBerry\\tShrabble Corner, Hwy 117\\tBridgeport, Douglas County, WA\",\"RNUM\":\"186\"},{\"CASE_NUMBER\":\"H-300-14321-198839\",\"LASTMOD_DATE\":\"19-JUN-18\",\"JOB_ADDR1\":\"\",\"JOB_ADDR2\":\"\",\"JOB_CITY\":\"\",\"JOB_COUNTY\":\"\",\"JOB_STATE\":\"\",\"JOB_POSTCODE\":\"\",\"JOB_MULITPLESITES\":\"\",\"STATE_TERRITORY\":\"Washington\",\"AREA_BASED_ON\":\"Other\",\"AREA\":\"Sand Dunes\\tBetween Highway and Railroads\\tHighway 97\\tBrewster, Okanogan County, WA\",\"RNUM\":\"187\"},{\"CASE_NUMBER\":\"H-300-14321-198839\",\"LASTMOD_DATE\":\"19-JUN-18\",\"JOB_ADDR1\":\"\",\"JOB_ADDR2\":\"\",\"JOB_CITY\":\"\",\"JOB_COUNTY\":\"\",\"JOB_STATE\":\"\",\"JOB_POSTCODE\":\"\",\"JOB_MULITPLESITES\":\"\",\"STATE_TERRITORY\":\"Washington\",\"AREA_BASED_ON\":\"Other\",\"AREA\":\"Brewster Flat\\tBetween Hwy''s\\tOld Hwy 97 & new Hwy 97\\tBrewster, Okanogan County, WA\",\"RNUM\":\"188\"},{\"CASE_NUMBER\":\"H-300-14321-198839\",\"LASTMOD_DATE\":\"19-JUN-18\",\"JOB_ADDR1\":\"\",\"JOB_ADDR2\":\"\",\"JOB_CITY\":\"\",\"JOB_COUNTY\":\"\",\"JOB_STATE\":\"\",\"JOB_POSTCODE\":\"\",\"JOB_MULITPLESITES\":\"\",\"STATE_TERRITORY\":\"Washington\",\"AREA_BASED_ON\":\"Other\",\"AREA\":\"Lower P&G Area\\tBig Granny\\tOne Gebbers Lane\\tBrewster, Okanogan County, WA\",\"RNUM\":\"189\"},{\"CASE_NUMBER\":\"H-300-14321-198839\",\"LASTMOD_DATE\":\"19-JUN-18\",\"JOB_ADDR1\":\"\",\"JOB_ADDR2\":\"\",\"JOB_CITY\":\"\",\"JOB_COUNTY\":\"\",\"JOB_STATE\":\"\",\"JOB_POSTCODE\":\"\",\"JOB_MULITPLESITES\":\"\",\"STATE_TERRITORY\":\"Washington\",\"AREA_BASED_ON\":\"Other\",\"AREA\":\"Snyder Flats\\tBig Root\\tKnapp Hill Rd.\\tBrewster, Okanogan County, WA\",\"RNUM\":\"190\"},{\"CASE_NUMBER\":\"H-300-14321-198839\",\"LASTMOD_DATE\":\"19-JUN-18\",\"JOB_ADDR1\":\"\",\"JOB_ADDR2\":\"\",\"JOB_CITY\":\"\",\"JOB_COUNTY\":\"\",\"JOB_STATE\":\"\",\"JOB_POSTCODE\":\"\",\"JOB_MULITPLESITES\":\"\",\"STATE_TERRITORY\":\"Washington\",\"AREA_BASED_ON\":\"Other\",\"AREA\":\"Brewster Flat\\tBisbee area\\tMax Goehry Road\\tBrewster, Okanogan County, WA\",\"RNUM\":\"191\"},{\"CASE_NUMBER\":\"H-300-14321-198839\",\"LASTMOD_DATE\":\"19-JUN-18\",\"JOB_ADDR1\":\"\",\"JOB_ADDR2\":\"\",\"JOB_CITY\":\"\",\"JOB_COUNTY\":\"\",\"JOB_STATE\":\"\",\"JOB_POSTCODE\":\"\",\"JOB_MULITPLESITES\":\"\",\"STATE_TERRITORY\":\"Washington\",\"AREA_BASED_ON\":\"Other\",\"AREA\":\"Brewster Flat\\tBisbee Bin Pile\\tMax Goehry Road\\tBrewster, Okanogan County, WA\",\"RNUM\":\"192\"},{\"CASE_NUMBER\":\"H-300-14321-198839\",\"LASTMOD_DATE\":\"19-JUN-18\",\"JOB_ADDR1\":\"\",\"JOB_ADDR2\":\"\",\"JOB_CITY\":\"\",\"JOB_COUNTY\":\"\",\"JOB_STATE\":\"\",\"JOB_POSTCODE\":\"\",\"JOB_MULITPLESITES\":\"\",\"STATE_TERRITORY\":\"Washington\",\"AREA_BASED_ON\":\"Other\",\"AREA\":\"Crazy Rapids\\tBordner\\tCrazy Rapids\\tBrewster, Okanogan County, WA\",\"RNUM\":\"193\"},{\"CASE_NUMBER\":\"H-300-14321-198839\",\"LASTMOD_DATE\":\"19-JUN-18\",\"JOB_ADDR1\":\"\",\"JOB_ADDR2\":\"\",\"JOB_CITY\":\"\",\"JOB_COUNTY\":\"\",\"JOB_STATE\":\"\",\"JOB_POSTCODE\":\"\",\"JOB_MULITPLESITES\":\"\",\"STATE_TERRITORY\":\"Washington\",\"AREA_BASED_ON\":\"Other\",\"AREA\":\"Bridgeport Farms\\tBridgeport - BIA Lease\\tHwy 17\\tBrewster, Okanogan County, WA\",\"RNUM\":\"194\"},{\"CASE_NUMBER\":\"H-300-14321-198839\",\"LASTMOD_DATE\":\"19-JUN-18\",\"JOB_ADDR1\":\"\",\"JOB_ADDR2\":\"\",\"JOB_CITY\":\"\",\"JOB_COUNTY\":\"\",\"JOB_STATE\":\"\",\"JOB_POSTCODE\":\"\",\"JOB_MULITPLESITES\":\"\",\"STATE_TERRITORY\":\"Washington\",\"AREA_BASED_ON\":\"Other\",\"AREA\":\"Bridgeport Farms\\tBridgeport Deeded\\tHwy 17\\tBrewster, Okanogan County, WA\",\"RNUM\":\"195\"},{\"CASE_NUMBER\":\"H-300-14321-198839\",\"LASTMOD_DATE\":\"19-JUN-18\",\"JOB_ADDR1\":\"\",\"JOB_ADDR2\":\"\",\"JOB_CITY\":\"\",\"JOB_COUNTY\":\"\",\"JOB_STATE\":\"\",\"JOB_POSTCODE\":\"\",\"JOB_MULITPLESITES\":\"\",\"STATE_TERRITORY\":\"Washington\",\"AREA_BASED_ON\":\"Other\",\"AREA\":\"Snyder Flats\\tCanyon Cherries\\tKnapp Hill Rd.\\tBrewster, Okanogan County, WA\",\"RNUM\":\"196\"},{\"CASE_NUMBER\":\"H-300-14321-198839\",\"LASTMOD_DATE\":\"19-JUN-18\",\"JOB_ADDR1\":\"\",\"JOB_ADDR2\":\"\",\"JOB_CITY\":\"\",\"JOB_COUNTY\":\"\",\"JOB_STATE\":\"\",\"JOB_POSTCODE\":\"\",\"JOB_MULITPLESITES\":\"\",\"STATE_TERRITORY\":\"Washington\",\"AREA_BASED_ON\":\"Other\",\"AREA\":\"Snyder Flats\\tCanyon Wires\\tKnapp Hill Rd.\\tBrewster, Okanogan County, WA\",\"RNUM\":\"197\"},{\"CASE_NUMBER\":\"H-300-14321-198839\",\"LASTMOD_DATE\":\"19-JUN-18\",\"JOB_ADDR1\":\"\",\"JOB_ADDR2\":\"\",\"JOB_CITY\":\"\",\"JOB_COUNTY\":\"\",\"JOB_STATE\":\"\",\"JOB_POSTCODE\":\"\",\"JOB_MULITPLESITES\":\"\",\"STATE_TERRITORY\":\"Washington\",\"AREA_BASED_ON\":\"Other\",\"AREA\":\"Brewster South\\tColumbia View Orchard  Larry\\tHWY 97 S of Brewster\\tBrewster, Okanogan County, WA\",\"RNUM\":\"198\"}],\"DOL_ETA_EMPLOYERS\" : [{\"CASE_NUMBER\":\"H-300-14321-198839\",\"LASTMOD_DATE\":\"19-JUN-18\",\"EMP_BUSINESS_NAME\":\"REPO LLC\",\"EMP_TRADE_NAME\":\"\",\"EMP_ADDR1\":\"PO BOX 7\",\"EMP_ADDR2\":\"\",\"EMP_CITY\":\"BREWSTER\",\"EMP_STATE\":\"WA\",\"EMP_POSTCODE\":\"98812\",\"EMP_COUNTRY\":\"UNITED STATES OF AMERICA\",\"EMP_PROVINCE\":\"\",\"EMP_PHONE\":\"509-689-6050\",\"EMP_PHONEEXT\":\"\",\"EMP_FEIN\":\"710876063\",\"EMP_NAICS\":\"\",\"NAICS_TEXT\":\"\",\"EMP_NUMEMPLOYEES\":\"\",\"EMP_GROSSRECEIPTS\":\"\",\"EMP_YEAREST\":\"\",\"EMP_TYPE\":\"\",\"SUB_CERTIFIED\":\"0\",\"SUB_CERT_BEGIN_DATE\":\"06-JAN-15\",\"SUB_CERT_END_DATE\":\"15-MAY-15\",\"RNUM\":\"2\"},{\"CASE_NUMBER\":\"H-300-14321-198839\",\"LASTMOD_DATE\":\"19-JUN-18\",\"EMP_BUSINESS_NAME\":\"TJF PROPERTIES LLC\",\"EMP_TRADE_NAME\":\"\",\"EMP_ADDR1\":\"PO BOX 7\",\"EMP_ADDR2\":\"\",\"EMP_CITY\":\"BREWSTER\",\"EMP_STATE\":\"WA\",\"EMP_POSTCODE\":\"98812\",\"EMP_COUNTRY\":\"UNITED STATES OF AMERICA\",\"EMP_PROVINCE\":\"\",\"EMP_PHONE\":\"509-689-6050\",\"EMP_PHONEEXT\":\"\",\"EMP_FEIN\":\"271440310\",\"EMP_NAICS\":\"\",\"NAICS_TEXT\":\"\",\"EMP_NUMEMPLOYEES\":\"\",\"EMP_GROSSRECEIPTS\":\"\",\"EMP_YEAREST\":\"\",\"EMP_TYPE\":\"\",\"SUB_CERTIFIED\":\"0\",\"SUB_CERT_BEGIN_DATE\":\"06-JAN-15\",\"SUB_CERT_END_DATE\":\"15-MAY-15\",\"RNUM\":\"3\"},{\"CASE_NUMBER\":\"H-300-14321-198839\",\"LASTMOD_DATE\":\"19-JUN-18\",\"EMP_BUSINESS_NAME\":\"BHPO LP DBA GEBBERS FARMS\",\"EMP_TRADE_NAME\":\"\",\"EMP_ADDR1\":\"PO BOX 7\",\"EMP_ADDR2\":\"\",\"EMP_CITY\":\"BREWSTER\",\"EMP_STATE\":\"WA\",\"EMP_POSTCODE\":\"98812\",\"EMP_COUNTRY\":\"UNITED STATES OF AMERICA\",\"EMP_PROVINCE\":\"\",\"EMP_PHONE\":\"509-686-6050\",\"EMP_PHONEEXT\":\"\",\"EMP_FEIN\":\"760707748\",\"EMP_NAICS\":\"\",\"NAICS_TEXT\":\"\",\"EMP_NUMEMPLOYEES\":\"\",\"EMP_GROSSRECEIPTS\":\"\",\"EMP_YEAREST\":\"\",\"EMP_TYPE\":\"\",\"SUB_CERTIFIED\":\"0\",\"SUB_CERT_BEGIN_DATE\":\"06-JAN-15\",\"SUB_CERT_END_DATE\":\"15-MAY-15\",\"RNUM\":\"4\"},{\"CASE_NUMBER\":\"H-300-14321-198839\",\"LASTMOD_DATE\":\"19-JUN-18\",\"EMP_BUSINESS_NAME\":\"P AND G ORCHARDS LLC\",\"EMP_TRADE_NAME\":\"\",\"EMP_ADDR1\":\"PO BOX 7\",\"EMP_ADDR2\":\"\",\"EMP_CITY\":\"BREWSTER\",\"EMP_STATE\":\"WA\",\"EMP_POSTCODE\":\"98812\",\"EMP_COUNTRY\":\"UNITED STATES OF AMERICA\",\"EMP_PROVINCE\":\"\",\"EMP_PHONE\":\"509-689-6050\",\"EMP_PHONEEXT\":\"\",\"EMP_FEIN\":\"910883350\",\"EMP_NAICS\":\"\",\"NAICS_TEXT\":\"\",\"EMP_NUMEMPLOYEES\":\"\",\"EMP_GROSSRECEIPTS\":\"\",\"EMP_YEAREST\":\"\",\"EMP_TYPE\":\"\",\"SUB_CERTIFIED\":\"0\",\"SUB_CERT_BEGIN_DATE\":\"06-JAN-15\",\"SUB_CERT_END_DATE\":\"15-MAY-15\",\"RNUM\":\"5\"},{\"CASE_NUMBER\":\"H-300-14321-198839\",\"LASTMOD_DATE\":\"19-JUN-18\",\"EMP_BUSINESS_NAME\":\"WESTCO ORCHARDS LLC\",\"EMP_TRADE_NAME\":\"\",\"EMP_ADDR1\":\"PO BOX 7\",\"EMP_ADDR2\":\"\",\"EMP_CITY\":\"BREWSTER\",\"EMP_STATE\":\"WA\",\"EMP_POSTCODE\":\"98812\",\"EMP_COUNTRY\":\"UNITED STATES OF AMERICA\",\"EMP_PROVINCE\":\"\",\"EMP_PHONE\":\"509-689-6050\",\"EMP_PHONEEXT\":\"\",\"EMP_FEIN\":\"463963820\",\"EMP_NAICS\":\"\",\"NAICS_TEXT\":\"\",\"EMP_NUMEMPLOYEES\":\"\",\"EMP_GROSSRECEIPTS\":\"\",\"EMP_YEAREST\":\"\",\"EMP_TYPE\":\"\",\"SUB_CERTIFIED\":\"0\",\"SUB_CERT_BEGIN_DATE\":\"06-JAN-15\",\"SUB_CERT_END_DATE\":\"15-MAY-15\",\"RNUM\":\"6\"}]} }"
  }
}