[
    {"name": "Alberta - AB", "abbreviation": "CA-AB"
    },
    {"name": "British Columbia - BC", "abbreviation": "CA-BC"
    },
    {"name": "Newfoundland - NL", "abbreviation": "CA-NL"
    },
    {"name": "Manitoba - MB", "abbreviation": "CA-MB"
    },
    {"name": "New Brunswick - NB", "abbreviation": "CA-NB"
    },
    {"name": "Nova Scotia - NS", "abbreviation": "CA-NS"
    },
    {"name": "Nunavut - NU", "abbreviation": "CA-NU"
    },
    {"name": "North West Terr. - NT", "abbreviation": "CA-NT"
    },
    {"name": "Ontario - ON", "abbreviation": "CA-ON"
    },
    {"name": "Prince Edward Is. - PE", "abbreviation": "CA-PE"
    },
    {"name": "Quebec - QC", "abbreviation": "CA-QC"
    },
    {"name": "Saskatchewan - SK", "abbreviation": "CA-SK"
    },
    {"name": "Yukon - YT", "abbreviation": "CA-YT"
    }
]