[
    {"name": "Alabama - AL", "abbreviation": "US-AL"
    },
    {"name": "Alaska - AK", "abbreviation": "US-AK"
    },
    {"name": "American Samoa - AS", "abbreviation": "US-AS"
    },
    {"name": "Arizona - AZ", "abbreviation": "US-AZ"
    },
    {"name": "Arkansas - AR", "abbreviation": "US-AR"
    },
    {"name": "California - CA", "abbreviation": "US-CA"
    },
    {"name": "Colorado - CO", "abbreviation": "US-CO"
    },
    {"name": "Connecticut - CT", "abbreviation": "US-CT"
    },
    {"name": "Delaware - DE", "abbreviation": "US-DE"
    },
    {"name": "District of Columbia - DC", "abbreviation": "US-DC"
    },
    {"name": "Federated States Of Micronesia - FM", "abbreviation": "US-FM"
    },
    {"name": "Florida - FL", "abbreviation": "US-FL"
    },
    {"name": "Georgia - GA", "abbreviation": "US-GA"
    },
    {"name": "Guam - GU", "abbreviation": "US-GU"
    },
    {"name": "Hawaii - HI", "abbreviation": "US-HI"
    },
    {"name": "Idaho - ID", "abbreviation": "US-ID"
    },
    {"name": "Illinois - IL", "abbreviation": "US-IL"
    },
    {"name": "Indiana - IN", "abbreviation": "US-IN"
    },
    {"name": "Iowa - IA", "abbreviation": "US-IA"
    },
    {"name": "Kansas - KS", "abbreviation": "US-KS"
    },
    {"name": "Kentucky - KY", "abbreviation": "US-KY"
    },
    {"name": "Louisiana - LA", "abbreviation": "US-LA"
    },
    {"name": "Maine - ME", "abbreviation": "US-ME"
    },
    {"name": "Marshall Island - MH", "abbreviation": "US-MH"
    },
    {"name": "Maryland - MD", "abbreviation": "US-MD"
    },
    {"name": "Massachusetts - MA", "abbreviation": "US-MA"
    },
    {"name": "Michigan - MI", "abbreviation": "US-MI"
    },
    {"name": "Minnesota - MN", "abbreviation": "US-MN"
    },
    {"name": "Mississippi - MS", "abbreviation": "US-MS"
    },
    {"name": "Missouri - MO", "abbreviation": "US-MO"
    },
    {"name": "Montana - MT", "abbreviation": "US-MT"
    },
    {"name": "Nebraska - NE", "abbreviation": "US-NE"
    },
    {"name": "Nevada - NV", "abbreviation": "US-NV"
    },
    {"name": "New Hampshire - NH", "abbreviation": "US-NH"
    },
    {"name": "New Jersey - NJ", "abbreviation": "US-NJ"
    },
    {"name": "New Mexico - NM", "abbreviation": "US-NM"
    },
    {"name": "New York - NY", "abbreviation": "US-NY"
    },
    {"name": "North Carolina - NC", "abbreviation": "US-NC"
    },
    {"name": "North Dakota - ND", "abbreviation": "US-ND"
    },
    {"name": "Northern Mariana Islands - MP", "abbreviation": "US-MP"
    },
    {"name": "Ohio - OH", "abbreviation": "US-OH"
    },
    {"name": "Oklahoma - OK", "abbreviation": "US-OK"
    },
    {"name": "Oregon - OR", "abbreviation": "US-OR"
    },
    {"name": "Palau - PW", "abbreviation": "US-PW"
    },
    {"name": "Pennsylvania - PA", "abbreviation": "US-PA"
    },
    {"name": "Puerto Rico - PR", "abbreviation": "US-PR"
    },
    {"name": "Rhode Island - RI", "abbreviation": "US-RI"
    },
    {"name": "South Carolina - SC", "abbreviation": "US-SC"
    },
    {"name": "South Dakota - SD", "abbreviation": "US-SD"
    },
    {"name": "Tennessee - TN", "abbreviation": "US-TN"
    },
    {"name": "Texas - TX", "abbreviation": "US-TX"
    },
    {"name": "Utah - UT", "abbreviation": "US-UT"
    },
    {"name": "Vermont - VT", "abbreviation": "US-VT"
    },
    {"name": "Virgin Islands - VI", "abbreviation": "US-VI"
    },
    {"name": "Virginia - VA", "abbreviation": "US-VA"
    },
    {"name": "Washington - WA", "abbreviation": "US-WA"
    },
    {"name": "West Virginia - WV", "abbreviation": "US-WV"
    },
    {"name": "Wisconsin - WI", "abbreviation": "US-WI"
    },
    {"name": "Wyoming - WY", "abbreviation": "US-WY"
    }
]