<?xml version="1.0" encoding="UTF-8" standalone="no"?>
<installcomponents>
    <assemblyProperties displayName="TIBCO Rendezvous Development"/>
    <installcomponent buildType="formal" currenttimestamp="02-11-2014-10-50-PM" prefix="product_tibco" sizeinbytes="145591" uid="rv_development" version="8.4.2.005">
        <file loc="include/tibrv/tibrv.h" md5sum="15d6bf5d0b86903f9711d759da12ff76" perm="444" sizeinbytes="1193" timestamp="1392151131000"/>
        <file loc="include/tibrv/events.h" md5sum="b4f58d60c675f700a85ae0b82616d023" perm="444" sizeinbytes="3323" timestamp="1392151131000"/>
        <file loc="include/tibrv/sd.h" md5sum="f38ffd8731c2a6be6bf6fcb62426ee38" perm="444" sizeinbytes="1284" timestamp="1392151132000"/>
        <file loc="include/tibrv/queue.h" md5sum="9635081bac2b23a494312b1c27ef2a09" perm="444" sizeinbytes="2903" timestamp="1392151131000"/>
        <file loc="include/tibrv/cm.h" md5sum="2efab12b0a08ea981c687dfe04117056" perm="444" sizeinbytes="9786" timestamp="1392151132000"/>
        <file loc="include/tibrv/sdcpp.h" md5sum="557edd6b7b4899a57ddc997fcf5498e4" perm="444" sizeinbytes="1520" timestamp="1392151133000"/>
        <file loc="include/tibrv/tibrvcpp.h" md5sum="c858c1eff12a1478f89e8189c98947ac" perm="444" sizeinbytes="37255" timestamp="1392151133000"/>
        <file loc="include/tibrv/qgroup.h" md5sum="50e7b9c9db8f64fc30e2097ca1a6232c" perm="444" sizeinbytes="1427" timestamp="1392151131000"/>
        <file loc="include/tibrv/cmcpp.h" md5sum="9ef8692a806ce5049ee98ced548cbfa2" perm="444" sizeinbytes="11092" timestamp="1392151133000"/>
        <file loc="include/tibrv/handler.h" md5sum="ba1f3edb8c105bb4fd61b623d72ce0b7" perm="444" sizeinbytes="2645" timestamp="1392151131000"/>
        <file loc="include/tibrv/msg.h" md5sum="fd6794ef735cf39140085a10c31316c8" perm="444" sizeinbytes="15851" timestamp="1392151131000"/>
        <file loc="include/tibrv/msgx.h" md5sum="cd210653358f83669b50839b64bcc313" perm="444" sizeinbytes="18901" timestamp="1392151131000"/>
        <file loc="include/tibrv/tport.h" md5sum="84475130e5e5b8f9e9c74cdafa7f5bf2" perm="444" sizeinbytes="3532" timestamp="1392151131000"/>
        <file loc="include/tibrv/types.h" md5sum="cfdee28b66aa6ad1e835296ee15449f5" perm="444" sizeinbytes="6703" timestamp="1392151131000"/>
        <file loc="include/tibrv/status.h" md5sum="a9d65caf134b2e9887bf052f292e5cd1" perm="444" sizeinbytes="3199" timestamp="1392151131000"/>
        <file loc="include/tibrv/ft.h" md5sum="4591ab4d96467e92e1d6ced267688964" perm="444" sizeinbytes="3971" timestamp="1392151132000"/>
        <file loc="include/tibrv/disp.h" md5sum="aececd7a4db995030c56514670cfa3ce" perm="444" sizeinbytes="1265" timestamp="1392151132000"/>
        <file loc="include/tibrv/ftcpp.h" md5sum="1deede8dcbf536b9277cff165ef71410" perm="444" sizeinbytes="7453" timestamp="1392151133000"/>
    </installcomponent>
    <directorylist>
        <dir loc="include" perm="664" sizeinbytes="141495"/>
        <dir loc="include/tibrv" perm="664" sizeinbytes="137399"/>
    </directorylist>
</installcomponents>
