<?xml version="1.0" encoding="UTF-8" standalone="no"?>
<installcomponents>
    <assemblyProperties displayName="Third Party Core Libraries - Tomcat" installLocation="${tpcl.home}"/>
    <wizardAction class="com.tibco.installer.wizard.action.TIBCODoStuffWithFilesWizardAction" sequence="post-selection">
        <condition class="com.tibco.installer.wizard.condition.TIBCOFileExistsWizardCondition">
            <property mustBeMet="true"/>
            <property filename="${tpcl.home.esc}/tomcat"/>
        </condition>
        <property sourceFile="${tpcl.home.esc}/tomcat"/>
        <property targetFile="${tpcl.home.esc}/tomcat.5.5.30"/>
        <property fileAction="rename"/>
        <property overwriteExistingFile="true"/>
    </wizardAction>
    <installcomponent buildType="formal" currenttimestamp="10-23-2012-07-46-PM" prefix="product_tibco" sizeinbytes="7451128" uid="tpcl_tomcat" version="7.0.30.001">
        <file loc="lib/servlet.jar" md5sum="dfffff559259274cb4da6bbedd0a9e6d" perm="755" sizeinbytes="79265" timestamp="1094849261000"/>
        <file loc="lib/jdbc2_0-stdext.jar" md5sum="f5b32e6765aa4eaa33a849414820d17f" perm="755" sizeinbytes="6727" timestamp="1094849261000"/>
        <file loc="lib/jndi.jar" md5sum="aa7a3c262bddca84341fba3dc9a8349e" perm="755" sizeinbytes="98496" timestamp="1094849262000"/>
        <file loc="lib/naming-common.jar" md5sum="f19f5edfed00267a3ce8d978b18bba5e" perm="755" sizeinbytes="28520" timestamp="1094849261000"/>
        <file loc="lib/commons-pool.jar" md5sum="6d55437b18d48ee331e9766f798d145c" perm="755" sizeinbytes="28930" timestamp="1094849261000"/>
        <file loc="lib/commons-dbcp.jar" md5sum="4c7403f57691791dda96f3c2cf540e7b" perm="755" sizeinbytes="62998" timestamp="1094849261000"/>
        <file loc="lib/commons-collections.jar" md5sum="fffa9d12511eb1bf3aa8dd8393b51845" perm="755" sizeinbytes="165119" timestamp="1094849261000"/>
        <file loc="lib/servlets-manager.jar" md5sum="f1d19d9408d72961936da5b55af335d2" perm="755" sizeinbytes="18929" timestamp="1094849262000"/>
        <file loc="lib/tomcat-jk2.jar" md5sum="ba23000399db1448043aea19ff60ac2d" perm="755" sizeinbytes="81292" timestamp="1094849262000"/>
        <file loc="lib/jaas.jar" md5sum="8582d6061bbeee1cb2fa5d1e29610dfc" perm="755" sizeinbytes="104195" timestamp="1094849262000"/>
        <file loc="lib/jta.jar" md5sum="4216fb6e7cc911ed3df09f85375c800f" perm="755" sizeinbytes="8674" timestamp="1094849262000"/>
        <file loc="lib/commons-logging-api.jar" md5sum="6c295d399582842dba8ea375239c2c66" perm="755" sizeinbytes="22327" timestamp="1094849261000"/>
        <file loc="lib/commons-fileupload-1.0.jar" md5sum="1112fc5e1e8be8d9c76c2bbe995eacc6" perm="755" sizeinbytes="22379" timestamp="1094849262000"/>
        <file loc="lib/tomcat-warp.jar" md5sum="e938097d72979f70f92727cee9f129af" perm="755" sizeinbytes="23336" timestamp="1094849262000"/>
        <file loc="lib/jakarta-regexp-1.2.jar" md5sum="3b84ed4e6e5ceaf677200ca5784cde8e" perm="755" sizeinbytes="29871" timestamp="1094849262000"/>
        <file loc="lib/servlets-common.jar" md5sum="4094452d7f0e293a1bbbb7f579e9db20" perm="755" sizeinbytes="7031" timestamp="1094849262000"/>
        <file loc="lib/tomcat-http11.jar" md5sum="f82cc5984c90e71fe5699ca50ed2a930" perm="755" sizeinbytes="40274" timestamp="1094849262000"/>
        <file loc="lib/commons-beanutils.jar" md5sum="79f469610dc0f76ee27a74f198858b6b" perm="755" sizeinbytes="118726" timestamp="1094849262000"/>
        <file loc="lib/tomcat-jk.jar" md5sum="597b1dfe310ad613f3f76d5051859a40" perm="755" sizeinbytes="65086" timestamp="1094849262000"/>
        <file loc="lib/commons-digester.jar" md5sum="4bab2d22aa4dc855b13780237831d1f4" perm="755" sizeinbytes="109096" timestamp="1094849262000"/>
        <file loc="tomcat/7/lib/ecj-3.7.2.jar" md5sum="b04ecb4047deed7347188825a062d30e" perm="755" sizeinbytes="1749257" timestamp="1346604738000"/>
        <file loc="tomcat/7/lib/tomcat-coyote.jar" md5sum="4ba812a493c12df6bee1361c7df7cda7" perm="755" sizeinbytes="792485" timestamp="1346604738000"/>
        <file loc="tomcat/7/lib/tomcat-dbcp.jar" md5sum="cdc9688c792b2c7624741773c0750281" perm="755" sizeinbytes="235411" timestamp="1346604738000"/>
        <file loc="tomcat/7/lib/tomcat-util.jar" md5sum="9d023b866ab4313a68b12532ee1666e0" perm="755" sizeinbytes="23079" timestamp="1346604738000"/>
        <file loc="tomcat/7/lib/catalina-ant.jar" md5sum="b48ea88684decbbcf314b6b2ed5023ff" perm="755" sizeinbytes="54803" timestamp="1346604738000"/>
        <file loc="tomcat/7/lib/catalina-ha.jar" md5sum="98bd7dd4aea8bd875f5fc0c7705afd44" perm="755" sizeinbytes="131933" timestamp="1346604738000"/>
        <file loc="tomcat/7/lib/catalina.jar" md5sum="a104e054484de3b6753e2cbabe8728b4" perm="755" sizeinbytes="1553512" timestamp="1346604738000"/>
        <file loc="tomcat/7/lib/tomcat-i18n-fr.jar" md5sum="c132723cf08d8f506f2c7a5df2a994b4" perm="755" sizeinbytes="48670" timestamp="1346604738000"/>
        <file loc="tomcat/7/lib/catalina-tribes.jar" md5sum="a111abd7d6f7ef8ee05b17c4242f0e69" perm="755" sizeinbytes="254579" timestamp="1346604738000"/>
        <file loc="tomcat/7/lib/el-api.jar" md5sum="2097067b030fcd8a53ae240c655b8e6c" perm="755" sizeinbytes="46085" timestamp="1346604738000"/>
        <file loc="tomcat/7/lib/annotations-api.jar" md5sum="9f5f86c62ff4e7b72422477d1c7df6aa" perm="755" sizeinbytes="15264" timestamp="1346604738000"/>
        <file loc="tomcat/7/lib/servlet-api.jar" md5sum="121431e1cbbeaa1dca7607c174db6124" perm="755" sizeinbytes="177208" timestamp="1346604738000"/>
        <file loc="tomcat/7/lib/tomcat-jdbc.jar" md5sum="935edf5f7df8533a3ee79c5dab88a989" perm="755" sizeinbytes="123540" timestamp="1346604738000"/>
        <file loc="tomcat/7/lib/jasper.jar" md5sum="8c8004fa7f6f7d8171db316046de3839" perm="755" sizeinbytes="591746" timestamp="1346604738000"/>
        <file loc="tomcat/7/lib/jsp-api.jar" md5sum="24aea093925cd32ce19cf4f89b080458" perm="755" sizeinbytes="88690" timestamp="1346604738000"/>
        <file loc="tomcat/7/lib/tomcat-api.jar" md5sum="9edef7989fc07dc8943af2e8965dfe08" perm="755" sizeinbytes="6873" timestamp="1346604738000"/>
        <file loc="tomcat/7/lib/tomcat-i18n-ja.jar" md5sum="b4b7bdac09a825687ded607973f7a405" perm="755" sizeinbytes="51643" timestamp="1346604738000"/>
        <file loc="tomcat/7/lib/jasper-el.jar" md5sum="84ba0ce0d21363b902be1155135964d8" perm="755" sizeinbytes="123208" timestamp="1346604738000"/>
        <file loc="tomcat/7/lib/tomcat-i18n-es.jar" md5sum="ab58ab56271d20923f93311d6253bdb4" perm="755" sizeinbytes="77339" timestamp="1346604738000"/>
        <file loc="tomcat/7/lib/tomcat-juli-adapters.jar" md5sum="438c27a5cc0d9a95b6fff1d7d60c3f78" perm="755" sizeinbytes="32078" timestamp="1349464652000"/>
        <file loc="tomcat/7/bin/tomcat-juli.jar" md5sum="7d5d500f022bd552b6c5ccabf17737d8" perm="755" sizeinbytes="74738" timestamp="1349464660000"/>
        <file loc="tomcat/7/bin/bootstrap.jar" md5sum="ec157487877a73ae9ab7c65679f0023d" perm="755" sizeinbytes="28898" timestamp="1346604738000"/>
        <file loc="tomcat/7/bin/commons-daemon.jar" md5sum="ff4caa783a8726b7b4a6c3a7bf678687" perm="755" sizeinbytes="24242" timestamp="1346604738000"/>
    </installcomponent>
    <directorylist>
        <dir loc="lib" perm="664" sizeinbytes="1125367"/>
        <dir loc="tomcat" perm="664" sizeinbytes="6321665"/>
        <dir loc="tomcat/7" perm="664" sizeinbytes="6317569"/>
        <dir loc="tomcat/7/lib" perm="664" sizeinbytes="6181499"/>
        <dir loc="tomcat/7/bin" perm="664" sizeinbytes="131974"/>
    </directorylist>
</installcomponents>
