<?xml version="1.0" encoding="UTF-8"?>
<project name="designer-post-install" default="post-install">

	<fail unless="tibco.home.esc" message="tibco.home.esc property not set."/>
	<fail unless="tibco.designer.home.esc" message="tibco.designer.home.esc property not set."/>
     
	<target name="init">
		<echo message="Post Installation of TIBCO Designer" />
		<echo message="tibco.home.esc=${tibco.home.esc}"/>
		<echo message="tibco.designer.home.esc=${tibco.designer.home.esc}"/>
		<available file="${tibco.designer.home.esc}/bin/designer.tra_prev" property="dsg.tra.prev"/>

		<condition property="designer.tra.prev.present">
			<equals arg1="${dsg.tra.prev}" arg2="true"/>
		</condition>
	</target>

	<target name="post-install" depends="init,checkOS,substituteVarsTra,migrateDesignerTra,restorePreviousDesignerTra">
		<echo message="End of Post Installation of TIBCO Designer" />
	</target>

	<target name="substituteVarsTra">
	<macrodef name="tra.tasks">
		<attribute name="file" />
		<attribute name="dest" />
		<attribute name="wrap" />
		<sequential>
		<copy file="${tibco.home.esc}/tools/wrapper/@{wrap}${tibco.wrapper.extension}" tofile="@{dest}/@{file}${tibco.wrapper.extension}" preservelastmodified="true" verbose="true" failonerror="true"/>
		<echo message="Changing permissions for @{dest}/@{file}${tibco.wrapper.extension}"/> 
		<chmod file="@{dest}/@{file}${tibco.wrapper.extension}" perm="u+x" verbose="true" failonerror="true" />
		<echo message="Substituting variables for @{dest}/@{file}.tra"/> 
		<replace file="@{dest}/@{file}.tra">
			<replacefilter token="%TIBCO_HOME_ESC%" value="${tibco.home.esc}"/>
			<replacefilter token="%TIBCO_JAVA_VERSION%" value="${tibco.java.version}"/>
			<replacefilter token="%TIBCO_JAVA_HOME_ESC%" value="${tibco.java.home.esc}"/>
			<replacefilter token="%TIBCO_JVM_LIB_ESC%" value="${tibco.jvm.lib.esc}"/>
			<replacefilter token="%TIBCO_JVM_LIB_DIR_ESC%" value="${tibco.jvm.lib.dir.esc}"/>
			<replacefilter token="%TIBCO_JVM_LIB_SERVER_ESC%" value="${tibco.jvm.lib.server.esc}"/>
			<replacefilter token="%TIBCO_JVM_LIB_SERVER_DIR_ESC%" value="${tibco.jvm.lib.server.dir.esc}"/>
			<replacefilter token="%TIBCO_JVM_LIB_CLIENT_ESC%" value="${tibco.jvm.lib.client.esc}"/>
			<replacefilter token="%TIBCO_JVM_LIB_CLIENT_DIR_ESC%" value="${tibco.jvm.lib.client.dir.esc}"/>
			<replacefilter token="%PSP%" value="${psp}"/>
			<replacefilter token="%FSP%" value="${fsp}"/>

			<!-- custom Variables -->

			<replacefilter token="%PS%" value="${psp}"/>

			<!-- TIBCO_JVM_FLAVOR is not needed as JVM_LIB_DIR_ESC includes it -->
			<replacefilter token="%TIBCO_JVM_FLAVOR%" value=""/>

			<replacefilter token="%TIBCO_RV_HOME_ESC%" value="${tibco.rv.home.esc}"/>
			<replacefilter token="%TIBCO_HAWK_HOME_ESC%" value="${tibco.hawk.home.esc}"/>
			<replacefilter token="%TIBCO_TPCL_HOME_ESC%" value="${tibco.tpcl.home.esc}"/>
			<replacefilter token="%TIBCO_TRA_HOME_ESC%" value="${tibco.tra.home.esc}"/>
			<replacefilter token="%TIBCO_TRA_APPEND_VERSION%" value="${tibco.tra.append.version}"/>
			<replacefilter token="%TIBCO_DESIGNER_HOME_ESC%" value="${tibco.designer.home.esc}"/>
		</replace>
			</sequential>
		</macrodef>

		<tra.tasks file="buildlibrary" dest="${tibco.designer.home.esc}/bin" wrap="${wrapper}"/>
		<tra.tasks file="designer" dest="${tibco.designer.home.esc}/bin" wrap="${guiwrap}"/>
		<tra.tasks file="validateproject" dest="${tibco.designer.home.esc}/bin" wrap="${wrapper}"/>
	</target>

	<target name="migrateDesignerTra">
		<java classname="com.tibco.postinstall.util.TIBCOMigrateProductTra" jvm="${tibco.java.home.esc}/bin/java">
			<arg value="${tibco.home}"/>
			<arg value="Designer"/>
			<arg value="tibco.env.CUSTOM_CP_EXT"/>
			<arg value="append"/>
			<arg value="bin/designer.tra"/>
			<arg value="${psp}"/>

			<classpath>
				<pathelement path="${tibco.tra.home.esc}/lib/install/TIBCOInstallerUtility.jar${psp}${tibco.home.esc}/tools/postinstall/lib/TIBCOpostinstallutility.jar"/>
			</classpath>
		</java>		
		<java classname="com.tibco.postinstall.util.TIBCOMigrateProductTra" jvm="${tibco.java.home.esc}/bin/java">
			<arg value="${tibco.home}"/>
			<arg value="Designer"/>
			<arg value="tibco.env.CUSTOM_PALETTE_PATH"/>
			<arg value="append"/>
			<arg value="bin/designer.tra"/>
			<arg value="${psp}"/>

			<classpath>
				<pathelement path="${tibco.tra.home.esc}/lib/install/TIBCOInstallerUtility.jar${psp}${tibco.home.esc}/tools/postinstall/lib/TIBCOpostinstallutility.jar"/>
			</classpath>
		</java>		
		<java classname="com.tibco.postinstall.util.TIBCOMigrateProductTra" jvm="${tibco.java.home.esc}/bin/java">
			<arg value="${tibco.home}"/>
			<arg value="Designer"/>
			<arg value="tibco.env.CUSTOM_PATH"/>
			<arg value="append"/>
			<arg value="bin/designer.tra"/>
			<arg value="${psp}"/>

			<classpath>
				<pathelement path="${tibco.tra.home.esc}/lib/install/TIBCOInstallerUtility.jar${psp}${tibco.home.esc}/tools/postinstall/lib/TIBCOpostinstallutility.jar"/>
			</classpath>
		</java>		
		<java classname="com.tibco.postinstall.util.TIBCOMigrateProductTra" jvm="${tibco.java.home.esc}/bin/java">
			<arg value="${tibco.home}"/>
			<arg value="Designer"/>
			<arg value="tibco.env.CUSTOM_LIB_PATH"/>
			<arg value="append"/>
			<arg value="bin/designer.tra"/>
			<arg value="${psp}"/>

			<classpath>
				<pathelement path="${tibco.tra.home.esc}/lib/install/TIBCOInstallerUtility.jar${psp}${tibco.home.esc}/tools/postinstall/lib/TIBCOpostinstallutility.jar"/>
			</classpath>
		</java>		
	</target>

	<target name="restorePreviousDesignerTra" if="designer.tra.prev.present">
		<echo message="Restoring ${tibco.designer.home.esc}/bin/designer.tra_prev as designer.tra"/>
		<copy file="${tibco.designer.home.esc}/bin/designer.tra_prev" tofile="${tibco.designer.home.esc}/bin/designer.tra" overwrite="true" verbose="true" />
	</target>

	<target name="pre-uninstall" depends="checkOS">
		<echo message="Pre-Uninstallation of TIBCO Designer" />
		<echo message="tibco.home.esc=${tibco.home.esc}" />
		<echo message="tibco.designer.home.esc=${tibco.designer.home.esc}" />

		<macrodef name="clean.tra.tasks">
		<attribute name="file" />
		<attribute name="dest" />
		<sequential>
			<delete file="@{dest}/@{file}.tra" verbose="true" />
			<delete file="@{dest}/@{file}${tibco.wrapper.extension}" verbose="true" />
		</sequential>
		</macrodef>

		<clean.tra.tasks file="buildlibrary" dest="${tibco.designer.home.esc}/bin"/>
		<clean.tra.tasks file="designer" dest="${tibco.designer.home.esc}/bin"/>
		<clean.tra.tasks file="validateproject" dest="${tibco.designer.home.esc}/bin"/>
	</target>

	<target name="checkOS" >
		<condition property="tibco.os.windows">
			<os family="windows" />
		</condition>
		<condition property="tibco.os.unix">
			<os family="unix" />
		</condition>        
		<condition property="wrapper" value="pwrap">
			<isset property="tibco.os.windows"/>
		</condition>        
		<condition property="guiwrap" value="gwrap">
			<isset property="tibco.os.windows"/>
		</condition>        
		<condition property="wrapper" value="wrap">
			<isset property="tibco.os.unix"/>
		</condition>        
		<condition property="guiwrap" value="wrap">
			<isset property="tibco.os.unix"/>
		</condition>        
	</target>
</project>
