<?xml version="1.0" encoding="UTF-8" standalone="no"?>
<installcomponents>
    <assemblyProperties description="Microsoft Visual C++ 2005 SP1 Redistributable (x64)" installLocation="${tibco.home}"/>
    <wizardAction class="com.tibco.installer.wizard.action.TIBCOExecuteProcessWizardAction" sequence="install">
        <property command="${tibco.home}/tools/vcredist_x64/vcredist_x64.exe"/>
        <property arguments="/q:a"/>
        <property workingDir="c:/"/>
        <property waitForCompletion="true"/>
        <property showProgress="true"/>
        <property description="Installing Microsoft Visual C++ 2005 SP1 Redistributable (x64) ..."/>
    </wizardAction>
    <installcomponent buildType="formal" currenttimestamp="01-16-2012-10-46-AM" prefix="product_tibco" sizeinbytes="3199312" uid="a_vcredistx64" version="2.2.1.001">
        <file loc="tools/vcredist_x64/vcredist_x64.exe" md5sum="4f7ceb1d42efb4288f83641bf30d5fc2" perm="775" sizeinbytes="3187024" timestamp="1326737611000"/>
    </installcomponent>
    <directorylist>
        <dir loc="tools" perm="664" sizeinbytes="3195216"/>
        <dir loc="tools/vcredist_x64" perm="664" sizeinbytes="3191120"/>
    </directorylist>
</installcomponents>
